error_ceiling,method,method_label,actual_total_ms,legacy_total_ms,score_median_ms,selector_median_ms,read_wall_median_ms,gather_median_ms,gemm_median_ms,selector_total_ms,io_median_ms,upload_median_ms,selected_fraction,chunks,row_match_rate
0.5,paper,Paper |x|,0.7535148743982137,0.722828398095846,0.030686476302367618,0.29980974577552916,0.3573280084225539,0.01593176492780071,0.049758878969962145,0.3304962220778968,0.10700545528356101,0.20946810799395937,0.3611491956970311,11.743365838112462,0.5238095238095238
0.5,cell1_abs,Cell-1 |x|,0.60583610281626,0.5751496265138923,0.030686476302367618,0.09970119787456216,0.4035140809388274,0.01526109242723881,0.056673255273263876,0.13038767417692984,0.11451823953115677,0.24789649929597227,0.439632305109663,6.597931297715039,1.0
0.5,cell1_x2,Cell-1 X²,0.5941006140231524,0.5606485928482706,0.03345202117488179,0.10051590445276538,0.38849703397370267,0.015505797065873713,0.056129857355928764,0.13396792562764717,0.1094377939671484,0.23846305755649813,0.4237825552137945,6.659694718049439,1.0
0.5,wcell1,WCell-1 X²·W²,0.5997625941211095,0.5631073559962079,0.03665523812490161,0.09888315619581452,0.3922085686410064,0.01565814035654118,0.05635749080284574,0.13553839432071615,0.1115362990147533,0.23945586680230982,0.42536039738240794,6.65478569152392,1.0
0.45,paper,Paper |x|,0.8176720123162496,0.7869855360138819,0.030686476302367618,0.3044377111553096,0.41278770082137206,0.01554254905880664,0.054217574978393496,0.33512418745767725,0.12139037723362214,0.2493020142431128,0.438470126416776,13.678719694285164,0.6410568930025767
0.45,cell1_abs,Cell-1 |x|,0.6533826532407138,0.6226961769383461,0.030686476302367618,0.10124911490795245,0.4508177161152875,0.015928652613480313,0.05470069330162574,0.13193559121032009,0.12738876136595578,0.28098629285725674,0.5047307279129676,6.888388376816295,1.0
0.45,cell1_x2,Cell-1 X²,0.6390482696747475,0.6055962484998656,0.03345202117488179,0.10093219258339094,0.43455288992579855,0.015704968828691032,0.05440619716198504,0.13438421375827275,0.12157067977603662,0.2715217969737924,0.49012060232127735,6.7748364288882446,1.0
0.45,wcell1,WCell-1 X²·W²,0.6492270475106102,0.6125718093857085,0.03665523812490161,0.09992373912103528,0.4427179560073348,0.015659783064500436,0.05427033119283786,0.1365789772459369,0.12663024872314635,0.27285855254226904,0.4910864033353611,6.886684741798423,1.0
0.42,paper,Paper |x|,0.8581069270643079,0.8274204507619403,0.030686476302367618,0.30736740043824134,0.44838788247822847,0.01664122258253079,0.055023945262939515,0.338053876740609,0.13000764113247334,0.2756986700307661,0.48950465794213377,14.931392772549938,0.8957392334820956
0.42,cell1_abs,Cell-1 |x|,0.6935540001434393,0.6628675238410715,0.030686476302367618,0.10049277436958713,0.4829535903437959,0.015700573302825798,0.06372058582486251,0.1311792506719548,0.13552493644330021,0.3053950708203323,0.5485611344640917,6.883751109987773,1.0
0.42,cell1_x2,Cell-1 X²,0.6852123124065967,0.651760291231715,0.03345202117488179,0.10044307900783299,0.4740410235229089,0.01580414527783229,0.06147204342314068,0.1338951001827148,0.1354524059963329,0.29648202292366255,0.5370685501111039,6.762275906427494,1.0
0.42,wcell1,WCell-1 X²·W²,0.6910498928609516,0.6543946547360501,0.03665523812490161,0.10028962993446804,0.47757971742775107,0.015588347796156664,0.06093695957767412,0.13694486805936967,0.13593638138027672,0.2991332711312641,0.5356436206776668,6.8678394779383485,1.0
0.4,paper,Paper |x|,0.890984573723153,0.8602980974207853,0.030686476302367618,0.31268475022652426,0.47338259730877447,0.016428378167506034,0.05780237171798051,0.3433712265288919,0.13767114131221483,0.29206175157450837,0.5195308408001482,15.731145206683191,0.8365233060508808
0.4,cell1_abs,Cell-1 |x|,0.7256154829466834,0.6949290066443157,0.030686476302367618,0.10162652152149979,0.5081585899763861,0.015865660486998844,0.06927823465943088,0.13231299782386743,0.14461881945748525,0.320807567791746,0.5766905371376341,6.754085229670685,1.0
0.4,cell1_x2,Cell-1 X²,0.7168154572788448,0.683363436103963,0.03345202117488179,0.10109620049700827,0.4989513058770853,0.015852078754941764,0.06746385097492749,0.13454822167189007,0.1429036159878178,0.31358646720165767,0.5670328786596627,6.692042187716821,1.0
0.4,wcell1,WCell-1 X²·W²,0.7200004011419814,0.6833451630170797,0.03665523812490161,0.10078544608703484,0.5001040121282044,0.015642296012133208,0.06681340878970701,0.13744068421193648,0.14192678188734464,0.31548252533165244,0.5648704396711441,6.799515081358338,1.0
0.35,paper,Paper |x|,0.9777247611559586,0.9470382848535909,0.030686476302367618,0.32312613249930777,0.5391633904728246,0.016262079077978903,0.06848668280347961,0.35381260880167537,0.15696126339900324,0.33792951369842955,0.6033525034948052,17.455851038752698,0.5300523658281938
0.35,cell1_abs,Cell-1 |x|,0.8011587360026272,0.7704722597002595,0.030686476302367618,0.10199424805383776,0.5739389090704541,0.016160103569497868,0.07837899900646968,0.1326807243562054,0.16648890619275641,0.36142144625596734,0.652324322225685,6.267960618944633,1.0
0.35,cell1_x2,Cell-1 X²,0.7857091665974367,0.7522571454225548,0.03345202117488179,0.10187835714707687,0.5566041177726033,0.01609545877245982,0.07767921173041485,0.13533037832195868,0.15775591509176293,0.35527559377328866,0.6419445983833784,6.2519138104942025,1.0
0.35,wcell1,WCell-1 X²·W²,0.7906539857733538,0.7539987476484522,0.03665523812490161,0.10119645945374503,0.5594021221558005,0.016051461796596105,0.0773487042423104,0.13785169757864665,0.1609451698011759,0.3533750540514785,0.6391104415379084,6.368459726165521,1.0
0.3,paper,Paper |x|,1.0626651176644717,1.031978641362104,0.030686476302367618,0.32698261604214063,0.6156882271425855,0.016386056810940405,0.07292174136643723,0.3576690923445083,0.184938166663254,0.38497424533125824,0.6870969307195458,19.00378069257598,0.6468501816236337
0.3,cell1_abs,Cell-1 |x|,0.8533174827721386,0.8226310064697708,0.030686476302367618,0.10299960624901731,0.6299122430491569,0.016797860261479548,0.07292129691011695,0.13368608255138495,0.18474758725128712,0.39899734250158736,0.7257194531495447,5.716322840170478,1.0
0.3,cell1_x2,Cell-1 X²,0.8481136210628609,0.8146615998879791,0.03345202117488179,0.10344694693021725,0.6209365191897382,0.01660148895473205,0.07367664481329149,0.13689896810509905,0.1807304647255073,0.3940857454567161,0.7199782091994744,5.773685112790869,1.0
0.3,wcell1,WCell-1 X²·W²,0.8496252801774754,0.8129700420525737,0.03665523812490161,0.10151302163233128,0.6207120516077144,0.016725756917657385,0.07401921189487057,0.1381682597572329,0.17983579736501876,0.39490260942622313,0.7182314249125916,5.779753466563885,1.0
0.25,paper,Paper |x|,1.1431611370027206,1.1124746607003528,0.030686476302367618,0.34075599929805345,0.682673778799046,0.016925983226378834,0.07211889937687443,0.3714424756004211,0.2119445861009144,0.4227768289444551,0.7597600380865503,19.6199253619566,0.9325212716618387
0.25,cell1_abs,Cell-1 |x|,0.9169347503259031,0.8862482740235353,0.030686476302367618,0.10425443007594909,0.6802490167538414,0.016656956819445297,0.08508787037429946,0.13494090637831674,0.1954618318442476,0.43885947359291294,0.802407998675755,4.694976522084483,1.0
0.25,cell1_x2,Cell-1 X²,0.9224349908660808,0.888982969691199,0.03345202117488179,0.10199033630104105,0.6863908129098556,0.01670972735860529,0.08389209312169701,0.13544235747592287,0.2016237190283676,0.437726179802177,0.7981936431541263,4.758590573970116,1.0
0.25,wcell1,WCell-1 X²·W²,0.9204356276724225,0.8837803895475208,0.03665523812490161,0.10052794142089629,0.6830416822429604,0.016764684015099635,0.08344608186856428,0.13718317954579792,0.2011740339439538,0.4351502533285499,0.7969490597528975,4.809177263184774,1.0
0.2,paper,Paper |x|,1.2339137010846988,1.203227224782331,0.030686476302367618,0.36100371104440304,0.7359615332741416,0.01682496316109806,0.08943701730268841,0.3916901873467707,0.22621253422332868,0.46261884225386174,0.8353172918733041,18.784530805346726,0.5935060195514991
0.2,cell1_abs,Cell-1 |x|,0.9926716600791929,0.9619851837768252,0.030686476302367618,0.10308493593055425,0.7395346995633527,0.01707288135918096,0.10229266692373723,0.13377141223292188,0.2183960340311624,0.4745176322367475,0.8659901126698313,3.756936989970622,1.0
0.2,cell1_x2,Cell-1 X²,0.9939721903878002,0.9605201692129182,0.03345202117488179,0.10296820318784494,0.738066376532941,0.017173488010501923,0.10231210148163022,0.13642022436272674,0.21906101439786252,0.4716718598332169,0.8654681905809252,3.7269009865965375,1.0
0.2,wcell1,WCell-1 X²·W²,1.0107560530694835,0.9741008149445818,0.03665523812490161,0.10159704735509711,0.7532779586331964,0.01710407895001734,0.10212173000627077,0.13825228547999874,0.22918552486976876,0.47572255517557577,0.8652615582415853,3.7432768399112986,1.0
0.15,paper,Paper |x|,1.3145272765755809,1.2838408002732131,0.030686476302367618,0.3731668383149821,0.7967558735519709,0.016920769487587823,0.09699731891867239,0.40385331461734975,0.2520538309863318,0.49563008665159775,0.8992271364214134,17.134195773252898,0.5251697464129859
0.15,cell1_abs,Cell-1 |x|,1.0349507877947304,1.0042643114923628,0.030686476302367618,0.10300986129805875,0.7829601542859203,0.01687420115922009,0.10142009474916383,0.1336963376004264,0.23113804836035928,0.5031628449704244,0.9220235039716133,2.7315784239118335,1.0
0.15,cell1_x2,Cell-1 X²,1.0271776662792897,0.993725645104408,0.03345202117488179,0.10357975089985091,0.7708283847864401,0.017365192358518827,0.1019523170595979,0.1370317720747327,0.22219122747218545,0.5008253350212031,0.9217372981011743,2.681689728394349,1.0
0.15,wcell1,WCell-1 X²·W²,1.0267257693605392,0.9900705312356375,0.03665523812490161,0.10099932130070384,0.770904241521379,0.016817110468732344,0.10134985794482217,0.13765455942560548,0.22267300388109523,0.5003491786732981,0.9219708529964329,2.6570204413120546,1.0
