trial,target_cv,spatial_mode,actual_cv,lag1_corr,first_half_mass,quant_build_ms,quant_peak_states
0,1.07,random,1.0700000000000003,-0.011322469476025405,0.5091398777687638,45.227753,1927
0,1.07,local,1.0700000000000003,0.9048461797465867,0.49449344298404113,42.887471,1749
0,1.07,hot-cold,1.0700000000000003,0.33291010309911434,0.7545648027641333,47.780002,2025
0,1.25,random,1.2500000000000002,0.00549216517121178,0.5027490064557105,50.303486,1858
0,1.25,local,1.2500000000000002,0.9131121353304313,0.5101994939884383,32.656004,1894
0,1.25,hot-cold,1.25,0.33059438372233874,0.7856133555423719,43.644825,1988
0,1.44,random,1.4400000000000002,-0.016016314882596454,0.48267481247409183,35.421351,1669
0,1.44,local,1.4400000000000002,0.9246474034215414,0.4665756699699747,31.670232,1734
0,1.44,hot-cold,1.4400000000000002,0.30289402586736525,0.8116211951038503,43.173364,1927
0,2.48,random,2.4800000000000004,-0.007768963905664074,0.49909326360183315,37.966887,1878
0,2.48,local,2.48,0.83835521532441,0.5171005742318677,31.100769,1790
0,2.48,hot-cold,2.4800000000000004,0.19963376882011816,0.8855975915913425,45.261146,1734
0,3.3,random,3.300000000000001,-0.011377639965038303,0.5394725589078847,40.3932,1934
0,3.3,local,3.300000000000001,0.8024772880321627,0.30218279856729025,27.891823,1427
0,3.3,hot-cold,3.300000000000001,0.13219011106631404,0.9076501319351443,44.949372,1574
0,4.55,random,4.55,0.023460028504465366,0.5119760122774434,36.492101,1740
0,4.55,local,4.550000000000001,0.6293844017369588,0.5083286859916945,27.485563,1410
0,4.55,hot-cold,4.550000000000001,0.049930946874046284,0.9224650196418142,44.85707,1646
0,9.19,random,9.19,-0.004494242742014324,0.5701231873781949,30.840382,1386
0,9.19,local,9.19,0.5426422238605674,0.4913236594178045,23.554058,1128
0,9.19,hot-cold,9.19,0.016428043537109797,0.9676876990252345,38.053639,1279
1,1.07,random,1.0700000000000003,0.012054290662461878,0.49381179186587626,36.297378,1857
1,1.07,local,1.0700000000000003,0.9072023087310661,0.5384125810622191,33.310587,1829
1,1.07,hot-cold,1.0700000000000003,0.3641924763370183,0.7585047613803902,43.335477,2026
1,1.25,random,1.25,0.003453640139064536,0.49944805388319446,36.427772,1965
1,1.25,local,1.25,0.9061081198145385,0.5353897558860181,35.596207,2002
1,1.25,hot-cold,1.25,0.35414085173072474,0.7800422910820649,42.290004,1986
1,1.44,random,1.4400000000000004,0.0456547218256296,0.4856301932874362,38.503049,1896
1,1.44,local,1.4400000000000006,0.9010326651523353,0.5071745959952487,33.72954,1925
1,1.44,hot-cold,1.4400000000000004,0.3361939329472951,0.8150275664259267,44.644984,1934
1,2.48,random,2.4799999999999995,-0.003943001929546531,0.4912563659585506,37.060693,1796
1,2.48,local,2.4799999999999995,0.889023031651523,0.47902599043052463,30.926993,1646
1,2.48,hot-cold,2.4799999999999995,0.16029940026474437,0.880467838374089,45.89491,1805
1,3.3,random,3.3000000000000003,0.049503888896219955,0.5325835982023295,39.877016,1733
1,3.3,local,3.3000000000000003,0.6783561961810288,0.5926645539989808,32.037087,1660
1,3.3,hot-cold,3.3,0.09715097418542461,0.887122511122826,44.245918,1678
1,4.55,random,4.550000000000002,-0.010467639341091475,0.4993305462691306,36.984621,1624
1,4.55,local,4.550000000000002,0.8882233590814286,0.346919379545248,25.529509,1203
1,4.55,hot-cold,4.550000000000002,0.050120810252793,0.926296049227703,43.856271,1616
1,9.19,random,9.19,0.010172303725060753,0.44375274208530135,27.234825,1243
1,9.19,local,9.19,0.749720553960284,0.7431227614742096,19.7976,848
1,9.19,hot-cold,9.190000000000001,0.14590489755792477,0.9944964723303991,31.915581,1022
2,1.07,random,1.07,-0.008017420328311719,0.4871631329470511,35.989863,1634
2,1.07,local,1.07,0.908293930953319,0.5113048957255183,34.929221,1940
2,1.07,hot-cold,1.07,0.3590705551727099,0.7605171546875115,43.018976,2026
2,1.25,random,1.2500000000000002,-0.01521625746440137,0.49796320528127036,35.460154,1943
2,1.25,local,1.2500000000000002,0.890364372990507,0.4824011347878479,33.672393,1784
2,1.25,hot-cold,1.2500000000000002,0.32749787522580887,0.7790812248276838,42.819754,1994
2,1.44,random,1.44,0.006990198178886302,0.48231427704714047,36.685633,1852
2,1.44,local,1.44,0.8807435408409647,0.49319062573769745,32.412749,1864
2,1.44,hot-cold,1.44,0.27326752585100644,0.7970506427506239,43.919739,1986
2,2.48,random,2.48,-0.012095768373776372,0.4915024019539028,39.213876,1813
2,2.48,local,2.4799999999999995,0.831112057349912,0.5354788113780663,32.376582,1595
2,2.48,hot-cold,2.48,0.24816037659907997,0.8748682251500975,45.934263,1721
2,3.3,random,3.3000000000000007,-0.0005483828138339633,0.5197532149363288,40.219555,1817
2,3.3,local,3.3000000000000007,0.6582991076735929,0.546175431424958,29.363182,1518
2,3.3,hot-cold,3.3000000000000016,0.11452478014621727,0.89091615440441,45.776258,1657
2,4.55,random,4.549999999999999,-0.0059265049581379275,0.5113235661839524,36.976507,1633
2,4.55,local,4.55,0.8001288639336597,0.6055923817269289,28.336373,1242
2,4.55,hot-cold,4.549999999999999,0.08037379864863749,0.9397037760407081,45.324333,1676
2,9.19,random,9.190000000000005,0.002425310514241404,0.5836975628281236,33.168291,1392
2,9.19,local,9.190000000000005,0.49170306402718894,0.3364192644989594,19.645315,907
2,9.19,hot-cold,9.190000000000005,0.07556462936825845,0.9737921239788633,36.772385,1213
3,1.07,random,1.07,0.0012229965425946466,0.5017500558322063,36.987727,1807
3,1.07,local,1.07,0.9268379565736735,0.5048146381843459,34.388751,1976
3,1.07,hot-cold,1.07,0.3569289609024739,0.7589057852248927,42.269375,2034
3,1.25,random,1.2500000000000002,0.01740497863285085,0.49564365892885054,35.499286,1649
3,1.25,local,1.25,0.9145050191573786,0.4824930215119451,33.683413,1943
3,1.25,hot-cold,1.25,0.3420480651722012,0.7840100370923851,43.783635,1975
3,1.44,random,1.4400000000000002,-0.004011673987819521,0.5087005934785113,42.177494,1796
3,1.44,local,1.4400000000000002,0.9436588470235405,0.5669270734720087,34.410602,1789
3,1.44,hot-cold,1.4400000000000002,0.35367668582704964,0.8159367360601983,44.987904,1987
3,2.48,random,2.480000000000001,0.006279656499955186,0.5070551617794844,38.246219,1887
3,2.48,local,2.480000000000001,0.6546673602123129,0.39792372315488966,30.243717,1679
3,2.48,hot-cold,2.480000000000001,0.13910859984016402,0.8615202718758418,45.792909,1787
3,3.3,random,3.300000000000001,0.047701077573283145,0.4922638887111654,35.849751,1841
3,3.3,local,3.3000000000000003,0.6171995534432583,0.428810373072554,30.012946,1630
3,3.3,hot-cold,3.3000000000000003,0.10151772939917544,0.8966777689883848,49.407302,1713
3,4.55,random,4.55,-0.005926112532516156,0.4961338463948972,37.602837,1611
3,4.55,local,4.550000000000002,0.8512062979405899,0.34987905008770503,24.571008,1338
3,4.55,hot-cold,4.55,0.08524358284434472,0.9441843045993825,43.705168,1437
3,9.19,random,9.19,0.0014758754217986108,0.557183234532391,30.623787,1355
3,9.19,local,9.19,0.7341432921200038,0.43761600682518087,21.908033,914
3,9.19,hot-cold,9.190000000000001,0.017831461317956678,0.9774496084215432,35.645039,1210
4,1.07,random,1.0700000000000003,0.000628106147413102,0.4897281290298233,34.951072,1668
4,1.07,local,1.07,0.8217938550419192,0.48581387241436236,33.51554,1845
4,1.07,hot-cold,1.0700000000000003,0.3335640220544319,0.7509144398106166,40.774693,2007
4,1.25,random,1.2500000000000002,-0.029294749158819505,0.5077136409306341,36.587459,1915
4,1.25,local,1.25,0.8036863968670618,0.45548257129439573,31.538988,1836
4,1.25,hot-cold,1.2500000000000002,0.2976007193471739,0.7700279168115538,41.127942,1971
4,1.44,random,1.4400000000000002,0.01111199244183362,0.49201020113924904,35.506339,1683
4,1.44,local,1.4400000000000002,0.8886096450824005,0.39140556127450205,31.747807,1888
4,1.44,hot-cold,1.4400000000000002,0.2821678617187837,0.8037344282199264,44.784004,1962
4,2.48,random,2.48,-0.0030970961408907775,0.5180583435300055,40.925144,1821
4,2.48,local,2.48,0.8337830388106816,0.5404747843442924,32.259673,1705
4,2.48,hot-cold,2.48,0.1842527674056763,0.8926984475149885,46.353266,1764
4,3.3,random,3.3000000000000003,-0.006609783492860862,0.4873279039959573,38.915098,1810
4,3.3,local,3.3000000000000007,0.706018903748963,0.4688499680401113,29.493515,1619
4,3.3,hot-cold,3.3000000000000007,0.10796446893517461,0.9032618217913189,46.738325,1717
4,4.55,random,4.55,0.010210831550438998,0.5189670608048957,35.952473,1685
4,4.55,local,4.549999999999998,0.575166787175495,0.5495871580191932,29.561512,1548
4,4.55,hot-cold,4.55,0.06038040986126305,0.9038587213082162,44.469076,1682
4,9.19,random,9.190000000000005,-0.002878538716703255,0.456072708598858,34.401966,1623
4,9.19,local,9.190000000000005,0.43512578932744267,0.6710875805408695,24.449671,1161
4,9.19,hot-cold,9.190000000000005,0.030272284268996565,0.9574161070181617,39.1353,1295
5,1.07,random,1.0700000000000005,0.021605748164387224,0.49886140149543123,35.414117,1713
5,1.07,local,1.0700000000000003,0.93286051221059,0.5194979181079799,35.091955,1933
5,1.07,hot-cold,1.0700000000000003,0.37016873151843654,0.7592532238439125,41.990545,2009
5,1.25,random,1.2499999999999998,0.00515445570879526,0.504925046811473,38.562619,1689
5,1.25,local,1.25,0.8653272828154366,0.38808876872361575,30.536344,1652
5,1.25,hot-cold,1.2499999999999998,0.331853445569241,0.7810917645603055,41.957974,1997
5,1.44,random,1.4400000000000002,-0.0018375342880849472,0.5026920734228337,37.183292,1878
5,1.44,local,1.4400000000000002,0.942337059155043,0.5415925979834526,32.226511,1718
5,1.44,hot-cold,1.4400000000000002,0.3187002742197352,0.8094884757561381,44.830611,1926
5,2.48,random,2.480000000000001,0.002756084534846958,0.48073764409667996,45.485785,1595
5,2.48,local,2.48,0.9443648647282258,0.6332089840070885,33.980629,1669
5,2.48,hot-cold,2.480000000000001,0.16892571829139194,0.8673873695753476,51.891593,1759
5,3.3,random,3.300000000000001,0.002702506423986375,0.4809424309167502,38.083264,1839
5,3.3,local,3.300000000000001,0.8355096518266705,0.5729687774051369,34.160324,1637
5,3.3,hot-cold,3.3000000000000003,0.11994529571149723,0.9143317655940384,44.891645,1618
5,4.55,random,4.550000000000001,-0.0022167879560336355,0.5349802988892107,43.86681,1608
5,4.55,local,4.550000000000002,0.5569405285316934,0.6598101808100495,30.659394,1434
5,4.55,hot-cold,4.550000000000002,0.057219371566032136,0.9099267638199546,55.16017,1625
5,9.19,random,9.190000000000005,-0.0034933546665563706,0.49135996621865285,40.813165,1380
5,9.19,local,9.190000000000005,0.23815669700625056,0.34868949897392043,22.478578,1131
5,9.19,hot-cold,9.190000000000003,0.043148100023580285,0.9574923582659827,45.672213,1265
6,1.07,random,1.07,-0.004020595557235518,0.4937210441267308,42.207159,1687
6,1.07,local,1.07,0.921166029864815,0.5348556088354589,34.894507,2026
6,1.07,hot-cold,1.07,0.3907128133110886,0.7677251870150148,48.728864,2021
6,1.25,random,1.25,-0.0067220199319841375,0.5025056670781574,46.73028,1893
6,1.25,local,1.25,0.9013099508824053,0.46549267353884677,33.697109,1836
6,1.25,hot-cold,1.25,0.29854313209627403,0.7725415274668942,41.429907,2012
6,1.44,random,1.4400000000000002,-0.0006523837852643267,0.5006043185796253,42.33043,1958
6,1.44,local,1.4400000000000002,0.9373578960819633,0.5630507671658227,35.031633,1862
6,1.44,hot-cold,1.4400000000000002,0.3257433632262651,0.8153173305836514,51.567187,1969
6,2.48,random,2.480000000000001,-0.006968576092319363,0.5054897315933331,45.447303,1769
6,2.48,local,2.480000000000001,0.7867763204167227,0.5163874866338389,31.158676,1686
6,2.48,hot-cold,2.48,0.15462084779655808,0.8755507495196508,52.55887,1793
6,3.3,random,3.3000000000000003,0.007383240868392317,0.5253419785790078,37.196437,1797
6,3.3,local,3.300000000000001,0.7576758617899522,0.5827406699765074,30.789136,1608
6,3.3,hot-cold,3.3000000000000003,0.12268258052692854,0.9159262624319158,46.88564,1776
6,4.55,random,4.550000000000001,-0.012682657296620495,0.47437187084951965,36.617746,1817
6,4.55,local,4.550000000000001,0.6109627643245772,0.5472771855267391,29.083028,1559
6,4.55,hot-cold,4.55,0.08017793937142127,0.9456948057990056,51.412889,1469
6,9.19,random,9.190000000000003,0.0006396091315182604,0.5965878199600795,32.296743,1431
6,9.19,local,9.190000000000001,0.6745925099811251,0.7293649991258492,20.66441,764
6,9.19,hot-cold,9.190000000000003,0.03448235877563331,0.9740339271884384,33.771218,1075
7,1.07,random,1.07,-0.0005950891180258746,0.49970885539000987,34.745298,1901
7,1.07,local,1.07,0.8645912143745357,0.49709950331664765,34.623129,1920
7,1.07,hot-cold,1.07,0.36315693261676896,0.7594719969429519,41.178727,1999
7,1.25,random,1.2500000000000002,0.012142977571004476,0.5033650806820205,36.33617,1596
7,1.25,local,1.25,0.893482833344452,0.44618432328265395,33.454005,1977
7,1.25,hot-cold,1.2500000000000002,0.2853880066598442,0.7778621820315692,42.372869,2004
7,1.44,random,1.44,0.004924968715044072,0.49442839669556027,35.167627,1600
7,1.44,local,1.4399999999999997,0.8869688452006587,0.5341479253095454,32.222674,1843
7,1.44,hot-cold,1.4400000000000002,0.2762746894950845,0.7947492216183599,42.857224,1915
7,2.48,random,2.48,-0.0027374311017248905,0.4884755128359292,39.725342,1859
7,2.48,local,2.48,0.7915202008469072,0.4880881283761322,31.934867,1550
7,2.48,hot-cold,2.48,0.1597121693519466,0.883275204276101,45.318141,1674
7,3.3,random,3.3000000000000003,0.013664114533368577,0.5028099426761431,38.91102,1779
7,3.3,local,3.3000000000000003,0.7109600706076458,0.48393190239667205,28.881742,1612
7,3.3,hot-cold,3.3,0.13447998039630826,0.9057849220037281,46.597773,1683
7,4.55,random,4.55,-0.011328901561820492,0.5122740312548888,45.339111,1696
7,4.55,local,4.55,0.8782052466901213,0.45891006631280545,23.29313,1197
7,4.55,hot-cold,4.55,0.06731716387020875,0.9611213357372419,41.161576,1288
7,9.19,random,9.19,-0.003412961635277178,0.4165400789860628,32.334423,1440
7,9.19,local,9.19,0.6118109280757477,0.4590298213451815,22.04581,896
7,9.19,hot-cold,9.19,0.027563478169480283,0.9733817693421614,38.170638,1346
8,1.07,random,1.0699999999999996,-0.003799461989470401,0.48938125747386435,34.994643,1589
8,1.07,local,1.0699999999999996,0.8616918082934579,0.5340018030349939,35.116251,1970
8,1.07,hot-cold,1.0699999999999996,0.37742738568328493,0.7526008243633322,43.9681,2011
8,1.25,random,1.2499999999999998,0.00632334626671555,0.4992963719164714,35.737662,1624
8,1.25,local,1.2499999999999998,0.8962867498296878,0.517847343181915,33.720993,1938
8,1.25,hot-cold,1.2499999999999998,0.291147033511325,0.7724159669990245,44.973197,1974
8,1.44,random,1.4400000000000002,-0.018776752390834223,0.5058361055366793,39.514188,1807
8,1.44,local,1.44,0.8470794953088072,0.5041164495570536,34.887193,1884
8,1.44,hot-cold,1.4399999999999997,0.2547977188840575,0.7958677835011422,42.169559,1975
8,2.48,random,2.48,0.023660350183784696,0.49329079482439164,37.813981,1822
8,2.48,local,2.48,0.8396519488620068,0.4548825909557802,28.303833,1665
8,2.48,hot-cold,2.48,0.1845220191101649,0.8867952529385281,46.240375,1700
8,3.3,random,3.3000000000000003,0.008965209449994665,0.4917029322323567,37.596364,1738
8,3.3,local,3.3000000000000003,0.8536579948830247,0.40985909917294244,29.357892,1426
8,3.3,hot-cold,3.3000000000000003,0.09777800729671705,0.9121476171462891,42.641551,1507
8,4.55,random,4.550000000000002,-0.004921223943519699,0.5211436511040953,38.299829,1659
8,4.55,local,4.550000000000002,0.6486161527518345,0.6922491820281511,29.395151,1365
8,4.55,hot-cold,4.550000000000002,0.0813722755404067,0.926777300637314,42.291005,1516
8,9.19,random,9.190000000000003,0.00017846287205849624,0.53532660880291,29.695462,1316
8,9.19,local,9.190000000000003,0.6275130495044299,0.7487730905232042,25.105888,1044
8,9.19,hot-cold,9.190000000000001,0.026249642301990648,0.9829051021268033,36.442569,1121
9,1.07,random,1.0699999999999998,-0.014220265033582064,0.501119809984543,36.499746,1787
9,1.07,local,1.07,0.9033961780161694,0.5131812081749182,33.286843,1898
9,1.07,hot-cold,1.07,0.36223891080905135,0.7638052176971055,42.201619,2015
9,1.25,random,1.25,0.0028255429356875525,0.5020824472855745,39.548201,1738
9,1.25,local,1.25,0.9221340860215036,0.46530053473409133,33.252178,1935
9,1.25,hot-cold,1.25,0.3414914792868669,0.7951918969021585,42.966949,1997
9,1.44,random,1.4399999999999997,0.014787110107477085,0.48319536194674095,38.154618,1713
9,1.44,local,1.44,0.9225539498858113,0.5491247389897709,34.559631,1634
9,1.44,hot-cold,1.4399999999999997,0.2741067376549825,0.8079047715558254,44.801666,1974
9,2.48,random,2.4799999999999995,-0.005699839681851113,0.5074355473550382,40.192285,1807
9,2.48,local,2.4800000000000004,0.8359161350447717,0.5788190462874133,30.834571,1606
9,2.48,hot-cold,2.4800000000000004,0.1888909384779897,0.8580494011888844,44.604468,1742
9,3.3,random,3.300000000000001,0.010774816508403427,0.4872549757613124,37.591585,1840
9,3.3,local,3.3000000000000003,0.745362280180979,0.4667370765190859,31.372556,1608
9,3.3,hot-cold,3.3000000000000003,0.16787202261971207,0.9054680472697807,44.390058,1611
9,4.55,random,4.550000000000002,-0.0041882118719248915,0.4639594846228521,37.902287,1723
9,4.55,local,4.550000000000002,0.673220249770639,0.3984004835812409,26.011519,1454
9,4.55,hot-cold,4.550000000000002,0.07428706451807307,0.9325160751590456,42.083448,1419
9,9.19,random,9.190000000000003,-0.005275014625219737,0.46758165116797346,30.221506,1194
9,9.19,local,9.190000000000005,0.4930946524713743,0.31757900596203326,20.507637,863
9,9.19,hot-cold,9.190000000000005,0.012899947431359205,0.9697601790688787,37.586917,1281
10,1.07,random,1.0699999999999998,-0.01841688388489597,0.4861071410767887,34.627227,1642
10,1.07,local,1.0699999999999998,0.9355957093737296,0.4825966422256353,30.701993,1667
10,1.07,hot-cold,1.0699999999999998,0.36326549867283936,0.7693652159551495,41.313349,2024
10,1.25,random,1.25,-0.0011642467557742462,0.4975950884851731,34.981118,1965
10,1.25,local,1.2499999999999998,0.898346660152023,0.5003327979936363,32.630597,1865
10,1.25,hot-cold,1.25,0.315246200950719,0.7866518668286818,43.162765,1996
10,1.44,random,1.4400000000000004,0.005419447541642359,0.5012624421757521,36.337282,1759
10,1.44,local,1.4400000000000004,0.8728424609340932,0.5710867536005524,34.260552,1926
10,1.44,hot-cold,1.4400000000000004,0.2994258548915883,0.8028935532238611,43.054583,1947
10,2.48,random,2.48,-0.014653151073168509,0.5109716523875549,39.178921,1782
10,2.48,local,2.48,0.8375041716024876,0.5455947002685522,30.862534,1716
10,2.48,hot-cold,2.4799999999999995,0.28459053055904543,0.8782938823284447,44.887667,1740
10,3.3,random,3.300000000000001,-0.010921430147126215,0.4814148465239644,37.37458,1751
10,3.3,local,3.3000000000000016,0.7077145038316165,0.4479704289127756,28.743935,1720
10,3.3,hot-cold,3.300000000000001,0.13418694582846358,0.8951771243839324,42.679662,1584
10,4.55,random,4.549999999999998,-0.009223106321788296,0.5439601107503546,39.179172,1491
10,4.55,local,4.55,0.8271403459275629,0.45270985975304834,27.138976,1248
10,4.55,hot-cold,4.549999999999998,0.10226302253784607,0.9460891832558715,42.126238,1408
10,9.19,random,9.19,-0.005690701307012669,0.5200756625563212,29.52789,1223
10,9.19,local,9.19,0.541012938166838,0.8224397514018081,23.624149,914
10,9.19,hot-cold,9.19,0.023349986865264964,0.9844204861988426,34.871863,1203
11,1.07,random,1.07,0.013072012562134855,0.5017431569309595,33.816322,1605
11,1.07,local,1.07,0.9241747541222908,0.508235884483303,33.14063,1749
11,1.07,hot-cold,1.07,0.36422815628199057,0.7565945724848865,40.493949,2004
11,1.25,random,1.2499999999999998,0.002021753613186018,0.495039526621239,36.199625,1759
11,1.25,local,1.25,0.8788288017699089,0.49509252353037386,34.53766,1963
11,1.25,hot-cold,1.25,0.3394771479253068,0.7866977735450149,43.179075,1995
11,1.44,random,1.44,0.0007216769716427043,0.5221321077601718,38.606792,1703
11,1.44,local,1.4400000000000002,0.909491728318225,0.5341166684857046,33.444728,1935
11,1.44,hot-cold,1.44,0.29045850649509214,0.8096773109844628,43.851462,1980
11,2.48,random,2.48,-0.001489487552628725,0.48981822095348987,38.99085,1712
11,2.48,local,2.480000000000001,0.8530041821694915,0.5192200799201044,32.107149,1739
11,2.48,hot-cold,2.480000000000001,0.26739364099779145,0.8665445642830619,44.576406,1754
11,3.3,random,3.3000000000000003,0.015810300245062595,0.5377554368391956,38.662557,1750
11,3.3,local,3.3000000000000003,0.8137691216959528,0.4657681917733806,27.699934,1441
11,3.3,hot-cold,3.299999999999999,0.12171425966103898,0.9023576541114823,44.418671,1604
11,4.55,random,4.55,-0.007713118750164696,0.5270315867476751,37.723282,1569
11,4.55,local,4.55,0.7788480342719276,0.41476598848734775,29.52292,1372
11,4.55,hot-cold,4.549999999999998,0.06337566869066608,0.9226370996086684,44.340245,1573
11,9.19,random,9.190000000000003,-0.005579204002516824,0.5486584301387115,33.430221,1493
11,9.19,local,9.190000000000003,0.30575214658359856,0.706252321151788,24.721009,1068
11,9.19,hot-cold,9.190000000000003,0.016424630740928738,0.9735400793656033,39.462782,1334
12,1.07,random,1.0699999999999998,0.012983290915579825,0.5006024723949538,36.895775,1879
12,1.07,local,1.0699999999999998,0.9108218806254544,0.5228385804299356,33.677963,1894
12,1.07,hot-cold,1.0699999999999998,0.3517385393250285,0.7494419853768273,41.100282,1992
12,1.25,random,1.25,0.004237217826218624,0.49496376501881156,38.481909,1779
12,1.25,local,1.25,0.8841189797838424,0.5569059528461927,34.159253,1964
12,1.25,hot-cold,1.25,0.3047788129284184,0.7790350376193721,43.815765,2015
12,1.44,random,1.4400000000000004,0.02083632251030258,0.4790159627950494,39.293746,1599
12,1.44,local,1.4400000000000004,0.926824528396455,0.5192221735759152,33.828835,1747
12,1.44,hot-cold,1.4400000000000004,0.30724452216769266,0.8055981644759508,43.55115,1916
12,2.48,random,2.4799999999999995,-0.018207949399786535,0.5042741364654393,40.870202,1826
12,2.48,local,2.4799999999999995,0.795999040587622,0.40689941016051323,32.057305,1744
12,2.48,hot-cold,2.479999999999999,0.19114295828845368,0.8855394263007444,46.266674,1749
12,3.3,random,3.3000000000000003,-0.017107781192534817,0.5025707985819772,37.672928,1817
12,3.3,local,3.3000000000000003,0.8681026715821067,0.4615946462518138,28.895418,1478
12,3.3,hot-cold,3.3000000000000003,0.1065123472891863,0.9164847113280818,43.719004,1619
12,4.55,random,4.550000000000002,0.015282507619915271,0.5434280382198932,39.138886,1680
12,4.55,local,4.550000000000002,0.6429868043486966,0.318518876360152,25.093454,1433
12,4.55,hot-cold,4.550000000000002,0.05803084084787609,0.9342444095288929,43.008066,1454
12,9.19,random,9.190000000000005,0.018568315489177246,0.5600902204935151,29.521267,1349
12,9.19,local,9.190000000000005,0.6075649469784421,0.494266571658749,22.106223,979
12,9.19,hot-cold,9.190000000000005,0.010044486922291625,0.9846612991113247,35.118946,1145
13,1.07,random,1.07,0.008487721701729673,0.4993169472658515,35.352842,1683
13,1.07,local,1.07,0.884462373577118,0.5497546966311606,35.699751,1951
13,1.07,hot-cold,1.07,0.3463349915897203,0.7514655375090242,38.894691,1995
13,1.25,random,1.2499999999999998,-0.020789546335102545,0.49187053787325963,35.295686,1745
13,1.25,local,1.2499999999999998,0.9358696077548887,0.4587860002455715,30.94131,1858
13,1.25,hot-cold,1.2499999999999998,0.29825061372043893,0.7913606998444054,41.824865,1985
13,1.44,random,1.4400000000000004,-0.0038352109059898803,0.5134236901981812,40.863519,1791
13,1.44,local,1.4400000000000002,0.8332685649386301,0.4734218277342675,32.705968,1730
13,1.44,hot-cold,1.4399999999999997,0.26535372682682934,0.7851499046981356,41.916657,1967
13,2.48,random,2.480000000000001,0.029304596270554945,0.5207952056817706,39.147893,1671
13,2.48,local,2.480000000000001,0.8824983041588252,0.5281541502717665,30.481341,1732
13,2.48,hot-cold,2.480000000000001,0.12940582485543553,0.8577876777987161,45.038649,1755
13,3.3,random,3.3000000000000003,-0.021030788754471653,0.5271200658915093,39.811474,1618
13,3.3,local,3.3000000000000003,0.7712169834638699,0.5920834266364665,30.315592,1541
13,3.3,hot-cold,3.3000000000000003,0.17977643504509302,0.8997667224451119,44.512637,1635
13,4.55,random,4.55,-3.348220681231954e-05,0.5069857734622212,37.777213,1670
13,4.55,local,4.550000000000001,0.627687293108332,0.5976785638202855,30.182041,1456
13,4.55,hot-cold,4.550000000000001,0.07713290151336177,0.9051602377130299,44.708292,1570
13,9.19,random,9.190000000000005,-0.003276255983960401,0.613599928187777,37.116227,1524
13,9.19,local,9.190000000000003,0.43053253142994075,0.3553448044940976,26.310999,1393
13,9.19,hot-cold,9.190000000000005,0.01902612714765439,0.9389897615426235,39.905368,1376
14,1.07,random,1.07,0.026568368450662384,0.4958912965997449,34.766627,1666
14,1.07,local,1.07,0.9205622243740302,0.5534037524013057,34.29694,1969
14,1.07,hot-cold,1.07,0.3604636051176937,0.7608521108735327,41.42623,2020
14,1.25,random,1.2499999999999993,-0.01657315048435938,0.4995200807123144,38.916391,1635
14,1.25,local,1.2499999999999993,0.8885768018134232,0.42910782698278377,30.991995,1585
14,1.25,hot-cold,1.2499999999999998,0.35954245912491295,0.7781331101640563,43.338894,1991
14,1.44,random,1.44,-0.00418229565287169,0.49888844909395,37.697964,1678
14,1.44,local,1.44,0.9389187905167665,0.5475694315352776,35.610605,1914
14,1.44,hot-cold,1.44,0.30461701232427746,0.8029647650055406,44.629335,1956
14,2.48,random,2.480000000000001,-0.0034787682944448376,0.48022538957465377,36.017765,1810
14,2.48,local,2.48,0.8349936520212689,0.5763500150425469,32.724672,1722
14,2.48,hot-cold,2.48,0.21417468111465926,0.8908718382930154,45.475746,1717
14,3.3,random,3.3000000000000016,-0.004790347592391503,0.49824852490232296,38.054551,1706
14,3.3,local,3.3000000000000016,0.701920178421039,0.6751149164563859,32.927712,1614
14,3.3,hot-cold,3.300000000000001,0.07059711170657061,0.8972394476572078,46.844353,1696
14,4.55,random,4.550000000000001,-0.008335420864033768,0.4900243331744368,37.876148,1693
14,4.55,local,4.550000000000002,0.687023820248181,0.5270627409094933,29.653113,1514
14,4.55,hot-cold,4.550000000000002,0.0753147546625732,0.925172688202762,42.105749,1429
14,9.19,random,9.190000000000003,-0.0005783566183127956,0.6142253294976125,30.142498,1354
14,9.19,local,9.190000000000003,0.6176905670408374,0.5244028144881845,19.746784,938
14,9.19,hot-cold,9.190000000000001,0.0415171618362956,0.9860145300262737,32.178812,1034
15,1.07,random,1.0699999999999998,0.016627074543586723,0.5090189709714572,37.152866,1696
15,1.07,local,1.07,0.8603381628489699,0.5657052235847736,35.369374,2012
15,1.07,hot-cold,1.0699999999999998,0.31260594763390825,0.7480937723291394,40.247097,1978
15,1.25,random,1.2500000000000002,0.015217798564854947,0.5149102199412122,37.363399,1773
15,1.25,local,1.2500000000000002,0.930329006679533,0.43346283566350585,32.275684,1897
15,1.25,hot-cold,1.25,0.3361219048786947,0.7944219731818577,43.224019,1971
15,1.44,random,1.4400000000000002,0.016085707634278523,0.5028592717250503,36.57733,1681
15,1.44,local,1.4400000000000002,0.8186258649430415,0.47473402456543884,33.056172,1643
15,1.44,hot-cold,1.4399999999999995,0.25604411159652185,0.7954059985855344,42.644917,1959
15,2.48,random,2.48,-0.004392877313637193,0.5163729723692392,39.652336,1892
15,2.48,local,2.48,0.8890495244292083,0.5107133029475174,30.739864,1777
15,2.48,hot-cold,2.48,0.20709488449227756,0.8918354484400106,46.528403,1703
15,3.3,random,3.3000000000000003,-0.0002438594350401512,0.5563229812036343,40.877605,1788
15,3.3,local,3.3000000000000003,0.69271270207694,0.4065018767736605,29.469831,1685
15,3.3,hot-cold,3.3000000000000003,0.12342225286218265,0.9079440612473997,46.075036,1656
15,4.55,random,4.550000000000001,-0.0025553295121427356,0.5214129312808312,38.566678,1663
15,4.55,local,4.5500000000000025,0.8055108023141923,0.4161213276839162,27.389313,1312
15,4.55,hot-cold,4.550000000000001,0.09251910616367078,0.9437593908156349,45.251598,1379
15,9.19,random,9.189999999999998,-0.001523580158116992,0.4143108776735381,33.333831,1606
15,9.19,local,9.19,0.3869636258681441,0.6349159064592552,27.58549,1224
15,9.19,hot-cold,9.189999999999998,0.039761068593697185,0.9494803459679851,40.809879,1451
16,1.07,random,1.0699999999999998,0.00727306813436881,0.5030185694401228,36.90367,1920
16,1.07,local,1.0699999999999998,0.9244061045651137,0.534350752177445,32.294849,1791
16,1.07,hot-cold,1.0699999999999998,0.37711136254519406,0.756181258360886,42.447579,2023
16,1.25,random,1.25,0.01693235495073231,0.508501547934857,38.007462,1727
16,1.25,local,1.25,0.8862933818321116,0.48127431561463113,33.09233,1874
16,1.25,hot-cold,1.25,0.3519082321019384,0.7856386734997828,45.835829,2014
16,1.44,random,1.4400000000000002,-0.007916066654666081,0.4933605263603051,36.351919,1866
16,1.44,local,1.4400000000000002,0.87298683274301,0.44406648767265927,33.905017,1847
16,1.44,hot-cold,1.4400000000000002,0.29717837322510454,0.79821074230958,45.334943,1967
16,2.48,random,2.480000000000001,-0.0005346109392261583,0.4824848457195853,35.853298,1723
16,2.48,local,2.480000000000001,0.8737668423494057,0.5878159864865806,34.716694,1772
16,2.48,hot-cold,2.4800000000000013,0.16383134926277296,0.8670648356861338,47.852667,1784
16,3.3,random,3.3000000000000003,0.0058496877326741385,0.541489226116882,40.569028,1758
16,3.3,local,3.300000000000001,0.8647014750999692,0.5301387965030573,31.975973,1558
16,3.3,hot-cold,3.300000000000001,0.12308260052757783,0.9109954329785602,45.421715,1624
16,4.55,random,4.55,-0.010727961925752072,0.5123165479214686,37.538006,1714
16,4.55,local,4.55,0.7452514980074969,0.3882160907961815,26.904689,1496
16,4.55,hot-cold,4.55,0.06168504423332829,0.9287327836793987,44.999596,1565
16,9.19,random,9.190000000000001,-0.004766985939499029,0.3833749873279259,30.643945,1521
16,9.19,local,9.190000000000003,0.4152865110309153,0.6806969836440321,27.203327,1192
16,9.19,hot-cold,9.19,0.039440049793080946,0.9608452344177473,37.829029,1251
17,1.07,random,1.07,-0.010477427790882773,0.49744270047694766,34.746901,1852
17,1.07,local,1.07,0.919246630654152,0.5101851212852963,33.608002,1891
17,1.07,hot-cold,1.0699999999999998,0.3809332784058746,0.7561186482511187,39.258971,2017
17,1.25,random,1.2499999999999998,-0.012935539283831423,0.4941179669841375,32.596844,1616
17,1.25,local,1.25,0.9137138392446973,0.44258807305153064,31.418091,1958
17,1.25,hot-cold,1.25,0.28795612290584116,0.7793281688882436,43.089257,1984
17,1.44,random,1.4400000000000004,-0.013260125610065834,0.4934950544082578,35.287791,1675
17,1.44,local,1.4400000000000004,0.8155389794312286,0.4310759093268698,30.667238,1981
17,1.44,hot-cold,1.4400000000000002,0.2498243911066198,0.7914418417590696,44.389206,1949
17,2.48,random,2.48,0.015650596220232724,0.47944965644100906,37.677436,1833
17,2.48,local,2.480000000000001,0.779527926385516,0.4582509671654803,29.098066,1702
17,2.48,hot-cold,2.480000000000001,0.16304005385949244,0.8775652001776577,47.331744,1789
17,3.3,random,3.300000000000001,-0.012501202087498837,0.45263421854063624,36.591838,1616
17,3.3,local,3.300000000000001,0.8649441554287789,0.6752659636863222,31.479075,1418
17,3.3,hot-cold,3.3000000000000003,0.09540354856269073,0.911370775935314,45.413389,1690
17,4.55,random,4.55,0.001994890214908341,0.4227857879798713,33.800262,1557
17,4.55,local,4.55,0.8072897076446413,0.37791764648767096,27.404663,1404
17,4.55,hot-cold,4.55,0.06953806032959053,0.9263189827349054,44.572138,1564
17,9.19,random,9.190000000000003,-0.007232406105697698,0.4664252406214467,32.954522,1373
17,9.19,local,9.190000000000005,0.26899263054489914,0.682559876385149,23.999491,1081
17,9.19,hot-cold,9.190000000000003,0.02042259541973456,0.9734297251523008,38.66459,1223
18,1.07,random,1.0700000000000003,-0.01097733252135824,0.4998567615779228,38.142404,1679
18,1.07,local,1.0700000000000003,0.9172230275036874,0.5828288990622128,37.391131,1885
18,1.07,hot-cold,1.0700000000000003,0.3637970694048733,0.7596329874652381,45.322239,2011
18,1.25,random,1.25,0.002599110609915705,0.49639710958478783,38.454537,1643
18,1.25,local,1.25,0.9113465824082089,0.5441823479286962,36.499065,1961
18,1.25,hot-cold,1.25,0.3259877548815463,0.7824071573805638,44.722739,1999
18,1.44,random,1.4400000000000002,0.0063707533594258335,0.5036288344967769,37.814422,1704
18,1.44,local,1.4400000000000004,0.9125550445705358,0.5147026109744105,34.648988,1788
18,1.44,hot-cold,1.4400000000000002,0.3536418605738464,0.8180115411881653,44.011821,1996
18,2.48,random,2.480000000000001,-0.01757730505099248,0.46109522975758205,34.606338,1639
18,2.48,local,2.480000000000001,0.8060119807547061,0.5746820270345765,33.338359,1726
18,2.48,hot-cold,2.480000000000001,0.13880311569147247,0.8571286214441014,46.675878,1850
18,3.3,random,3.2999999999999985,0.000917332001084074,0.4749931321198634,39.121244,1762
18,3.3,local,3.3,0.7079136362632672,0.32399002296874746,28.032596,1544
18,3.3,hot-cold,3.2999999999999994,0.15908599227926296,0.8923880548914577,45.412518,1662
18,4.55,random,4.550000000000002,-0.0015607308783504043,0.5273067045468687,38.568641,1844
18,4.55,local,4.550000000000001,0.7283020869319682,0.582837365634547,27.747943,1550
18,4.55,hot-cold,4.550000000000001,0.17462551697469866,0.9479235270037119,42.962981,1395
18,9.19,random,9.190000000000001,-0.006032425329856031,0.5781502182584772,29.445826,1150
18,9.19,local,9.190000000000001,0.6996069641101044,0.9216076088329932,23.668362,798
18,9.19,hot-cold,9.190000000000001,0.019488523385263596,0.9882297056857233,29.957512,902
19,1.07,random,1.07,0.026899463680737007,0.4839290118531234,35.573155,1565
19,1.07,local,1.07,0.938359443585979,0.5054530687577748,35.020371,1930
19,1.07,hot-cold,1.07,0.3650184448834985,0.7585683934189466,41.637364,2033
19,1.25,random,1.2500000000000002,-0.009431105321162633,0.4916721065584183,35.76866,1727
19,1.25,local,1.2500000000000002,0.8984331453904462,0.48484549566764545,31.763917,1560
19,1.25,hot-cold,1.2500000000000002,0.3419987760204591,0.7874978939076307,43.498733,1990
19,1.44,random,1.4400000000000002,0.0013741555067627938,0.48002097257422255,34.660529,1786
19,1.44,local,1.4400000000000002,0.8186949003111672,0.4860083774141797,33.876654,1794
19,1.44,hot-cold,1.4400000000000002,0.29978865802607224,0.7929177792120928,43.009448,1963
19,2.48,random,2.48,0.05051589407652171,0.477576290322986,39.421955,1860
19,2.48,local,2.48,0.5612736576692359,0.39571185172950957,30.746486,1778
19,2.48,hot-cold,2.48,0.14351109519509303,0.8520956653906131,44.813549,1798
19,3.3,random,3.3000000000000007,-0.0007183324115319994,0.4914598010402155,38.297144,1789
19,3.3,local,3.3000000000000016,0.8425639800237663,0.39888903168257717,29.065916,1527
19,3.3,hot-cold,3.3000000000000016,0.2788402058199059,0.8925915859876757,47.782897,1639
19,4.55,random,4.550000000000001,0.028646543940208595,0.5394078335234143,37.911623,1712
19,4.55,local,4.550000000000002,0.858766518552497,0.525136959457687,28.414269,1410
19,4.55,hot-cold,4.550000000000002,0.11359960479860821,0.935197104606472,42.527828,1406
19,9.19,random,9.190000000000001,-0.007186010003916805,0.5306835895234224,28.435619,1179
19,9.19,local,9.189999999999998,0.5636437459554626,0.6964558159453648,23.803614,980
19,9.19,hot-cold,9.19,0.010987232331770957,0.981748114561033,36.812781,1183
