method,method_label,score_kind,control_kind,budget_index,control_value,cases,actual_total_ms,score_median_ms,selector_median_ms,read_wall_median_ms,gather_median_ms,gemm_median_ms,relative_l2_error,cosine_error,importance_retention,selected_fraction,selected_fraction_std,chunks,fallback_rate
cell1_fixed,Cell-1 X² fixed R,x2,fixed_r,0,0.1,63,0.5759252141112865,0.03285993641567604,0.09386746031746031,0.40736721428571426,0.01606044442289401,0.025770158669541694,0.7336419551145463,0.3753472405766684,0.23175367334532357,0.10037090494092368,0.00018648028058985982,2.0793650793650795,0.0
cell1_fixed,Cell-1 X² fixed R,x2,fixed_r,1,0.15,63,0.6896854680266428,0.03285993641567604,0.09303592063492064,0.517246373015873,0.015849650719217793,0.030693587240955132,0.6808595838291305,0.31401591357730685,0.28645835911470746,0.14962909505907623,0.00018648028058985825,2.7301587301587302,0.0
cell1_fixed,Cell-1 X² fixed R,x2,fixed_r,2,0.2,63,0.8033283173094704,0.03285993641567604,0.09837822222222223,0.6191748571428571,0.015728761929841222,0.03718653959887363,0.6420662602380155,0.2752390257895939,0.3506644089070577,0.19981454752953812,9.32401402949292e-05,3.2698412698412698,0.0
cell1_fixed,Cell-1 X² fixed R,x2,fixed_r,3,0.25,63,0.8979378965694544,0.03285993641567604,0.1025824761904762,0.7115936428571429,0.016717714242755373,0.03418412686340388,0.6141637762683252,0.24703999738844612,0.3970326142651694,0.25,0.0,3.746031746031746,0.0
cell1_fixed,Cell-1 X² fixed R,x2,fixed_r,4,0.3,63,0.9801087938126278,0.03285993641567604,0.10103422222222222,0.7838715238095239,0.01591060317993633,0.04643250818526929,0.5839409120380878,0.22147735527583529,0.44350193890314255,0.30018545247046186,9.324014029496855e-05,4.190476190476191,0.0
cell1_fixed,Cell-1 X² fixed R,x2,fixed_r,5,0.35,63,1.1041695078965956,0.03285993641567604,0.10334990476190477,0.9094656984126983,0.016496761835047134,0.041997206471269054,0.5519388724591524,0.19878911025940424,0.49911535401192925,0.35037090494092366,0.0001864802805898584,4.555555555555555,0.0
cell1_fixed,Cell-1 X² fixed R,x2,fixed_r,6,0.4,63,1.1689082938515287,0.03285993641567604,0.11060287301587302,0.9641009761904761,0.01627225390384116,0.04507225432566229,0.5250605759580457,0.17938387772393602,0.5406104567505065,0.39962909505907623,0.0001864802805898584,4.682539682539683,0.0
cell1_fixed,Cell-1 X² fixed R,x2,fixed_r,7,0.45,63,1.2620330398507826,0.03285993641567604,0.10346333333333332,1.0456406904761906,0.01817803177982564,0.061891047845757156,0.4960443108298239,0.15891743841625391,0.5810353301820301,0.4498145475295381,9.324014029493e-05,4.650793650793651,0.0
cell1_fixed,Cell-1 X² fixed R,x2,fixed_r,8,0.5,63,1.3302658330887016,0.03285993641567604,0.10256892063492064,1.1326792619047619,0.01712253963249538,0.04503517450084757,0.4612978438122405,0.13843149798257004,0.6268917388386197,0.5,0.0,4.936507936507937,0.0
cell1_fixed,Cell-1 X² fixed R,x2,fixed_r,9,0.55,63,1.4608854533625282,0.03285993641567604,0.10304966666666666,1.2361179444444443,0.018222222178583065,0.07063568365715794,0.43244726173875353,0.11968192789289682,0.6796396582845657,0.5501854524704618,9.324014029494565e-05,4.904761904761905,0.0
cell1_fixed,Cell-1 X² fixed R,x2,fixed_r,10,0.6,63,1.5205583169974721,0.03285993641567604,0.10568919047619048,1.3096993492063493,0.01624431746405737,0.05606552343519902,0.4030108034817709,0.10360422872361678,0.7191372144789923,0.6003709049409237,0.00018648028058989696,4.825396825396825,0.0
cell1_fixed,Cell-1 X² fixed R,x2,fixed_r,11,0.65,63,1.6119322543370411,0.03285993641567604,0.104512,1.3978507301587302,0.01653536517054784,0.060174222592086976,0.3701697203611571,0.0873246382153223,0.7628404848159306,0.6496290950590763,0.00018648028058989696,4.444444444444445,0.0
cell1_fixed,Cell-1 X² fixed R,x2,fixed_r,12,0.7,63,1.7124267933283202,0.03285993641567604,0.10182768253968254,1.4778427936507936,0.01898006354236882,0.08091631717979904,0.3337140073334532,0.07089478439754905,0.8008021437932574,0.6998145475295382,9.324014029494565e-05,4.222222222222222,0.0
cell1_fixed,Cell-1 X² fixed R,x2,fixed_r,13,0.75,63,1.830871706042372,0.03285993641567604,0.10607726984126985,1.6180393888888889,0.017406476055464044,0.05648863484107308,0.3022979212969187,0.059017343180520154,0.8344722626701234,0.75,0.0,4.015873015873016,0.0
cell1_fixed,Cell-1 X² fixed R,x2,fixed_r,14,0.8,63,1.9342990154833417,0.03285993641567604,0.10313680952380953,1.695438523809524,0.01810234918126033,0.08476139655307166,0.26886591188136544,0.04676658198946994,0.8762432847704206,0.8001854524704618,9.324014029494565e-05,3.4285714285714284,0.0
cell1_fixed,Cell-1 X² fixed R,x2,fixed_r,15,0.85,63,1.9690201422439075,0.03285993641567604,0.10400571428571428,1.7438263650793653,0.017661968275668072,0.07066615818748394,0.22835577487029013,0.0342187058357965,0.9076848020629277,0.8503709049409237,0.00018648028058989696,3.015873015873016,0.0
cell1_fixed,Cell-1 X² fixed R,x2,fixed_r,16,0.9,63,1.9893132616962488,0.03285993641567604,0.10321350793650794,1.760604896825397,0.01799517448636742,0.0746397460323004,0.18112622200333994,0.02173534272209042,0.9403908025650751,0.8996290950590763,0.00018648028058989696,2.4603174603174605,0.0
cell1_fixed,Cell-1 X² fixed R,x2,fixed_r,17,0.95,63,2.097967261363033,0.03285993641567604,0.10248798412698412,1.8476067698412697,0.01870526982441775,0.09630730115468536,0.12918909010107785,0.011347797181871153,0.9729822306405931,0.949814547529538,9.32401402950243e-05,1.6507936507936507,0.0
cell1_fixed,Cell-1 X² fixed R,x2,fixed_r,18,0.97,63,2.101169563226624,0.03285993641567604,0.10069030158730159,1.8586354523809523,0.017793523739018078,0.0911903491036759,0.10100473723899096,0.006963327763572532,0.983100882598332,0.9698828544575725,4.1440062353316625e-05,1.380952380952381,0.0
cell1_fixed,Cell-1 X² fixed R,x2,fixed_r,19,0.98,63,2.112936793609497,0.03285993641567604,0.09727079365079365,1.8803760952380952,0.0179037459874673,0.08452622231746472,0.07897375041936772,0.004347838106609481,0.9899145430988736,0.9799316930719658,5.18000779415413e-05,1.3174603174603174,0.0
cell1_fixed,Cell-1 X² fixed R,x2,fixed_r,20,0.99,63,1.9205873322044544,0.03285993641567604,0.09720926984126983,1.6737247301587301,0.017618285654674395,0.0991751101341039,0.05254539231573862,0.001861337631467748,0.9948566584360032,0.9899511613856069,1.0360015588374474e-05,1.0952380952380953,0.0
cell1_tau,Cell-1-τ X² local I-bound,x2,importance_tau,0,0.1,63,0.378837412630522,0.03285993641567604,0.09025477777777778,0.21853361904761903,0.014170412654204932,0.023018666735244126,0.7935587826170145,0.4739005896780226,0.11528049504000039,0.018044553347654813,0.0233720844438247,1.253968253968254,0.0
cell1_tau,Cell-1-τ X² local I-bound,x2,importance_tau,1,0.15,63,0.44123092851703605,0.03285993641567604,0.10028787301587301,0.26869264285714284,0.015520507883694388,0.02386996834464957,0.7658829774175372,0.42546812031004166,0.15928518819430515,0.04641253431197035,0.041704645089221316,1.4761904761904763,0.0
cell1_tau,Cell-1-τ X² local I-bound,x2,importance_tau,2,0.2,63,0.4894226666888367,0.03285993641567604,0.09287206349206349,0.3229932698412698,0.015715047643179887,0.024982349296647357,0.7401864960316628,0.38814584130332586,0.20291362537278065,0.08508809225444561,0.061028726801327884,1.7619047619047619,0.0
cell1_tau,Cell-1-τ X² local I-bound,x2,importance_tau,3,0.25,63,0.5463727696415243,0.03285993641567604,0.09001068253968254,0.38136424603174607,0.01562869844455563,0.026509206209863884,0.7118186289592395,0.34833170781059863,0.2552990449799431,0.1231021191371285,0.07896424647337685,2.126984126984127,0.0
cell1_tau,Cell-1-τ X² local I-bound,x2,importance_tau,4,0.3,63,0.636027031684338,0.03285993641567604,0.09553290476190476,0.4631562222222222,0.016296126924100332,0.028181841360434605,0.6823134329465647,0.3085811828810071,0.3049679535721975,0.16128584109082225,0.09225505566039811,2.5555555555555554,0.0
cell1_tau,Cell-1-τ X² local I-bound,x2,importance_tau,5,0.35,63,0.7185259286479193,0.03285993641567604,0.09225923809523809,0.5440338015873016,0.016487619026549234,0.03288533352315421,0.6536676686345821,0.2771333531727866,0.3520143084109776,0.20500330066237019,0.10222790013189356,3.142857142857143,0.0
cell1_tau,Cell-1-τ X² local I-bound,x2,importance_tau,6,0.4,63,0.8090583330359865,0.03285993641567604,0.09003133333333332,0.636522873015873,0.01596088883363533,0.033683301437468706,0.6190273863455605,0.24437386459774438,0.401870717604955,0.25715050274495754,0.11136691410334265,3.4603174603174605,0.0
cell1_tau,Cell-1-τ X² local I-bound,x2,importance_tau,7,0.45,63,0.9079616826016004,0.03285993641567604,0.09457388888888889,0.7250627142857142,0.01621180948697853,0.03925333352434251,0.5872558320887269,0.21624249030673312,0.45474776057969957,0.3093993353920515,0.10936931104357313,3.8253968253968256,0.0
cell1_tau,Cell-1-τ X² local I-bound,x2,importance_tau,8,0.5,63,1.0169922460640792,0.03285993641567604,0.0932400634920635,0.8312569444444445,0.01712965079775401,0.042505650914141074,0.5581035278441887,0.1932471706753685,0.5051734863765656,0.3514035274197398,0.10125462408250545,4.142857142857143,0.0
cell1_tau,Cell-1-τ X² local I-bound,x2,importance_tau,9,0.55,63,1.0935009205816963,0.03285993641567604,0.0950561111111111,0.9019556666666666,0.01673752371044381,0.04689168267779875,0.5258128474510851,0.17137128682363598,0.5523698982738313,0.39344501506743046,0.09866491710849067,4.428571428571429,0.0
cell1_tau,Cell-1-τ X² local I-bound,x2,importance_tau,10,0.6,63,1.205223317453396,0.03285993641567604,0.09427696825396825,1.0124864126984128,0.016239238075084112,0.049360762010254515,0.4925347137457085,0.14994342838014874,0.6041420641399565,0.44224959720730395,0.09694029930612673,4.634920634920635,0.0
cell1_tau,Cell-1-τ X² local I-bound,x2,importance_tau,11,0.65,63,1.2992214917999592,0.03285993641567604,0.09228252380952381,1.100318015873016,0.016148825353454924,0.05761219034828833,0.4560192950542957,0.12778864398835194,0.6532871581259228,0.4997575784699845,0.09111873321877155,4.666666666666667,0.0
cell1_tau,Cell-1-τ X² local I-bound,x2,importance_tau,12,0.7,63,1.399901047148383,0.03285993641567604,0.09399652380952381,1.1956706190476192,0.017406476070246955,0.059967491805316867,0.4195911791323433,0.10765536531569461,0.7019054445009383,0.5598832460615825,0.0942600350388179,4.873015873015873,0.0
cell1_tau,Cell-1-τ X² local I-bound,x2,importance_tau,13,0.75,63,1.5369899364294912,0.03285993641567604,0.09582003174603174,1.3291333333333333,0.018870349175163625,0.06030628575928623,0.38143773651164437,0.0891273598822336,0.7523930489070831,0.6138863714345387,0.08443058090201933,4.682539682539683,0.0
cell1_tau,Cell-1-τ X² local I-bound,x2,importance_tau,14,0.8,63,1.6582240160457917,0.03285993641567604,0.09642746031746031,1.445448111111111,0.017702603121361987,0.06578590508018216,0.3391085789051084,0.07082607916423249,0.8021832307179769,0.676656298484306,0.0853710175327532,4.301587301587301,0.0
cell1_tau,Cell-1-τ X² local I-bound,x2,importance_tau,15,0.85,63,1.7784388727594918,0.03285993641567604,0.09212607936507937,1.5629461904761905,0.01712152376652705,0.07338514273601861,0.29202084176774534,0.052423322957659474,0.853038175711556,0.7460228883219955,0.07353700767964298,3.7936507936507935,0.0
cell1_tau,Cell-1-τ X² local I-bound,x2,importance_tau,16,0.9,63,1.9392050470459548,0.03285993641567604,0.09181969841269841,1.718218619047619,0.017420698297283904,0.07888609487267709,0.23432966556754845,0.033482590365031366,0.9053557202929542,0.8211213487588017,0.05793148976513071,3.111111111111111,0.0
cell1_tau,Cell-1-τ X² local I-bound,x2,importance_tau,17,0.95,63,2.0795012856076456,0.03285993641567604,0.08947479365079365,1.8571020476190476,0.017052444422410537,0.08301206349971745,0.17063547213680091,0.018508868558066188,0.9504837507293338,0.8970095439491587,0.03690622233217386,2.0476190476190474,0.0
cell1_tau,Cell-1-τ X² local I-bound,x2,importance_tau,18,0.97,63,2.101319793184923,0.03285993641567604,0.08914973015873015,1.8782871428571428,0.017550730116901836,0.08347225363647175,0.13061918474970352,0.010732624265882663,0.9708836778761849,0.9359284558121493,0.02732202421543704,1.5714285714285714,0.0
cell1_tau,Cell-1-τ X² local I-bound,x2,importance_tau,19,0.98,63,2.2675200396282684,0.03285993641567604,0.08868484126984126,2.042797611111111,0.017934730143419276,0.0852429206882204,0.10698173383236045,0.007169232482001849,0.9807918724559602,0.9551198494748776,0.020404790661459043,1.1746031746031746,0.0
cell1_tau,Cell-1-τ X² local I-bound,x2,importance_tau,20,0.99,63,2.2316579125365803,0.03285993641567604,0.09620869841269841,1.9961486428571427,0.01918120636412543,0.08725942848693753,0.07461127850581843,0.0035456286536322277,0.9907794660992093,0.9745988856068742,0.012800041226817112,1.0952380952380953,0.0
paper,Paper fixed R |x|,abs,fixed_r,0,0.1,63,0.7869897143718052,0.0300632382905672,0.26049722222222227,0.456021380952381,0.015572825343244558,0.024835047563390073,0.6981566588556956,0.3443692033253019,0.13643642940691536,0.09144233351235227,0.012789362665882396,3.111111111111111,0.0
paper,Paper fixed R |x|,abs,fixed_r,1,0.15,63,0.9029945080240643,0.0300632382905672,0.2699497619047619,0.5546000476190476,0.016294603162105077,0.03208685704758237,0.6586695355732762,0.2967117438240657,0.1959838287697898,0.14696059344790544,0.0027650957296523086,3.8095238095238093,0.0
paper,Paper fixed R |x|,abs,fixed_r,2,0.2,63,1.0493508809898968,0.0300632382905672,0.2765143492063492,0.6923890396825396,0.016618666564306512,0.03376558724613411,0.6219980616181616,0.26400745388061275,0.25015158076134936,0.19276987110633723,0.009160511453917206,5.031746031746032,0.0
paper,Paper fixed R |x|,abs,fixed_r,3,0.25,63,1.1505659765585359,0.0300632382905672,0.2702870476190476,0.7984620396825397,0.016790857124659695,0.03496279384172147,0.5835466774564887,0.2303939972605024,0.3101927481946491,0.24988251879699247,0.0002900804364731599,5.666666666666667,0.0
paper,Paper fixed R |x|,abs,fixed_r,4,0.3,63,1.250242706644201,0.0300632382905672,0.2792745396825397,0.8827406111111111,0.01614222218770351,0.04202209537227943,0.5578530746260806,0.2068113571121579,0.35898524428170825,0.29569179645542426,0.0063752856927549425,6.507936507936508,0.0
paper,Paper fixed R |x|,abs,fixed_r,5,0.35,63,1.3353423416128944,0.0300632382905672,0.2711886190476191,0.9736445158730159,0.017401904769478286,0.04304406363221383,0.5234613867387885,0.1832675735155741,0.408090317060077,0.3413248523093448,0.012713316532058528,7.380952380952381,0.0
paper,Paper fixed R |x|,abs,fixed_r,6,0.4,63,1.459029833575196,0.0300632382905672,0.2860185238095238,1.0791548015873016,0.018658031812972438,0.045135238074830546,0.48348358190721935,0.1542904376983642,0.46975667561803547,0.3970193340494092,0.002818025806974608,8.380952380952381,0.0
paper,Paper fixed R |x|,abs,fixed_r,7,0.45,63,1.4830587387963503,0.0300632382905672,0.273959126984127,1.1106224047619047,0.016994539574379894,0.051419429185371505,0.45427733565133716,0.13589648027268664,0.5152636440027327,0.4426523899033297,0.009072605831881615,9.285714285714286,0.0
paper,Paper fixed R |x|,abs,fixed_r,8,0.5,63,1.5571842777366154,0.0300632382905672,0.2819208888888889,1.180692722222222,0.01703771424021508,0.04746971409472204,0.427513468655802,0.11952384502168681,0.5656261917144533,0.49994125939849626,0.00014504021823657,10.0,0.0
paper,Paper fixed R |x|,abs,fixed_r,9,0.55,63,1.642819262249025,0.0300632382905672,0.2775843333333333,1.2580740396825396,0.017275428517706755,0.05982222242487797,0.4030440854618237,0.10664288202921547,0.6074793915899973,0.5455743152524167,0.006305451946236169,10.746031746031745,0.0
paper,Paper fixed R |x|,abs,fixed_r,10,0.6,63,1.7584770716225429,0.0300632382905672,0.28335111111111116,1.3720443095238095,0.01733841266601326,0.055680000031041677,0.37917027807247544,0.094845071671501,0.6485108014137025,0.5913835929108486,0.012750571385509906,11.444444444444445,0.0
paper,Paper fixed R |x|,abs,fixed_r,11,0.65,63,1.8647443333897127,0.0300632382905672,0.2904780476190476,1.465335746031746,0.01759339672409821,0.0612739047242535,0.3441352283227302,0.07762061792706682,0.7017513996078855,0.647078074650913,0.0028773004419456096,11.920634920634921,0.0
paper,Paper fixed R |x|,abs,fixed_r,12,0.7,63,2.029509976270815,0.0300632382905672,0.2984295555555555,1.6151032777777778,0.01775085714660461,0.06816304750030944,0.31670102857733295,0.06576229466332324,0.744215170542399,0.6927111305048335,0.009115510774175715,12.634920634920634,0.0
paper,Paper fixed R |x|,abs,fixed_r,13,0.75,63,2.1054871349648283,0.0300632382905672,0.2898223650793651,1.7116281984126984,0.017339428517198694,0.05663390466499892,0.28345277048056083,0.052511807471986756,0.7912506849046738,0.75,0.0,12.857142857142858,0.0
paper,Paper fixed R |x|,abs,fixed_r,14,0.8,63,2.274219325170468,0.0300632382905672,0.29359909523809524,1.8613460714285714,0.018276063488825867,0.07093485672440789,0.2460729783800031,0.03991018874304631,0.8353969265544225,0.7956330558539205,0.006338805825261073,13.238095238095237,0.0
paper,Paper fixed R |x|,abs,fixed_r,15,0.85,63,2.330008468573374,0.0300632382905672,0.3038004126984127,1.9083784682539684,0.01804088882451487,0.06972546050591125,0.2190067210707754,0.03269012201400027,0.8715042746256269,0.8414423335123523,0.012789362665882412,12.80952380952381,0.0
paper,Paper fixed R |x|,abs,fixed_r,16,0.9,63,2.457774690486406,0.0300632382905672,0.3067603650793651,2.0284649920634923,0.017985015826684093,0.074501079226297,0.17015130052875194,0.01892800085128295,0.9197798882211957,0.8969605934479056,0.002765095729652273,12.698412698412698,0.0
paper,Paper fixed R |x|,abs,fixed_r,17,0.95,63,2.5572787056922204,0.0300632382905672,0.3128345238095238,2.115350595238095,0.018305015779795097,0.0807253325742388,0.1149123118717282,0.00898599908465426,0.9578366771576896,0.9427698711063373,0.009160511453917147,12.079365079365079,0.0
paper,Paper fixed R |x|,abs,fixed_r,18,0.97,63,2.5457551349443612,0.0300632382905672,0.30417450793650797,2.1102251984126985,0.01801549196834596,0.0832766983362417,0.08240118204793401,0.004547201451801074,0.9771074633749705,0.9679108485499464,0.002351670292639485,11.158730158730158,0.0
paper,Paper fixed R |x|,abs,fixed_r,19,0.98,63,2.531139635317836,0.0300632382905672,0.3027364285714286,2.1039684126984124,0.017860063425605203,0.07651149233182267,0.07277326506289043,0.003694181404416478,0.9815487085826813,0.9742911967418547,0.006518550689602787,10.238095238095237,0.0
paper,Paper fixed R |x|,abs,fixed_r,20,0.99,63,2.4980844763264725,0.0300632382905672,0.30036736507936507,2.066892476190476,0.017924571306341164,0.08283682545972244,0.0627058196446991,0.00302587520508535,0.9852403591549586,0.9797121151092016,0.010742623679951584,8.936507936507937,0.0
