model,prompt,situation,policy,mode,budget_index,budget_fraction,target,logit_relative_l2_error,logit_cosine_error,dense_to_sparse_kl,top1_agreement,dense_nll,sparse_nll,nll_delta,projection_calls,selected_fraction_mean,search_attempts_mean,feasible_rate,fallback_calls
qwen05,test_short_korean,short,paper_r10,paper,0,0.1,,2.7837817668914795,0.5817872285842896,17.25282859802246,0.0,4.304563045501709,20.053892135620117,15.74932861328125,168,0.09144233351235231,1.0,1.0,0
qwen05,test_short_korean,short,paper_r15,paper,1,0.15,,1.5708025693893433,0.5793906450271606,10.181412696838379,0.018518518656492233,4.304563045501709,12.702648162841797,8.39808464050293,168,0.14696059344790546,1.0,1.0,0
qwen05,test_short_korean,short,paper_r20,paper,2,0.2,,1.462170124053955,0.6160576343536377,14.817022323608398,0.0,4.304563045501709,17.22068977355957,12.916126251220703,168,0.1927698711063373,1.0,1.0,0
qwen05,test_short_korean,short,paper_r25,paper,3,0.25,,1.3721394538879395,0.6357942819595337,16.641599655151367,0.0555555559694767,4.304563045501709,18.87442970275879,14.569866180419922,168,0.2498825187969925,1.0,1.0,0
qwen05,test_short_korean,short,paper_r30,paper,4,0.3,,1.706203818321228,0.5815808176994324,19.214160919189453,0.018518518656492233,4.304563045501709,21.44778060913086,17.143217086791992,168,0.29569179645542426,1.0,1.0,0
qwen05,test_short_korean,short,paper_r35,paper,5,0.35,,1.7553550004959106,0.5838533639907837,17.570819854736328,0.018518518656492233,4.304563045501709,20.31964874267578,16.015085220336914,168,0.3413248523093448,1.0,1.0,0
qwen05,test_short_korean,short,paper_r40,paper,6,0.4,,1.808910608291626,0.5829622745513916,19.053829193115234,0.0555555559694767,4.304563045501709,20.91780662536621,16.613243103027344,168,0.39701933404940926,1.0,1.0,0
qwen05,test_short_korean,short,paper_r45,paper,7,0.45,,1.7650007009506226,0.5827885866165161,15.077603340148926,0.018518518656492233,4.304563045501709,17.005990982055664,12.701427459716797,168,0.4426523899033297,1.0,1.0,0
qwen05,test_short_korean,short,paper_r50,paper,8,0.5,,1.4352912902832031,0.6132923364639282,11.421250343322754,0.0,4.304563045501709,13.245039939880371,8.94047737121582,168,0.49994125939849626,1.0,1.0,0
qwen05,test_short_korean,short,paper_r55,paper,9,0.55,,1.6725993156433105,0.5729747414588928,18.804719924926758,0.0,4.304563045501709,20.794069290161133,16.489505767822266,168,0.5455743152524167,1.0,1.0,0
qwen05,test_short_korean,short,paper_r60,paper,10,0.6,,1.120484709739685,0.7090233564376831,11.235880851745605,0.0,4.304563045501709,13.915431022644043,9.610868453979492,168,0.5913835929108485,1.0,1.0,0
qwen05,test_short_korean,short,paper_r65,paper,11,0.65,,1.195855736732483,0.6394009590148926,14.747814178466797,0.018518518656492233,4.304563045501709,17.095205307006836,12.790641784667969,168,0.6470780746509129,1.0,1.0,0
qwen05,test_short_korean,short,paper_r70,paper,12,0.7,,1.146275281906128,0.7329597473144531,11.753026962280273,0.018518518656492233,4.304563045501709,14.240668296813965,9.936105728149414,168,0.6927111305048335,1.0,1.0,0
qwen05,test_short_korean,short,paper_r75,paper,13,0.75,,1.0262092351913452,0.5339404344558716,8.01628303527832,0.03703703731298447,4.304563045501709,10.465677261352539,6.16111421585083,168,0.75,1.0,1.0,0
qwen05,test_short_korean,short,paper_r80,paper,14,0.8,,1.2267147302627563,0.5214123725891113,8.311933517456055,0.018518518656492233,4.304563045501709,10.940858840942383,6.636295795440674,168,0.7956330558539206,1.0,1.0,0
qwen05,test_short_korean,short,paper_r85,paper,15,0.85,,0.9929686784744263,0.5457231998443604,6.882623672485352,0.018518518656492233,4.304563045501709,9.546911239624023,5.2423481941223145,168,0.8414423335123524,1.0,1.0,0
qwen05,test_short_korean,short,paper_r90,paper,16,0.9,,0.8930570483207703,0.43833255767822266,5.17722225189209,0.1666666716337204,4.304563045501709,8.215024948120117,3.910461902618408,168,0.8969605934479055,1.0,1.0,0
qwen05,test_short_korean,short,paper_r95,paper,17,0.95,,0.44171279668807983,0.09475260972976685,1.2693862915039062,0.46296295523643494,4.304563045501709,4.709603309631348,0.40504026412963867,168,0.9427698711063374,1.0,1.0,0
qwen05,test_short_korean,short,cell8_r10,cell8,0,0.1,,1.2618621587753296,1.0667707920074463,14.188926696777344,0.0,4.304563045501709,16.675771713256836,12.371208190917969,168,0.10037090494092374,1.0,1.0,0
qwen05,test_short_korean,short,cell8_r15,cell8,1,0.15,,1.4608107805252075,0.6287582516670227,14.57620620727539,0.0,4.304563045501709,17.357242584228516,13.052679061889648,168,0.14962909505907623,1.0,1.0,0
qwen05,test_short_korean,short,cell8_r20,cell8,2,0.2,,1.0675430297851562,0.7022130489349365,11.08094596862793,0.0,4.304563045501709,13.178321838378906,8.873758316040039,168,0.19981454752953817,1.0,1.0,0
qwen05,test_short_korean,short,cell8_r25,cell8,3,0.25,,1.3365042209625244,0.6403220891952515,15.310385704040527,0.0,4.304563045501709,17.72116470336914,13.416601181030273,168,0.25,1.0,1.0,0
qwen05,test_short_korean,short,cell8_r30,cell8,4,0.3,,2.327408790588379,0.5836641788482666,20.290603637695312,0.03703703731298447,4.304563045501709,22.556015014648438,18.25145149230957,168,0.3001854524704619,1.0,1.0,0
qwen05,test_short_korean,short,cell8_r35,cell8,5,0.35,,2.104384183883667,0.5887045860290527,19.61944007873535,0.0,4.304563045501709,22.340312957763672,18.035749435424805,168,0.35037090494092366,1.0,1.0,0
qwen05,test_short_korean,short,cell8_r40,cell8,6,0.4,,1.202791452407837,0.6400995254516602,11.246556282043457,0.0,4.304563045501709,13.218072891235352,8.913509368896484,168,0.39962909505907634,1.0,1.0,0
qwen05,test_short_korean,short,cell8_r45,cell8,7,0.45,,1.8054603338241577,0.604127049446106,16.932039260864258,0.018518518656492233,4.304563045501709,19.083450317382812,14.778886795043945,168,0.4498145475295381,1.0,1.0,0
qwen05,test_short_korean,short,cell8_r50,cell8,8,0.5,,2.341042995452881,0.5832377076148987,15.974987983703613,0.0,4.304563045501709,18.706710815429688,14.40214729309082,168,0.5,1.0,1.0,0
qwen05,test_short_korean,short,cell8_r55,cell8,9,0.55,,1.4629591703414917,0.5924181938171387,14.397214889526367,0.018518518656492233,4.304563045501709,17.199552536010742,12.894989013671875,168,0.550185452470462,1.0,1.0,0
qwen05,test_short_korean,short,cell8_r60,cell8,10,0.6,,1.253730058670044,0.6034430265426636,14.107614517211914,0.018518518656492233,4.304563045501709,16.57541847229004,12.270854949951172,168,0.6003709049409238,1.0,1.0,0
qwen05,test_short_korean,short,cell8_r65,cell8,11,0.65,,1.3737554550170898,0.6220862865447998,17.67988395690918,0.0,4.304563045501709,19.98361587524414,15.679052352905273,168,0.6496290950590762,1.0,1.0,0
qwen05,test_short_korean,short,cell8_r70,cell8,12,0.7,,1.0933592319488525,0.6999073028564453,9.834735870361328,0.0,4.304563045501709,12.864908218383789,8.560344696044922,168,0.6998145475295381,1.0,1.0,0
qwen05,test_short_korean,short,cell8_r75,cell8,13,0.75,,1.1283833980560303,0.7412679195404053,11.335514068603516,0.018518518656492233,4.304563045501709,14.006672859191895,9.702110290527344,168,0.75,1.0,1.0,0
qwen05,test_short_korean,short,cell8_r80,cell8,14,0.8,,0.992241382598877,0.5249215364456177,7.491574764251709,0.0555555559694767,4.304563045501709,9.915718078613281,5.611155033111572,168,0.8001854524704617,1.0,1.0,0
qwen05,test_short_korean,short,cell8_r85,cell8,15,0.85,,0.9067198634147644,0.41133230924606323,4.11332893371582,0.18518519401550293,4.304563045501709,6.845930099487305,2.5413670539855957,168,0.8503709049409238,1.0,1.0,0
qwen05,test_short_korean,short,cell8_r90,cell8,16,0.9,,0.8948855996131897,0.3965708613395691,5.419388294219971,0.09259259700775146,4.304563045501709,8.249374389648438,3.9448113441467285,168,0.8996290950590762,1.0,1.0,0
qwen05,test_short_korean,short,cell8_r95,cell8,17,0.95,,0.8371741771697998,0.3937375545501709,4.195444107055664,0.1666666716337204,4.304563045501709,7.183051109313965,2.878488063812256,168,0.9498145475295383,1.0,1.0,0
qwen05,test_short_korean,short,adaptive_t0.5,adaptive,0,,0.5,1.7756223678588867,0.5858081579208374,13.909382820129395,0.0,4.304563045501709,15.896804809570312,11.592241287231445,168,0.5573460366877014,1.3928571428571428,1.0,0
qwen05,test_short_korean,short,adaptive_t0.55,adaptive,0,,0.55,1.315380334854126,0.638056755065918,11.649974822998047,0.0,4.304563045501709,13.521665573120117,9.21710205078125,168,0.6094054192400644,1.2380952380952381,1.0,0
qwen05,test_short_korean,short,adaptive_t0.6,adaptive,0,,0.6,1.6721059083938599,0.6005218029022217,16.820310592651367,0.0,4.304563045501709,18.821876525878906,14.517313003540039,168,0.6600795026069639,1.4107142857142858,1.0,0
qwen05,test_short_korean,short,adaptive_t0.65,adaptive,0,,0.65,1.0407441854476929,0.6060843467712402,9.637886047363281,0.03703703731298447,4.304563045501709,11.999372482299805,7.694809436798096,168,0.7354992881198532,1.1130952380952381,1.0,0
qwen05,test_short_korean,short,adaptive_t0.7,adaptive,0,,0.7,1.0189836025238037,0.5029007196426392,9.142908096313477,0.0555555559694767,4.304563045501709,11.68387508392334,7.379312038421631,168,0.7802479133100609,1.0952380952380953,1.0,0
qwen05,test_short_korean,short,adaptive_t0.75,adaptive,0,,0.75,0.9629033207893372,0.40744900703430176,4.480477809906006,0.2222222238779068,4.304563045501709,7.347196578979492,3.042633533477783,168,0.8428891704708199,1.005952380952381,1.0,0
qwen05,test_short_korean,short,adaptive_t0.8,adaptive,0,,0.8,0.8205645084381104,0.2823815941810608,3.3354079723358154,0.18518519401550293,4.304563045501709,6.382363796234131,2.077800750732422,168,0.882784703108217,1.0,1.0,0
qwen05,test_short_korean,short,adaptive_t0.85,adaptive,0,,0.85,0.9102653861045837,0.42745310068130493,5.717732906341553,0.09259259700775146,4.304563045501709,8.669024467468262,4.364461421966553,168,0.8966368208467598,1.0416666666666667,1.0,0
qwen05,test_short_korean,short,adaptive_t0.9,adaptive,0,,0.9,0.8057426810264587,0.366141676902771,4.086784362792969,0.18518519401550293,4.304563045501709,6.975101470947266,2.6705384254455566,168,0.9339848295403689,1.0476190476190477,1.0,0
qwen05,test_short_korean,short,adaptive_t0.925,adaptive,0,,0.925,0.8423019647598267,0.39818626642227173,4.380996227264404,0.14814814925193787,4.304563045501709,7.126060485839844,2.8214974403381348,168,0.948321382418099,1.0,1.0,0
qwen05,test_short_korean,short,adaptive_t0.95,adaptive,0,,0.95,0.8371741771697998,0.3937375545501709,4.195444107055664,0.1666666716337204,4.304563045501709,7.183051109313965,2.878488063812256,168,0.9498145475295383,1.0119047619047619,1.0,0
qwen05,test_short_korean,short,adaptive_calibrated,adaptive_calibrated,0,,0.0,1.2927050590515137,0.698198139667511,15.353556632995605,0.018518518656492233,4.304563045501709,17.92142677307129,13.616863250732422,168,0.614334734716255,1.2261904761904763,1.0,0
qwen05,test_medium_code,medium,paper_r10,paper,0,0.1,,1.480325698852539,1.1047624349594116,14.454904556274414,0.0,4.315040588378906,17.063739776611328,12.748699188232422,168,0.09144233351235231,1.0,1.0,0
qwen05,test_medium_code,medium,paper_r15,paper,1,0.15,,2.111445903778076,0.7111266851425171,11.388808250427246,0.0,4.315040588378906,14.568140983581543,10.253100395202637,168,0.14696059344790546,1.0,1.0,0
qwen05,test_medium_code,medium,paper_r20,paper,2,0.2,,2.012220621109009,0.7078125476837158,9.71590805053711,0.025641025975346565,4.315040588378906,13.133085250854492,8.818044662475586,168,0.1927698711063373,1.0,1.0,0
qwen05,test_medium_code,medium,paper_r25,paper,3,0.25,,3.498079299926758,0.6711872816085815,17.0283145904541,0.06410256773233414,4.315040588378906,21.184804916381836,16.86976432800293,168,0.2498825187969925,1.0,1.0,0
qwen05,test_medium_code,medium,paper_r30,paper,4,0.3,,2.20418381690979,0.6388721466064453,11.63318157196045,0.03846153989434242,4.315040588378906,15.393624305725098,11.078583717346191,168,0.29569179645542426,1.0,1.0,0
qwen05,test_medium_code,medium,paper_r35,paper,5,0.35,,2.7034997940063477,0.6676856875419617,12.417623519897461,0.06410256773233414,4.315040588378906,16.265480041503906,11.950439453125,168,0.3413248523093448,1.0,1.0,0
qwen05,test_medium_code,medium,paper_r40,paper,6,0.4,,1.8957570791244507,0.6511489748954773,12.398992538452148,0.05128205195069313,4.315040588378906,15.740638732910156,11.42559814453125,168,0.39701933404940926,1.0,1.0,0
qwen05,test_medium_code,medium,paper_r45,paper,7,0.45,,1.562604308128357,0.6730101108551025,10.069581031799316,0.05128205195069313,4.315040588378906,13.414040565490723,9.098999977111816,168,0.4426523899033297,1.0,1.0,0
qwen05,test_medium_code,medium,paper_r50,paper,8,0.5,,1.5973432064056396,0.687191903591156,12.16174030303955,0.05128205195069313,4.315040588378906,15.543710708618164,11.228670120239258,168,0.49994125939849626,1.0,1.0,0
qwen05,test_medium_code,medium,paper_r55,paper,9,0.55,,1.8390883207321167,0.7042464017868042,8.69670581817627,0.07692307978868484,4.315040588378906,11.372175216674805,7.057134628295898,168,0.5455743152524167,1.0,1.0,0
qwen05,test_medium_code,medium,paper_r60,paper,10,0.6,,1.4755542278289795,0.60231614112854,11.011560440063477,0.05128205195069313,4.315040588378906,14.605827331542969,10.290786743164062,168,0.5913835929108485,1.0,1.0,0
qwen05,test_medium_code,medium,paper_r65,paper,11,0.65,,1.2677439451217651,0.6811526417732239,9.400729179382324,0.03846153989434242,4.315040588378906,12.646055221557617,8.331014633178711,168,0.6470780746509129,1.0,1.0,0
qwen05,test_medium_code,medium,paper_r70,paper,12,0.7,,1.062571406364441,0.5989201068878174,7.2769856452941895,0.08974359184503555,4.315040588378906,10.164647102355957,5.849606513977051,168,0.6927111305048335,1.0,1.0,0
qwen05,test_medium_code,medium,paper_r75,paper,13,0.75,,1.0697171688079834,0.5888025760650635,6.167201042175293,0.05128205195069313,4.315040588378906,9.386228561401367,5.071187973022461,168,0.75,1.0,1.0,0
qwen05,test_medium_code,medium,paper_r80,paper,14,0.8,,1.0591909885406494,0.6213555335998535,6.352388858795166,0.07692307978868484,4.315040588378906,9.782947540283203,5.467906951904297,168,0.7956330558539206,1.0,1.0,0
qwen05,test_medium_code,medium,paper_r85,paper,15,0.85,,0.9582904577255249,0.5033360123634338,3.293989896774292,0.28205129504203796,4.315040588378906,6.710931301116943,2.395890712738037,168,0.8414423335123524,1.0,1.0,0
qwen05,test_medium_code,medium,paper_r90,paper,16,0.9,,1.10706627368927,0.6284506320953369,4.430685043334961,0.19230769574642181,4.315040588378906,7.891427040100098,3.5763864517211914,168,0.8969605934479055,1.0,1.0,0
qwen05,test_medium_code,medium,paper_r95,paper,17,0.95,,0.9102036356925964,0.4479294419288635,3.373204231262207,0.20512820780277252,4.315040588378906,6.978038311004639,2.6629977226257324,168,0.9427698711063374,1.0,1.0,0
qwen05,test_medium_code,medium,cell8_r10,cell8,0,0.1,,1.2985706329345703,0.7986882328987122,10.146391868591309,0.0,4.315040588378906,13.344856262207031,9.029815673828125,168,0.10037090494092374,1.0,1.0,0
qwen05,test_medium_code,medium,cell8_r15,cell8,1,0.15,,2.787259578704834,0.7158496379852295,14.910322189331055,0.025641025975346565,4.315040588378906,18.594646453857422,14.279605865478516,168,0.14962909505907623,1.0,1.0,0
qwen05,test_medium_code,medium,cell8_r20,cell8,2,0.2,,1.2949227094650269,0.7652762532234192,9.318292617797852,0.06410256773233414,4.315040588378906,12.186295509338379,7.871254920959473,168,0.19981454752953817,1.0,1.0,0
qwen05,test_medium_code,medium,cell8_r25,cell8,3,0.25,,2.5622923374176025,0.7109388113021851,11.699411392211914,0.025641025975346565,4.315040588378906,15.003782272338867,10.688741683959961,168,0.25,1.0,1.0,0
qwen05,test_medium_code,medium,cell8_r30,cell8,4,0.3,,1.82174551486969,0.6957201361656189,10.361958503723145,0.06410256773233414,4.315040588378906,13.256111145019531,8.941070556640625,168,0.3001854524704619,1.0,1.0,0
qwen05,test_medium_code,medium,cell8_r35,cell8,5,0.35,,2.2077739238739014,0.697157621383667,13.605941772460938,0.025641025975346565,4.315040588378906,17.269948959350586,12.95490837097168,168,0.35037090494092366,1.0,1.0,0
qwen05,test_medium_code,medium,cell8_r40,cell8,6,0.4,,2.8281538486480713,0.7111855149269104,15.452932357788086,0.025641025975346565,4.315040588378906,18.763057708740234,14.448017120361328,168,0.39962909505907634,1.0,1.0,0
qwen05,test_medium_code,medium,cell8_r45,cell8,7,0.45,,2.77425479888916,0.6800941228866577,13.521688461303711,0.025641025975346565,4.315040588378906,17.365755081176758,13.050714492797852,168,0.4498145475295381,1.0,1.0,0
qwen05,test_medium_code,medium,cell8_r50,cell8,8,0.5,,2.1589725017547607,0.6918255686759949,9.271602630615234,0.0,4.315040588378906,12.435555458068848,8.120514869689941,168,0.5,1.0,1.0,0
qwen05,test_medium_code,medium,cell8_r55,cell8,9,0.55,,1.4540297985076904,0.6757689714431763,9.780625343322754,0.05128205195069313,4.315040588378906,12.988419532775879,8.673378944396973,168,0.550185452470462,1.0,1.0,0
qwen05,test_medium_code,medium,cell8_r60,cell8,10,0.6,,2.409406900405884,0.7249711751937866,10.0795316696167,0.025641025975346565,4.315040588378906,13.20177936553955,8.886738777160645,168,0.6003709049409238,1.0,1.0,0
qwen05,test_medium_code,medium,cell8_r65,cell8,11,0.65,,1.2473911046981812,0.6306765079498291,8.68632984161377,0.05128205195069313,4.315040588378906,12.05809497833252,7.743054389953613,168,0.6496290950590762,1.0,1.0,0
qwen05,test_medium_code,medium,cell8_r70,cell8,12,0.7,,1.3097387552261353,0.6254737377166748,10.132488250732422,0.03846153989434242,4.315040588378906,13.724123001098633,9.409082412719727,168,0.6998145475295381,1.0,1.0,0
qwen05,test_medium_code,medium,cell8_r75,cell8,13,0.75,,1.1818993091583252,0.6665656566619873,8.544161796569824,0.07692307978868484,4.315040588378906,12.28779411315918,7.972753524780273,168,0.75,1.0,1.0,0
qwen05,test_medium_code,medium,cell8_r80,cell8,14,0.8,,1.1495534181594849,0.7217192649841309,9.087759017944336,0.03846153989434242,4.315040588378906,12.289777755737305,7.974737167358398,168,0.8001854524704617,1.0,1.0,0
qwen05,test_medium_code,medium,cell8_r85,cell8,15,0.85,,1.2467458248138428,0.8402208685874939,6.397229194641113,0.025641025975346565,4.315040588378906,9.969847679138184,5.654807090759277,168,0.8503709049409238,1.0,1.0,0
qwen05,test_medium_code,medium,cell8_r90,cell8,16,0.9,,1.0046515464782715,0.5244059562683105,5.556924819946289,0.11538461595773697,4.315040588378906,9.270305633544922,4.955265045166016,168,0.8996290950590762,1.0,1.0,0
qwen05,test_medium_code,medium,cell8_r95,cell8,17,0.95,,0.9297558665275574,0.45995956659317017,4.127721309661865,0.1666666716337204,4.315040588378906,7.7495222091674805,3.434481620788574,168,0.9498145475295383,1.0,1.0,0
qwen05,test_medium_code,medium,adaptive_t0.5,adaptive,0,,0.5,1.2519279718399048,0.7356393933296204,9.303580284118652,0.0,4.315040588378906,12.297526359558105,7.982485771179199,168,0.5564523403933942,1.3214285714285714,1.0,0
qwen05,test_medium_code,medium,adaptive_t0.55,adaptive,0,,0.55,2.2482903003692627,0.6853593587875366,13.137980461120605,0.0,4.315040588378906,16.767982482910156,12.45294189453125,168,0.6067171626051736,1.2023809523809523,1.0,0
qwen05,test_medium_code,medium,adaptive_t0.6,adaptive,0,,0.6,1.2850738763809204,0.6258903741836548,8.838465690612793,0.025641025975346565,4.315040588378906,12.35926628112793,8.044225692749023,168,0.667259317378267,1.4345238095238095,1.0,0
qwen05,test_medium_code,medium,adaptive_t0.65,adaptive,0,,0.65,1.178727388381958,0.5908561944961548,7.289536952972412,0.05128205195069313,4.315040588378906,10.600457191467285,6.285416603088379,168,0.7260201983754028,1.1428571428571428,1.0,0
qwen05,test_medium_code,medium,adaptive_t0.7,adaptive,0,,0.7,1.1927053928375244,0.5530377626419067,6.876619815826416,0.10256410390138626,4.315040588378906,10.291023254394531,5.975982666015625,168,0.774906714330469,1.1011904761904763,1.0,0
qwen05,test_medium_code,medium,adaptive_t0.75,adaptive,0,,0.75,0.8089250922203064,0.3819769024848938,3.513477087020874,0.3076923191547394,4.315040588378906,7.242857933044434,2.9278173446655273,168,0.8482520475295381,1.0,1.0,0
qwen05,test_medium_code,medium,adaptive_t0.8,adaptive,0,,0.8,0.7574801445007324,0.3011976480484009,2.3732593059539795,0.5512820482254028,4.315040588378906,6.381546497344971,2.0665059089660645,168,0.8860406107344254,1.0,1.0,0
qwen05,test_medium_code,medium,adaptive_t0.85,adaptive,0,,0.85,0.9758922457695007,0.511836051940918,4.979746341705322,0.11538461595773697,4.315040588378906,8.546680450439453,4.231639862060547,168,0.9061361900845865,1.0952380952380953,1.0,0
qwen05,test_medium_code,medium,adaptive_t0.9,adaptive,0,,0.9,0.9827913045883179,0.5167593955993652,4.123897552490234,0.21794871985912323,4.315040588378906,7.687872409820557,3.3728318214416504,168,0.9378617092396169,1.0476190476190477,1.0,0
qwen05,test_medium_code,medium,adaptive_t0.925,adaptive,0,,0.925,0.9420260190963745,0.4842851161956787,3.9623613357543945,0.20512820780277252,4.315040588378906,7.481662273406982,3.166621685028076,168,0.948321382418099,1.0,1.0,0
qwen05,test_medium_code,medium,adaptive_t0.95,adaptive,0,,0.95,0.9297558665275574,0.45995956659317017,4.127721309661865,0.1666666716337204,4.315040588378906,7.7495222091674805,3.434481620788574,168,0.9498145475295383,1.0119047619047619,0.9940476190476191,0
qwen05,test_medium_code,medium,adaptive_calibrated,adaptive_calibrated,0,,0.0,1.2155405282974243,0.6799373626708984,10.178956985473633,0.03846153989434242,4.315040588378906,13.356226921081543,9.041186332702637,168,0.6083889970461869,1.369047619047619,1.0,0
qwen05,test_long_structured,long,paper_r10,paper,0,0.1,,1.5024561882019043,1.104760766029358,16.24008560180664,0.0,4.793145656585693,18.91166114807129,14.118515014648438,168,0.09144233351235231,1.0,1.0,0
qwen05,test_long_structured,long,paper_r15,paper,1,0.15,,1.4312968254089355,0.787122368812561,7.130382061004639,0.0,4.793145656585693,10.502151489257812,5.709005832672119,168,0.14696059344790546,1.0,1.0,0
qwen05,test_long_structured,long,paper_r20,paper,2,0.2,,1.541935682296753,0.7949637174606323,7.764083385467529,0.0535714291036129,4.793145656585693,10.790521621704102,5.997375965118408,168,0.1927698711063373,1.0,1.0,0
qwen05,test_long_structured,long,paper_r25,paper,3,0.25,,1.9336113929748535,0.7679527997970581,8.256869316101074,0.0,4.793145656585693,11.67029094696045,6.877145290374756,168,0.2498825187969925,1.0,1.0,0
qwen05,test_long_structured,long,paper_r30,paper,4,0.3,,1.5050164461135864,0.6695248484611511,8.368683815002441,0.0476190485060215,4.793145656585693,11.989161491394043,7.19601583480835,168,0.29569179645542426,1.0,1.0,0
qwen05,test_long_structured,long,paper_r35,paper,5,0.35,,1.9725761413574219,0.683661937713623,10.808501243591309,0.0535714291036129,4.793145656585693,14.361827850341797,9.568681716918945,168,0.3413248523093448,1.0,1.0,0
qwen05,test_long_structured,long,paper_r40,paper,6,0.4,,1.9588427543640137,0.6577751636505127,13.532735824584961,0.0535714291036129,4.793145656585693,16.900142669677734,12.106996536254883,168,0.39701933404940926,1.0,1.0,0
qwen05,test_long_structured,long,paper_r45,paper,7,0.45,,1.8700793981552124,0.74072265625,11.055743217468262,0.0535714291036129,4.793145656585693,14.913477897644043,10.120332717895508,168,0.4426523899033297,1.0,1.0,0
qwen05,test_long_structured,long,paper_r50,paper,8,0.5,,2.768023729324341,0.757213294506073,10.011316299438477,0.02380952425301075,4.793145656585693,13.951589584350586,9.158443450927734,168,0.49994125939849626,1.0,1.0,0
qwen05,test_long_structured,long,paper_r55,paper,9,0.55,,1.2587478160858154,0.637954592704773,8.776755332946777,0.0,4.793145656585693,12.13294506072998,7.339799404144287,168,0.5455743152524167,1.0,1.0,0
qwen05,test_long_structured,long,paper_r60,paper,10,0.6,,1.8705958127975464,0.7592302560806274,10.892255783081055,0.0,4.793145656585693,14.619902610778809,9.826757431030273,168,0.5913835929108485,1.0,1.0,0
qwen05,test_long_structured,long,paper_r65,paper,11,0.65,,1.5110303163528442,0.72919762134552,10.102519989013672,0.02976190485060215,4.793145656585693,13.737386703491211,8.94424057006836,168,0.6470780746509129,1.0,1.0,0
qwen05,test_long_structured,long,paper_r70,paper,12,0.7,,1.1400070190429688,0.5959841012954712,7.152904987335205,0.0595238097012043,4.793145656585693,10.670722961425781,5.877577304840088,168,0.6927111305048335,1.0,1.0,0
qwen05,test_long_structured,long,paper_r75,paper,13,0.75,,1.0031322240829468,0.5147687196731567,6.059399604797363,0.0892857164144516,4.793145656585693,9.74209213256836,4.948946475982666,168,0.75,1.0,1.0,0
qwen05,test_long_structured,long,paper_r80,paper,14,0.8,,0.9826467633247375,0.5100147128105164,4.249685287475586,0.196428582072258,4.793145656585693,8.043769836425781,3.250624179840088,168,0.7956330558539206,1.0,1.0,0
qwen05,test_long_structured,long,paper_r85,paper,15,0.85,,1.0963501930236816,0.5862202644348145,5.704165458679199,0.0714285746216774,4.793145656585693,9.274237632751465,4.4810919761657715,168,0.8414423335123524,1.0,1.0,0
qwen05,test_long_structured,long,paper_r90,paper,16,0.9,,0.960634171962738,0.4860321879386902,3.7405996322631836,0.1547619104385376,4.793145656585693,7.434793949127197,2.641648292541504,168,0.8969605934479055,1.0,1.0,0
qwen05,test_long_structured,long,paper_r95,paper,17,0.95,,0.8737665414810181,0.3946818709373474,3.0761494636535645,0.2202381044626236,4.793145656585693,7.079330921173096,2.2861852645874023,168,0.9427698711063374,1.0,1.0,0
qwen05,test_long_structured,long,cell8_r10,cell8,0,0.1,,1.3056520223617554,0.8698908090591431,10.903426170349121,0.0,4.793145656585693,14.029083251953125,9.235937118530273,168,0.10037090494092374,1.0,1.0,0
qwen05,test_long_structured,long,cell8_r15,cell8,1,0.15,,1.7899633646011353,0.785314679145813,9.71619987487793,0.0,4.793145656585693,13.346887588500977,8.553741455078125,168,0.14962909505907623,1.0,1.0,0
qwen05,test_long_structured,long,cell8_r20,cell8,2,0.2,,1.6387734413146973,0.7909142374992371,8.249564170837402,0.01785714365541935,4.793145656585693,11.631590843200684,6.83844518661499,168,0.19981454752953817,1.0,1.0,0
qwen05,test_long_structured,long,cell8_r25,cell8,3,0.25,,1.2540949583053589,0.7378860116004944,10.228728294372559,0.0059523810632526875,4.793145656585693,13.686079025268555,8.892932891845703,168,0.25,1.0,1.0,0
qwen05,test_long_structured,long,cell8_r30,cell8,4,0.3,,2.866835594177246,0.7892350554466248,11.555413246154785,0.0,4.793145656585693,14.963261604309082,10.170116424560547,168,0.3001854524704619,1.0,1.0,0
qwen05,test_long_structured,long,cell8_r35,cell8,5,0.35,,2.7423360347747803,0.6913904547691345,11.932940483093262,0.02380952425301075,4.793145656585693,15.601338386535645,10.80819320678711,168,0.35037090494092366,1.0,1.0,0
qwen05,test_long_structured,long,cell8_r40,cell8,6,0.4,,2.7965469360351562,0.8108792901039124,12.748812675476074,0.01785714365541935,4.793145656585693,16.47653579711914,11.683389663696289,168,0.39962909505907634,1.0,1.0,0
qwen05,test_long_structured,long,cell8_r45,cell8,7,0.45,,1.9609125852584839,0.8214841485023499,9.05312728881836,0.011904762126505375,4.793145656585693,12.470840454101562,7.677694797515869,168,0.4498145475295381,1.0,1.0,0
qwen05,test_long_structured,long,cell8_r50,cell8,8,0.5,,1.8670296669006348,0.6940922737121582,9.467385292053223,0.0476190485060215,4.793145656585693,13.150811195373535,8.357666015625,168,0.5,1.0,1.0,0
qwen05,test_long_structured,long,cell8_r55,cell8,9,0.55,,2.128730058670044,0.7440158128738403,13.535163879394531,0.0595238097012043,4.793145656585693,16.944292068481445,12.151145935058594,168,0.550185452470462,1.0,1.0,0
qwen05,test_long_structured,long,cell8_r60,cell8,10,0.6,,1.8914275169372559,0.7527016997337341,9.976640701293945,0.0,4.793145656585693,13.494181632995605,8.70103645324707,168,0.6003709049409238,1.0,1.0,0
qwen05,test_long_structured,long,cell8_r65,cell8,11,0.65,,1.5644944906234741,0.7117281556129456,10.033682823181152,0.01785714365541935,4.793145656585693,13.573384284973145,8.78023910522461,168,0.6496290950590762,1.0,1.0,0
qwen05,test_long_structured,long,cell8_r70,cell8,12,0.7,,1.1702725887298584,0.5951340794563293,7.56437349319458,0.0357142873108387,4.793145656585693,11.117314338684082,6.324168682098389,168,0.6998145475295381,1.0,1.0,0
qwen05,test_long_structured,long,cell8_r75,cell8,13,0.75,,1.3766835927963257,0.7214545607566833,8.535158157348633,0.011904762126505375,4.793145656585693,12.02805233001709,7.2349066734313965,168,0.75,1.0,1.0,0
qwen05,test_long_structured,long,cell8_r80,cell8,14,0.8,,1.0603010654449463,0.5473231077194214,6.181702613830566,0.1130952388048172,4.793145656585693,9.785346031188965,4.9922003746032715,168,0.8001854524704617,1.0,1.0,0
qwen05,test_long_structured,long,cell8_r85,cell8,15,0.85,,0.9615380167961121,0.493818998336792,4.013601303100586,0.184523805975914,4.793145656585693,7.813337802886963,3.0201921463012695,168,0.8503709049409238,1.0,1.0,0
qwen05,test_long_structured,long,cell8_r90,cell8,16,0.9,,1.0819675922393799,0.6128970980644226,4.694779396057129,0.0892857164144516,4.793145656585693,8.272526741027832,3.4793810844421387,168,0.8996290950590762,1.0,1.0,0
qwen05,test_long_structured,long,cell8_r95,cell8,17,0.95,,0.9004163146018982,0.4253121614456177,3.4329819679260254,0.190476194024086,4.793145656585693,7.278330326080322,2.485184669494629,168,0.9498145475295383,1.0,1.0,0
qwen05,test_long_structured,long,adaptive_t0.5,adaptive,0,,0.5,1.6255320310592651,0.8184146881103516,10.676835060119629,0.0,4.793145656585693,14.579219818115234,9.786073684692383,168,0.5546668708601862,1.4047619047619047,1.0,0
qwen05,test_long_structured,long,adaptive_t0.55,adaptive,0,,0.55,1.6732639074325562,0.7638209462165833,9.487793922424316,0.02380952425301075,4.793145656585693,13.002716064453125,8.209569931030273,168,0.5983782698934836,1.255952380952381,1.0,0
qwen05,test_long_structured,long,adaptive_t0.6,adaptive,0,,0.6,1.6390506029129028,0.6941715478897095,10.68843936920166,0.0595238097012043,4.793145656585693,14.399133682250977,9.605987548828125,168,0.665156893349445,1.4226190476190477,1.0,0
qwen05,test_long_structured,long,adaptive_t0.65,adaptive,0,,0.65,2.4627859592437744,0.739869236946106,12.69555377960205,0.02976190485060215,4.793145656585693,16.384815216064453,11.591669082641602,168,0.705479344287057,1.4464285714285714,1.0,0
qwen05,test_long_structured,long,adaptive_t0.7,adaptive,0,,0.7,1.086004376411438,0.568545937538147,7.431117534637451,0.0773809552192688,4.793145656585693,10.925816535949707,6.132670879364014,168,0.7615080880213927,1.1785714285714286,1.0,0
qwen05,test_long_structured,long,adaptive_t0.75,adaptive,0,,0.75,0.8390762209892273,0.3698325753211975,3.027092695236206,0.2916666865348816,4.793145656585693,7.121491432189941,2.328345775604248,168,0.8598821621576263,1.0119047619047619,1.0,0
qwen05,test_long_structured,long,adaptive_t0.8,adaptive,0,,0.8,0.7306244969367981,0.26555323600769043,1.8692585229873657,0.4583333432674408,4.793145656585693,6.141387939453125,1.3482422828674316,168,0.8901907391245972,1.0,1.0,0
qwen05,test_long_structured,long,adaptive_t0.85,adaptive,0,,0.85,0.6221579313278198,0.20381921529769897,1.18886137008667,0.523809552192688,4.793145656585693,5.371574878692627,0.5784292221069336,168,0.9244754953790727,1.0,1.0,0
qwen05,test_long_structured,long,adaptive_t0.9,adaptive,0,,0.9,0.944307804107666,0.48022377490997314,3.383223056793213,0.196428582072258,4.793145656585693,7.146225452423096,2.3530797958374023,168,0.9381622303526672,1.0535714285714286,1.0,0
qwen05,test_long_structured,long,adaptive_t0.925,adaptive,0,,0.925,0.905463695526123,0.4285393953323364,3.374230146408081,0.1785714328289032,4.793145656585693,7.205042839050293,2.4118971824645996,168,0.9489192778262622,1.0,1.0,0
qwen05,test_long_structured,long,adaptive_t0.95,adaptive,0,,0.95,0.9004163146018982,0.4253121614456177,3.4329819679260254,0.190476194024086,4.793145656585693,7.278330326080322,2.485184669494629,168,0.9498145475295383,1.0119047619047619,0.9940476190476191,0
qwen05,test_long_structured,long,adaptive_calibrated,adaptive_calibrated,0,,0.0,1.5247035026550293,0.7382562160491943,9.020766258239746,0.0595238097012043,4.793145656585693,12.616740226745605,7.823594570159912,168,0.5964560886032044,1.4404761904761905,1.0,0
smol360,test_short_korean,short,paper_r10,paper,0,0.1,,1.4550331830978394,1.2581766843795776,13.3734712600708,0.0,2.2992043495178223,14.83187198638916,12.53266716003418,224,0.1,1.0,1.0,0
smol360,test_short_korean,short,paper_r15,paper,1,0.15,,1.3088048696517944,0.8602938652038574,14.009166717529297,0.0,2.2992043495178223,15.384810447692871,13.08560562133789,224,0.14999999999999997,1.0,1.0,0
smol360,test_short_korean,short,paper_r20,paper,2,0.2,,1.497231125831604,0.9537933468818665,13.960890769958496,0.0,2.2992043495178223,15.572006225585938,13.272802352905273,224,0.2,1.0,1.0,0
smol360,test_short_korean,short,paper_r25,paper,3,0.25,,1.518850564956665,1.0472666025161743,14.233654975891113,0.0,2.2992043495178223,15.615250587463379,13.316045761108398,224,0.25,1.0,1.0,0
smol360,test_short_korean,short,paper_r30,paper,4,0.3,,1.3111202716827393,0.907960057258606,14.435826301574707,0.010101010091602802,2.2992043495178223,15.67151165008545,13.372306823730469,224,0.29999999999999993,1.0,1.0,0
smol360,test_short_korean,short,paper_r35,paper,5,0.35,,1.2996090650558472,0.791459321975708,14.244318008422852,0.0,2.2992043495178223,15.653108596801758,13.353904724121094,224,0.35,1.0,1.0,0
smol360,test_short_korean,short,paper_r40,paper,6,0.4,,1.3404430150985718,0.9031746983528137,15.617695808410645,0.0,2.2992043495178223,16.898778915405273,14.59957504272461,224,0.4,1.0,1.0,0
smol360,test_short_korean,short,paper_r45,paper,7,0.45,,1.2857282161712646,0.9236397743225098,16.30095672607422,0.010101010091602802,2.2992043495178223,17.93090057373047,15.631696701049805,224,0.4500000000000001,1.0,1.0,0
smol360,test_short_korean,short,paper_r50,paper,8,0.5,,1.4669774770736694,0.7042027115821838,14.236993789672852,0.0,2.2992043495178223,15.639744758605957,13.340539932250977,224,0.5,1.0,1.0,0
smol360,test_short_korean,short,paper_r55,paper,9,0.55,,1.139840841293335,0.8208562135696411,9.342373847961426,0.03030303120613098,2.2992043495178223,10.781543731689453,8.482339859008789,224,0.5499999999999999,1.0,1.0,0
smol360,test_short_korean,short,paper_r60,paper,10,0.6,,1.0782774686813354,0.7177953720092773,10.070685386657715,0.010101010091602802,2.2992043495178223,11.586241722106934,9.287036895751953,224,0.5999999999999999,1.0,1.0,0
smol360,test_short_korean,short,paper_r65,paper,11,0.65,,1.224058985710144,0.6946475505828857,10.338674545288086,0.0,2.2992043495178223,11.782575607299805,9.48337173461914,224,0.6500000000000001,1.0,1.0,0
smol360,test_short_korean,short,paper_r70,paper,12,0.7,,1.0653458833694458,0.6878488063812256,7.18440055847168,0.03030303120613098,2.2992043495178223,8.669768333435059,6.370563983917236,224,0.7,1.0,1.0,0
smol360,test_short_korean,short,paper_r75,paper,13,0.75,,1.0008243322372437,0.6179604530334473,5.745967388153076,0.08080808073282242,2.2992043495178223,7.227728366851807,4.928524017333984,224,0.75,1.0,1.0,0
smol360,test_short_korean,short,paper_r80,paper,14,0.8,,0.8585012555122375,0.45901429653167725,2.7995901107788086,0.24242424964904785,2.2992043495178223,4.414678573608398,2.115474224090576,224,0.8,1.0,1.0,0
smol360,test_short_korean,short,paper_r85,paper,15,0.85,,0.7584019303321838,0.33964991569519043,2.208177089691162,0.2626262605190277,2.2992043495178223,3.717890501022339,1.4186861515045166,224,0.8499999999999998,1.0,1.0,0
smol360,test_short_korean,short,paper_r90,paper,16,0.9,,0.666277289390564,0.2510749101638794,1.3974162340164185,0.38383838534355164,2.2992043495178223,3.063467025756836,0.7642626762390137,224,0.9000000000000002,1.0,1.0,0
smol360,test_short_korean,short,paper_r95,paper,17,0.95,,0.47970154881477356,0.12120687961578369,0.6668841242790222,0.5858585834503174,2.2992043495178223,2.636380672454834,0.3371763229370117,224,0.9499999999999998,1.0,1.0,0
smol360,test_short_korean,short,cell8_r10,cell8,0,0.1,,1.4338992834091187,1.0754787921905518,18.234533309936523,0.0,2.2992043495178223,19.61458969116211,17.315385818481445,224,0.1,1.0,1.0,0
smol360,test_short_korean,short,cell8_r15,cell8,1,0.15,,1.3275368213653564,0.9125088453292847,15.590429306030273,0.0,2.2992043495178223,16.851165771484375,14.551961898803711,224,0.14999999999999997,1.0,1.0,0
smol360,test_short_korean,short,cell8_r20,cell8,2,0.2,,1.4134469032287598,0.8926956653594971,17.556381225585938,0.0,2.2992043495178223,19.075735092163086,16.776531219482422,224,0.2,1.0,1.0,0
smol360,test_short_korean,short,cell8_r25,cell8,3,0.25,,1.355214238166809,0.9369542002677917,13.66530704498291,0.0,2.2992043495178223,15.058609008789062,12.759405136108398,224,0.25,1.0,1.0,0
smol360,test_short_korean,short,cell8_r30,cell8,4,0.3,,1.2988848686218262,0.7978731393814087,12.701154708862305,0.0,2.2992043495178223,14.1104736328125,11.811269760131836,224,0.29999999999999993,1.0,1.0,0
smol360,test_short_korean,short,cell8_r35,cell8,5,0.35,,1.2876975536346436,0.744659960269928,10.98241901397705,0.0,2.2992043495178223,12.330048561096191,10.030843734741211,224,0.35,1.0,1.0,0
smol360,test_short_korean,short,cell8_r40,cell8,6,0.4,,1.5400470495224,0.7442858219146729,16.00136375427246,0.010101010091602802,2.2992043495178223,17.39891815185547,15.099714279174805,224,0.4,1.0,1.0,0
smol360,test_short_korean,short,cell8_r45,cell8,7,0.45,,1.8039249181747437,0.7213624715805054,15.868489265441895,0.0,2.2992043495178223,17.385719299316406,15.086515426635742,224,0.4500000000000001,1.0,1.0,0
smol360,test_short_korean,short,cell8_r50,cell8,8,0.5,,2.0734667778015137,0.6780343055725098,20.054222106933594,0.05050504952669144,2.2992043495178223,21.469402313232422,19.170198440551758,224,0.5,1.0,1.0,0
smol360,test_short_korean,short,cell8_r55,cell8,9,0.55,,1.2904889583587646,0.8023467063903809,15.174994468688965,0.0,2.2992043495178223,16.644493103027344,14.34528923034668,224,0.5499999999999999,1.0,1.0,0
smol360,test_short_korean,short,cell8_r60,cell8,10,0.6,,1.0912889242172241,0.651360809803009,7.706583499908447,0.020202020183205605,2.2992043495178223,9.180458068847656,6.881253719329834,224,0.5999999999999999,1.0,1.0,0
smol360,test_short_korean,short,cell8_r65,cell8,11,0.65,,1.0592635869979858,0.6198517084121704,8.3489408493042,0.020202020183205605,2.2992043495178223,9.937870979309082,7.63866662979126,224,0.6500000000000001,1.0,1.0,0
smol360,test_short_korean,short,cell8_r70,cell8,12,0.7,,0.9960896372795105,0.6079058051109314,6.343638896942139,0.0,2.2992043495178223,7.905206203460693,5.606001853942871,224,0.7,1.0,1.0,0
smol360,test_short_korean,short,cell8_r75,cell8,13,0.75,,0.8510605096817017,0.4538925290107727,4.3733673095703125,0.07070706784725189,2.2992043495178223,5.8162970542907715,3.517092704772949,224,0.75,1.0,1.0,0
smol360,test_short_korean,short,cell8_r80,cell8,14,0.8,,0.8682088851928711,0.43210822343826294,3.9584391117095947,0.14141413569450378,2.2992043495178223,5.579684734344482,3.28048038482666,224,0.8,1.0,1.0,0
smol360,test_short_korean,short,cell8_r85,cell8,15,0.85,,0.7982960343360901,0.38522547483444214,2.652811050415039,0.2222222238779068,2.2992043495178223,4.235607624053955,1.9364032745361328,224,0.8499999999999998,1.0,1.0,0
smol360,test_short_korean,short,cell8_r90,cell8,16,0.9,,0.6660206317901611,0.2532857060432434,1.5766490697860718,0.4444444477558136,2.2992043495178223,3.243797540664673,0.9445931911468506,224,0.9000000000000002,1.0,1.0,0
smol360,test_short_korean,short,cell8_r95,cell8,17,0.95,,0.4919373691082001,0.12402135133743286,0.672087550163269,0.6161616444587708,2.2992043495178223,2.4643595218658447,0.16515517234802246,224,0.9499999999999998,1.0,1.0,0
smol360,test_short_korean,short,adaptive_t0.5,adaptive,0,,0.5,1.4063864946365356,0.7206838130950928,11.414758682250977,0.0,2.2992043495178223,12.407929420471191,10.108724594116211,224,0.5997767857142857,1.1875,1.0,0
smol360,test_short_korean,short,adaptive_t0.55,adaptive,0,,0.55,1.209879755973816,0.6901417970657349,11.942731857299805,0.04040404036641121,2.2992043495178223,13.485523223876953,11.186319351196289,224,0.6950892857142856,1.1607142857142858,1.0,0
smol360,test_short_korean,short,adaptive_t0.6,adaptive,0,,0.6,1.301088571548462,0.6896020174026489,11.432083129882812,0.04040404036641121,2.2992043495178223,12.945760726928711,10.646556854248047,224,0.7457589285714287,1.1696428571428572,1.0,0
smol360,test_short_korean,short,adaptive_t0.65,adaptive,0,,0.65,1.0401877164840698,0.6310715079307556,7.18900728225708,0.05050504952669144,2.2992043495178223,8.573137283325195,6.273932933807373,224,0.7957589285714287,1.1071428571428572,1.0,0
smol360,test_short_korean,short,adaptive_t0.7,adaptive,0,,0.7,0.8659856915473938,0.3849884271621704,4.327977657318115,0.13131313025951385,2.2992043495178223,6.0503411293029785,3.7511367797851562,224,0.8383928571428572,1.0178571428571428,1.0,0
smol360,test_short_korean,short,adaptive_t0.75,adaptive,0,,0.75,0.7395796775817871,0.28803807497024536,2.62907338142395,0.2222222238779068,2.2992043495178223,4.260146141052246,1.9609417915344238,224,0.8738839285714285,1.0,1.0,0
smol360,test_short_korean,short,adaptive_t0.8,adaptive,0,,0.8,0.6840354204177856,0.26006782054901123,1.9686263799667358,0.2626262605190277,2.2992043495178223,3.4947683811187744,1.1955640316009521,224,0.9013392857142856,1.0,1.0,0
smol360,test_short_korean,short,adaptive_t0.85,adaptive,0,,0.85,0.5802361965179443,0.18083757162094116,1.2257473468780518,0.46464645862579346,2.2992043495178223,2.9539713859558105,0.6547670364379883,224,0.9252232142857143,1.0,1.0,0
smol360,test_short_korean,short,adaptive_t0.9,adaptive,0,,0.9,0.5006262063980103,0.12668251991271973,0.885808527469635,0.5656565427780151,2.2992043495178223,2.6221001148223877,0.32289576530456543,224,0.9486607142857141,1.0,1.0,0
smol360,test_short_korean,short,adaptive_t0.925,adaptive,0,,0.925,0.4919373691082001,0.12402135133743286,0.672087550163269,0.6161616444587708,2.2992043495178223,2.4643595218658447,0.16515517234802246,224,0.9499999999999998,1.0,1.0,0
smol360,test_short_korean,short,adaptive_t0.95,adaptive,0,,0.95,0.4919373691082001,0.12402135133743286,0.672087550163269,0.6161616444587708,2.2992043495178223,2.4643595218658447,0.16515517234802246,224,0.9499999999999998,1.0,0.9910714285714286,0
smol360,test_short_korean,short,adaptive_calibrated,adaptive_calibrated,0,,0.0,1.4063864946365356,0.7206838130950928,11.414758682250977,0.0,2.2992043495178223,12.407929420471191,10.108724594116211,224,0.5997767857142857,1.1875,1.0,0
smol360,test_medium_code,medium,paper_r10,paper,0,0.1,,1.3739253282546997,0.946611225605011,15.538248062133789,0.012500000186264515,3.893587112426758,17.897075653076172,14.003488540649414,224,0.1,1.0,1.0,0
smol360,test_medium_code,medium,paper_r15,paper,1,0.15,,1.405239462852478,1.0959469079971313,17.886962890625,0.0,3.893587112426758,19.770065307617188,15.87647819519043,224,0.14999999999999997,1.0,1.0,0
smol360,test_medium_code,medium,paper_r20,paper,2,0.2,,1.3441003561019897,1.0288716554641724,18.117996215820312,0.0,3.893587112426758,20.084760665893555,16.191173553466797,224,0.2,1.0,1.0,0
smol360,test_medium_code,medium,paper_r25,paper,3,0.25,,1.2327501773834229,0.785429060459137,11.17435359954834,0.0,3.893587112426758,14.421553611755371,10.527966499328613,224,0.25,1.0,1.0,0
smol360,test_medium_code,medium,paper_r30,paper,4,0.3,,1.1207631826400757,0.6597398519515991,10.100098609924316,0.012500000186264515,3.893587112426758,13.005889892578125,9.112302780151367,224,0.29999999999999993,1.0,1.0,0
smol360,test_medium_code,medium,paper_r35,paper,5,0.35,,1.531731367111206,1.0234832763671875,11.568953514099121,0.0,3.893587112426758,14.23045825958252,10.336871147155762,224,0.35,1.0,1.0,0
smol360,test_medium_code,medium,paper_r40,paper,6,0.4,,1.3144034147262573,0.7956250309944153,9.871655464172363,0.012500000186264515,3.893587112426758,13.059995651245117,9.16640853881836,224,0.4,1.0,1.0,0
smol360,test_medium_code,medium,paper_r45,paper,7,0.45,,1.2320140600204468,0.9338467121124268,8.394180297851562,0.012500000186264515,3.893587112426758,11.361696243286133,7.468109130859375,224,0.4500000000000001,1.0,1.0,0
smol360,test_medium_code,medium,paper_r50,paper,8,0.5,,1.2977832555770874,0.9840437769889832,8.061030387878418,0.012500000186264515,3.893587112426758,10.475419044494629,6.581831932067871,224,0.5,1.0,1.0,0
smol360,test_medium_code,medium,paper_r55,paper,9,0.55,,1.0997018814086914,0.8608698844909668,6.459144592285156,0.0625,3.893587112426758,8.978192329406738,5.0846052169799805,224,0.5499999999999999,1.0,1.0,0
smol360,test_medium_code,medium,paper_r60,paper,10,0.6,,1.1358833312988281,0.8492436408996582,6.400573253631592,0.012500000186264515,3.893587112426758,9.101015090942383,5.207427978515625,224,0.5999999999999999,1.0,1.0,0
smol360,test_medium_code,medium,paper_r65,paper,11,0.65,,0.9379249811172485,0.6114920377731323,6.296706676483154,0.05000000074505806,3.893587112426758,8.929597854614258,5.0360107421875,224,0.6500000000000001,1.0,1.0,0
smol360,test_medium_code,medium,paper_r70,paper,12,0.7,,0.9359131455421448,0.6036369204521179,5.587758541107178,0.07500000298023224,3.893587112426758,8.190018653869629,4.296431541442871,224,0.7,1.0,1.0,0
smol360,test_medium_code,medium,paper_r75,paper,13,0.75,,1.044083595275879,0.6439232230186462,4.870817184448242,0.16250000894069672,3.893587112426758,7.4845404624938965,3.5909533500671387,224,0.75,1.0,1.0,0
smol360,test_medium_code,medium,paper_r80,paper,14,0.8,,1.1144614219665527,0.604978084564209,4.081352233886719,0.1875,3.893587112426758,6.849841117858887,2.956254005432129,224,0.8,1.0,1.0,0
smol360,test_medium_code,medium,paper_r85,paper,15,0.85,,0.795220136642456,0.32662761211395264,1.8808956146240234,0.3499999940395355,3.893587112426758,4.927586555480957,1.0339994430541992,224,0.8499999999999998,1.0,1.0,0
smol360,test_medium_code,medium,paper_r90,paper,16,0.9,,0.5987569689750671,0.182023286819458,1.1646932363510132,0.6000000238418579,3.893587112426758,4.537467956542969,0.6438808441162109,224,0.9000000000000002,1.0,1.0,0
smol360,test_medium_code,medium,paper_r95,paper,17,0.95,,0.37473756074905396,0.07177513837814331,0.3107428252696991,0.7875000238418579,3.893587112426758,3.840885877609253,-0.05270123481750488,224,0.9499999999999998,1.0,1.0,0
smol360,test_medium_code,medium,cell8_r10,cell8,0,0.1,,1.3976138830184937,0.8000909090042114,13.925154685974121,0.0,3.893587112426758,16.437562942504883,12.543975830078125,224,0.1,1.0,1.0,0
smol360,test_medium_code,medium,cell8_r15,cell8,1,0.15,,1.6458252668380737,0.8348546624183655,13.063606262207031,0.012500000186264515,3.893587112426758,16.170623779296875,12.277036666870117,224,0.14999999999999997,1.0,1.0,0
smol360,test_medium_code,medium,cell8_r20,cell8,2,0.2,,1.2744312286376953,0.9295755624771118,15.205145835876465,0.0,3.893587112426758,16.274492263793945,12.380905151367188,224,0.2,1.0,1.0,0
smol360,test_medium_code,medium,cell8_r25,cell8,3,0.25,,1.498448371887207,1.0664591789245605,14.531256675720215,0.0,3.893587112426758,16.31208038330078,12.418493270874023,224,0.25,1.0,1.0,0
smol360,test_medium_code,medium,cell8_r30,cell8,4,0.3,,1.2668366432189941,0.8418378829956055,11.885275840759277,0.0,3.893587112426758,14.558958053588867,10.66537094116211,224,0.29999999999999993,1.0,1.0,0
smol360,test_medium_code,medium,cell8_r35,cell8,5,0.35,,1.27388596534729,0.8476831316947937,11.285253524780273,0.012500000186264515,3.893587112426758,13.681745529174805,9.788158416748047,224,0.35,1.0,1.0,0
smol360,test_medium_code,medium,cell8_r40,cell8,6,0.4,,1.228860855102539,0.849082887172699,10.317069053649902,0.05000000074505806,3.893587112426758,13.594362258911133,9.700775146484375,224,0.4,1.0,1.0,0
smol360,test_medium_code,medium,cell8_r45,cell8,7,0.45,,1.237020492553711,0.8562167882919312,11.0795316696167,0.0,3.893587112426758,13.82930850982666,9.935721397399902,224,0.4500000000000001,1.0,1.0,0
smol360,test_medium_code,medium,cell8_r50,cell8,8,0.5,,1.323121428489685,0.7220081090927124,11.057568550109863,0.05000000074505806,3.893587112426758,14.60561752319336,10.712030410766602,224,0.5,1.0,1.0,0
smol360,test_medium_code,medium,cell8_r55,cell8,9,0.55,,1.1476075649261475,0.7437388896942139,10.141783714294434,0.0625,3.893587112426758,12.842391014099121,8.948803901672363,224,0.5499999999999999,1.0,1.0,0
smol360,test_medium_code,medium,cell8_r60,cell8,10,0.6,,1.0121041536331177,0.6662085056304932,7.399745464324951,0.05000000074505806,3.893587112426758,9.970438957214355,6.076851844787598,224,0.5999999999999999,1.0,1.0,0
smol360,test_medium_code,medium,cell8_r65,cell8,11,0.65,,1.1407665014266968,0.7994604706764221,6.033742427825928,0.08749999850988388,3.893587112426758,8.908783912658691,5.015196800231934,224,0.6500000000000001,1.0,1.0,0
smol360,test_medium_code,medium,cell8_r70,cell8,12,0.7,,1.2112047672271729,0.73663330078125,5.4281487464904785,0.10000000149011612,3.893587112426758,8.110560417175293,4.216973304748535,224,0.7,1.0,1.0,0
smol360,test_medium_code,medium,cell8_r75,cell8,13,0.75,,0.8881320953369141,0.5021050572395325,4.764265537261963,0.11250000447034836,3.893587112426758,7.539165019989014,3.645577907562256,224,0.75,1.0,1.0,0
smol360,test_medium_code,medium,cell8_r80,cell8,14,0.8,,0.9631628394126892,0.48411041498184204,3.623729705810547,0.26250001788139343,3.893587112426758,6.540724277496338,2.64713716506958,224,0.8,1.0,1.0,0
smol360,test_medium_code,medium,cell8_r85,cell8,15,0.85,,0.8081144094467163,0.3521358370780945,2.55732798576355,0.36250001192092896,3.893587112426758,5.657406806945801,1.763819694519043,224,0.8499999999999998,1.0,1.0,0
smol360,test_medium_code,medium,cell8_r90,cell8,16,0.9,,0.5878536105155945,0.18213987350463867,1.320929765701294,0.4625000059604645,3.893587112426758,4.555154800415039,0.6615676879882812,224,0.9000000000000002,1.0,1.0,0
smol360,test_medium_code,medium,cell8_r95,cell8,17,0.95,,0.4569665491580963,0.10696995258331299,0.40633946657180786,0.7750000357627869,3.893587112426758,3.8307394981384277,-0.06284761428833008,224,0.9499999999999998,1.0,1.0,0
smol360,test_medium_code,medium,adaptive_t0.5,adaptive,0,,0.5,1.0823540687561035,0.6975518465042114,7.499276638031006,0.02500000037252903,3.893587112426758,10.188865661621094,6.295278549194336,224,0.5761160714285714,1.1875,1.0,0
smol360,test_medium_code,medium,adaptive_t0.55,adaptive,0,,0.55,1.1311893463134766,0.8323153257369995,9.461404800415039,0.0,3.893587112426758,11.794520378112793,7.900933265686035,224,0.6995535714285716,1.1785714285714286,1.0,0
smol360,test_medium_code,medium,adaptive_t0.6,adaptive,0,,0.6,0.9193965196609497,0.5452188849449158,6.0380167961120605,0.11250000447034836,3.893587112426758,8.892495155334473,4.998908042907715,224,0.7415178571428572,1.1696428571428572,1.0,0
smol360,test_medium_code,medium,adaptive_t0.65,adaptive,0,,0.65,1.164904236793518,0.7242140769958496,8.460989952087402,0.012500000186264515,3.893587112426758,11.453635215759277,7.5600481033325195,224,0.7792410714285715,1.2767857142857142,1.0,0
smol360,test_medium_code,medium,adaptive_t0.7,adaptive,0,,0.7,0.8620526790618896,0.444557249546051,5.104217529296875,0.10000000149011612,3.893587112426758,7.95461368560791,4.061026573181152,224,0.8435267857142856,1.0089285714285714,1.0,0
smol360,test_medium_code,medium,adaptive_t0.75,adaptive,0,,0.75,0.6939150094985962,0.2674851417541504,2.7180380821228027,0.32500001788139343,3.893587112426758,5.872767925262451,1.9791808128356934,224,0.8823660714285714,1.0,1.0,0
smol360,test_medium_code,medium,adaptive_t0.8,adaptive,0,,0.8,0.5657019019126892,0.17102909088134766,1.5235401391983032,0.4749999940395355,3.893587112426758,4.833998680114746,0.9404115676879883,224,0.9118303571428569,1.0,1.0,0
smol360,test_medium_code,medium,adaptive_t0.85,adaptive,0,,0.85,0.5107327103614807,0.13448059558868408,0.9776945114135742,0.574999988079071,3.893587112426758,4.407768726348877,0.5141816139221191,224,0.9308035714285714,1.0,1.0,0
smol360,test_medium_code,medium,adaptive_t0.9,adaptive,0,,0.9,0.39800766110420227,0.08141207695007324,0.44846102595329285,0.7125000357627869,3.893587112426758,3.9184508323669434,0.024863719940185547,224,0.9495535714285712,1.0,1.0,0
smol360,test_medium_code,medium,adaptive_t0.925,adaptive,0,,0.925,0.4569665491580963,0.10696995258331299,0.40633946657180786,0.7750000357627869,3.893587112426758,3.8307394981384277,-0.06284761428833008,224,0.9499999999999998,1.0,1.0,0
smol360,test_medium_code,medium,adaptive_t0.95,adaptive,0,,0.95,0.4569665491580963,0.10696995258331299,0.40633946657180786,0.7750000357627869,3.893587112426758,3.8307394981384277,-0.06284761428833008,224,0.9499999999999998,1.0,1.0,0
smol360,test_medium_code,medium,adaptive_calibrated,adaptive_calibrated,0,,0.0,1.0823540687561035,0.6975518465042114,7.499276638031006,0.02500000037252903,3.893587112426758,10.188865661621094,6.295278549194336,224,0.5761160714285714,1.1875,1.0,0
smol360,test_long_structured,long,paper_r10,paper,0,0.1,,1.524248480796814,0.9352774620056152,19.83700942993164,0.0,4.5072455406188965,21.960575103759766,17.45332908630371,224,0.1,1.0,1.0,0
smol360,test_long_structured,long,paper_r15,paper,1,0.15,,1.8250036239624023,1.0427331924438477,12.04861068725586,0.011560693383216858,4.5072455406188965,15.469313621520996,10.962068557739258,224,0.14999999999999997,1.0,1.0,0
smol360,test_long_structured,long,paper_r20,paper,2,0.2,,1.6493419408798218,1.161864995956421,15.86351490020752,0.0,4.5072455406188965,18.535682678222656,14.028436660766602,224,0.2,1.0,1.0,0
smol360,test_long_structured,long,paper_r25,paper,3,0.25,,1.4474859237670898,0.9507280588150024,10.650129318237305,0.023121386766433716,4.5072455406188965,13.914590835571289,9.407344818115234,224,0.25,1.0,1.0,0
smol360,test_long_structured,long,paper_r30,paper,4,0.3,,1.4411132335662842,1.0341649055480957,12.89897632598877,0.0,4.5072455406188965,16.16183090209961,11.654584884643555,224,0.29999999999999993,1.0,1.0,0
smol360,test_long_structured,long,paper_r35,paper,5,0.35,,1.8101140260696411,0.9911956191062927,10.004257202148438,0.0,4.5072455406188965,13.217164039611816,8.709918975830078,224,0.35,1.0,1.0,0
smol360,test_long_structured,long,paper_r40,paper,6,0.4,,1.184144377708435,0.83230060338974,11.482501029968262,0.0,4.5072455406188965,14.364362716674805,9.85711669921875,224,0.4,1.0,1.0,0
smol360,test_long_structured,long,paper_r45,paper,7,0.45,,1.681997299194336,1.0758297443389893,12.230039596557617,0.0,4.5072455406188965,15.337267875671387,10.830022811889648,224,0.4500000000000001,1.0,1.0,0
smol360,test_long_structured,long,paper_r50,paper,8,0.5,,1.0653847455978394,0.7357277274131775,7.324801445007324,0.05780346691608429,4.5072455406188965,10.907987594604492,6.400742053985596,224,0.5,1.0,1.0,0
smol360,test_long_structured,long,paper_r55,paper,9,0.55,,0.9545590281486511,0.6300299167633057,6.069340705871582,0.034682080149650574,4.5072455406188965,9.400626182556152,4.893380641937256,224,0.5499999999999999,1.0,1.0,0
smol360,test_long_structured,long,paper_r60,paper,10,0.6,,1.1913255453109741,0.802436113357544,8.706589698791504,0.005780346691608429,4.5072455406188965,12.411267280578613,7.904021739959717,224,0.5999999999999999,1.0,1.0,0
smol360,test_long_structured,long,paper_r65,paper,11,0.65,,0.9738653898239136,0.5839742422103882,5.052419662475586,0.08670520037412643,4.5072455406188965,8.434210777282715,3.9269652366638184,224,0.6500000000000001,1.0,1.0,0
smol360,test_long_structured,long,paper_r70,paper,12,0.7,,0.9270983934402466,0.5121874809265137,4.793400287628174,0.13294798135757446,4.5072455406188965,8.160399436950684,3.653153896331787,224,0.7,1.0,1.0,0
smol360,test_long_structured,long,paper_r75,paper,13,0.75,,0.8906402587890625,0.46538305282592773,4.187613487243652,0.17341040074825287,4.5072455406188965,7.61224365234375,3.1049981117248535,224,0.75,1.0,1.0,0
smol360,test_long_structured,long,paper_r80,paper,14,0.8,,0.8573260307312012,0.3751283884048462,3.5811526775360107,0.20809248089790344,4.5072455406188965,7.2222700119018555,2.715024471282959,224,0.8,1.0,1.0,0
smol360,test_long_structured,long,paper_r85,paper,15,0.85,,0.7836576700210571,0.2747257947921753,2.262528657913208,0.3641618490219116,4.5072455406188965,5.90038537979126,1.3931398391723633,224,0.8499999999999998,1.0,1.0,0
smol360,test_long_structured,long,paper_r90,paper,16,0.9,,0.6074366569519043,0.16604620218276978,1.0582983493804932,0.5028901696205139,4.5072455406188965,4.909732818603516,0.40248727798461914,224,0.9000000000000002,1.0,1.0,0
smol360,test_long_structured,long,paper_r95,paper,17,0.95,,0.33960533142089844,0.0587119460105896,0.373807430267334,0.676300585269928,4.5072455406188965,4.510552406311035,0.003306865692138672,224,0.9499999999999998,1.0,1.0,0
smol360,test_long_structured,long,cell8_r10,cell8,0,0.1,,1.3689322471618652,0.9772087931632996,13.270925521850586,0.0,4.5072455406188965,16.722755432128906,12.215509414672852,224,0.1,1.0,1.0,0
smol360,test_long_structured,long,cell8_r15,cell8,1,0.15,,1.3533673286437988,1.0112721920013428,14.328737258911133,0.0,4.5072455406188965,17.852357864379883,13.345111846923828,224,0.14999999999999997,1.0,1.0,0
smol360,test_long_structured,long,cell8_r20,cell8,2,0.2,,1.386459231376648,0.9982713460922241,12.235260963439941,0.0,4.5072455406188965,15.179911613464355,10.672666549682617,224,0.2,1.0,1.0,0
smol360,test_long_structured,long,cell8_r25,cell8,3,0.25,,1.3497945070266724,0.9396827816963196,12.32508373260498,0.017341040074825287,4.5072455406188965,15.428201675415039,10.920955657958984,224,0.25,1.0,1.0,0
smol360,test_long_structured,long,cell8_r30,cell8,4,0.3,,1.3378530740737915,0.9122571349143982,10.616059303283691,0.005780346691608429,4.5072455406188965,13.506733894348145,8.999488830566406,224,0.29999999999999993,1.0,1.0,0
smol360,test_long_structured,long,cell8_r35,cell8,5,0.35,,1.344982624053955,1.0471135377883911,15.947684288024902,0.0,4.5072455406188965,18.601110458374023,14.093864440917969,224,0.35,1.0,1.0,0
smol360,test_long_structured,long,cell8_r40,cell8,6,0.4,,1.295224666595459,0.8214429616928101,11.379974365234375,0.017341040074825287,4.5072455406188965,15.193124771118164,10.68587875366211,224,0.4,1.0,1.0,0
smol360,test_long_structured,long,cell8_r45,cell8,7,0.45,,1.1842536926269531,0.7620167136192322,8.515169143676758,0.005780346691608429,4.5072455406188965,11.998797416687012,7.491551876068115,224,0.4500000000000001,1.0,1.0,0
smol360,test_long_structured,long,cell8_r50,cell8,8,0.5,,1.3152530193328857,0.9444339871406555,13.517569541931152,0.0,4.5072455406188965,16.521188735961914,12.01394271850586,224,0.5,1.0,1.0,0
smol360,test_long_structured,long,cell8_r55,cell8,9,0.55,,1.8880220651626587,1.0521360635757446,9.549331665039062,0.005780346691608429,4.5072455406188965,12.70352840423584,8.196283340454102,224,0.5499999999999999,1.0,1.0,0
smol360,test_long_structured,long,cell8_r60,cell8,10,0.6,,0.9715402722358704,0.5850242376327515,6.620203018188477,0.06358381360769272,4.5072455406188965,9.97957706451416,5.472331523895264,224,0.5999999999999999,1.0,1.0,0
smol360,test_long_structured,long,cell8_r65,cell8,11,0.65,,0.9061580300331116,0.5331836342811584,4.811365127563477,0.14450865983963013,4.5072455406188965,8.221176147460938,3.713930606842041,224,0.6500000000000001,1.0,1.0,0
smol360,test_long_structured,long,cell8_r70,cell8,12,0.7,,0.8838964700698853,0.5179380178451538,4.819800853729248,0.08670520037412643,4.5072455406188965,8.212690353393555,3.705444812774658,224,0.7,1.0,1.0,0
smol360,test_long_structured,long,cell8_r75,cell8,13,0.75,,0.7844375371932983,0.36737942695617676,4.037508487701416,0.15606936812400818,4.5072455406188965,7.345352649688721,2.838107109069824,224,0.75,1.0,1.0,0
smol360,test_long_structured,long,cell8_r80,cell8,14,0.8,,0.7857599258422852,0.334860622882843,3.185265302658081,0.18497109413146973,4.5072455406188965,6.883915424346924,2.3766698837280273,224,0.8,1.0,1.0,0
smol360,test_long_structured,long,cell8_r85,cell8,15,0.85,,0.8199607729911804,0.3044166564941406,2.442694902420044,0.2774566411972046,4.5072455406188965,6.065994739532471,1.5587491989135742,224,0.8499999999999998,1.0,1.0,0
smol360,test_long_structured,long,cell8_r90,cell8,16,0.9,,0.6856831908226013,0.22534364461898804,1.8178424835205078,0.3583815097808838,4.5072455406188965,5.452493190765381,0.9452476501464844,224,0.9000000000000002,1.0,1.0,0
smol360,test_long_structured,long,cell8_r95,cell8,17,0.95,,0.4170195460319519,0.08238005638122559,0.5814448595046997,0.5953757166862488,4.5072455406188965,4.721830368041992,0.2145848274230957,224,0.9499999999999998,1.0,1.0,0
smol360,test_long_structured,long,adaptive_t0.5,adaptive,0,,0.5,1.528974175453186,0.9765746593475342,7.592198371887207,0.011560693383216858,4.5072455406188965,11.372428894042969,6.865183353424072,224,0.5526785714285714,1.2232142857142858,1.0,0
smol360,test_long_structured,long,adaptive_t0.55,adaptive,0,,0.55,1.0987541675567627,0.7101336717605591,7.824270248413086,0.017341040074825287,4.5072455406188965,11.39609146118164,6.888845920562744,224,0.6946428571428572,1.1339285714285714,1.0,0
smol360,test_long_structured,long,adaptive_t0.6,adaptive,0,,0.6,0.9999439716339111,0.5495957136154175,5.943946361541748,0.09826589375734329,4.5072455406188965,9.604217529296875,5.0969719886779785,224,0.7426339285714285,1.1339285714285714,1.0,0
smol360,test_long_structured,long,adaptive_t0.65,adaptive,0,,0.65,0.9281341433525085,0.49708157777786255,5.0696234703063965,0.09248554706573486,4.5072455406188965,8.860228538513184,4.352982997894287,224,0.7935267857142858,1.0892857142857142,1.0,0
smol360,test_long_structured,long,adaptive_t0.7,adaptive,0,,0.7,0.8088579773902893,0.3360658288002014,4.06758975982666,0.18497109413146973,4.5072455406188965,7.663200855255127,3.1559553146362305,224,0.84375,1.0178571428571428,1.0,0
smol360,test_long_structured,long,adaptive_t0.75,adaptive,0,,0.75,0.7033702731132507,0.2621925473213196,3.3641533851623535,0.236994206905365,4.5072455406188965,7.172451972961426,2.6652064323425293,224,0.8823660714285715,1.0,1.0,0
smol360,test_long_structured,long,adaptive_t0.8,adaptive,0,,0.8,0.6268291473388672,0.17412221431732178,1.3097327947616577,0.46820807456970215,4.5072455406188965,5.2084784507751465,0.70123291015625,224,0.912723214285714,1.0,1.0,0
smol360,test_long_structured,long,adaptive_t0.85,adaptive,0,,0.85,0.48987048864364624,0.10857605934143066,0.8599034547805786,0.5549132823944092,4.5072455406188965,5.001269340515137,0.49402379989624023,224,0.9321428571428569,1.0,1.0,0
smol360,test_long_structured,long,adaptive_t0.9,adaptive,0,,0.9,0.43182453513145447,0.08610540628433228,0.6255066394805908,0.589595377445221,4.5072455406188965,4.792258262634277,0.28501272201538086,224,0.9493303571428571,1.0,1.0,0
smol360,test_long_structured,long,adaptive_t0.925,adaptive,0,,0.925,0.419129341840744,0.08275467157363892,0.5963959097862244,0.6127167344093323,4.5072455406188965,4.722562313079834,0.2153167724609375,224,0.9497767857142855,1.0,1.0,0
smol360,test_long_structured,long,adaptive_t0.95,adaptive,0,,0.95,0.4170195460319519,0.08238005638122559,0.5814448595046997,0.5953757166862488,4.5072455406188965,4.721830368041992,0.2145848274230957,224,0.9499999999999998,1.0,1.0,0
smol360,test_long_structured,long,adaptive_calibrated,adaptive_calibrated,0,,0.0,1.528974175453186,0.9765746593475342,7.592198371887207,0.011560693383216858,4.5072455406188965,11.372428894042969,6.865183353424072,224,0.5526785714285714,1.2232142857142858,1.0,0
tiny11,test_short_korean,short,paper_r10,paper,0,0.1,,1.2184169292449951,1.0215044021606445,11.324609756469727,0.0,1.5688916444778442,12.600632667541504,11.03174114227295,154,0.09810014204545454,1.0,1.0,0
tiny11,test_short_korean,short,paper_r15,paper,1,0.15,,1.203705906867981,0.9766126275062561,11.469514846801758,0.0,1.5688916444778442,12.46452522277832,10.895633697509766,154,0.14933796672077923,1.0,1.0,0
tiny11,test_short_korean,short,paper_r20,paper,2,0.2,,1.125982403755188,0.7944044470787048,10.769906997680664,0.0,1.5688916444778442,12.01132583618164,10.442434310913086,154,0.19876217532467533,1.0,1.0,0
tiny11,test_short_korean,short,paper_r25,paper,3,0.25,,1.1193711757659912,0.8469656705856323,10.781023025512695,0.0,1.5688916444778442,11.669533729553223,10.100642204284668,154,0.25,1.0,1.0,0
tiny11,test_short_korean,short,paper_r30,paper,4,0.3,,1.127518892288208,0.8756966590881348,10.127689361572266,0.0,1.5688916444778442,11.244340896606445,9.67544937133789,154,0.2990056818181818,1.0,1.0,0
tiny11,test_short_korean,short,paper_r35,paper,5,0.35,,1.2276794910430908,1.028124451637268,10.720669746398926,0.0,1.5688916444778442,11.864005088806152,10.295113563537598,154,0.34810014204545453,1.0,1.0,0
tiny11,test_short_korean,short,paper_r40,paper,6,0.4,,1.0829901695251465,0.7588313221931458,10.439065933227539,0.0,1.5688916444778442,11.449686050415039,9.880794525146484,154,0.3993379667207792,1.0,1.0,0
tiny11,test_short_korean,short,paper_r45,paper,7,0.45,,1.2173335552215576,0.643113911151886,11.125389099121094,0.0,1.5688916444778442,12.411736488342285,10.84284496307373,154,0.44876217532467544,1.0,1.0,0
tiny11,test_short_korean,short,paper_r50,paper,8,0.5,,1.1358997821807861,0.6792001724243164,10.305603981018066,0.0,1.5688916444778442,11.15735912322998,9.588467597961426,154,0.5,1.0,1.0,0
tiny11,test_short_korean,short,paper_r55,paper,9,0.55,,1.1409165859222412,0.6079568862915039,9.864985466003418,0.0,1.5688916444778442,10.992302894592285,9.42341136932373,154,0.5490056818181818,1.0,1.0,0
tiny11,test_short_korean,short,paper_r60,paper,10,0.6,,1.0463014841079712,0.537624716758728,7.5099287033081055,0.05797101557254791,1.5688916444778442,8.542740821838379,6.973849296569824,154,0.5981001420454546,1.0,1.0,0
tiny11,test_short_korean,short,paper_r65,paper,11,0.65,,1.049668312072754,0.5969942808151245,7.519664764404297,0.0,1.5688916444778442,8.629859924316406,7.060968399047852,154,0.6493379667207793,1.0,1.0,0
tiny11,test_short_korean,short,paper_r70,paper,12,0.7,,0.9267629981040955,0.5027692914009094,3.831552743911743,0.260869562625885,1.5688916444778442,4.819401741027832,3.2505102157592773,154,0.6987621753246754,1.0,1.0,0
tiny11,test_short_korean,short,paper_r75,paper,13,0.75,,0.8906086087226868,0.4776390790939331,3.687162160873413,0.2753623127937317,1.5688916444778442,4.662595748901367,3.0937042236328125,154,0.75,1.0,1.0,0
tiny11,test_short_korean,short,paper_r80,paper,14,0.8,,0.7895964980125427,0.3417835235595703,2.5710396766662598,0.3188405930995941,1.5688916444778442,3.6413590908050537,2.07246732711792,154,0.7990056818181818,1.0,1.0,0
tiny11,test_short_korean,short,paper_r85,paper,15,0.85,,0.6304344534873962,0.20212161540985107,1.3895647525787354,0.4637681245803833,1.5688916444778442,2.570042133331299,1.0011504888534546,154,0.8481001420454546,1.0,1.0,0
tiny11,test_short_korean,short,paper_r90,paper,16,0.9,,0.5262008905410767,0.14419490098953247,0.8769300580024719,0.5507246255874634,1.5688916444778442,2.0953731536865234,0.5264815092086792,154,0.8993379667207794,1.0,1.0,0
tiny11,test_short_korean,short,paper_r95,paper,17,0.95,,0.3984908163547516,0.08036655187606812,0.29850128293037415,0.7536231875419617,1.5688916444778442,1.6474676132202148,0.0785759687423706,154,0.9487621753246753,1.0,1.0,0
tiny11,test_short_korean,short,cell8_r10,cell8,0,0.1,,1.1835500001907349,0.979670524597168,11.16347599029541,0.0,1.5688916444778442,12.306158065795898,10.737266540527344,154,0.1000786323051948,1.0,1.0,0
tiny11,test_short_korean,short,cell8_r15,cell8,1,0.15,,1.138558268547058,0.8581488132476807,11.109823226928711,0.0,1.5688916444778442,12.210183143615723,10.641291618347168,154,0.14992136769480519,1.0,1.0,0
tiny11,test_short_korean,short,cell8_r20,cell8,2,0.2,,1.1394610404968262,0.8741388916969299,10.920169830322266,0.0,1.5688916444778442,12.071651458740234,10.50275993347168,154,0.2001572646103896,1.0,1.0,0
tiny11,test_short_korean,short,cell8_r25,cell8,3,0.25,,1.1704003810882568,0.9228367209434509,10.186918258666992,0.0,1.5688916444778442,11.374551773071289,9.805660247802734,154,0.25,1.0,1.0,0
tiny11,test_short_korean,short,cell8_r30,cell8,4,0.3,,1.1632808446884155,0.9316577315330505,11.022819519042969,0.0,1.5688916444778442,12.102029800415039,10.533138275146484,154,0.29984273538961037,1.0,1.0,0
tiny11,test_short_korean,short,cell8_r35,cell8,5,0.35,,1.2333542108535767,0.6093145608901978,10.371708869934082,0.0,1.5688916444778442,11.138097763061523,9.569206237792969,154,0.35007863230519487,1.0,1.0,0
tiny11,test_short_korean,short,cell8_r40,cell8,6,0.4,,1.1221048831939697,0.745468258857727,10.980148315429688,0.0,1.5688916444778442,11.968033790588379,10.399142265319824,154,0.39992136769480513,1.0,1.0,0
tiny11,test_short_korean,short,cell8_r45,cell8,7,0.45,,1.128337025642395,0.8538062572479248,10.139354705810547,0.0,1.5688916444778442,11.291946411132812,9.723054885864258,154,0.4501572646103897,1.0,1.0,0
tiny11,test_short_korean,short,cell8_r50,cell8,8,0.5,,1.1058541536331177,0.6518505811691284,11.328606605529785,0.0,1.5688916444778442,12.239029884338379,10.670138359069824,154,0.5,1.0,1.0,0
tiny11,test_short_korean,short,cell8_r55,cell8,9,0.55,,1.1262164115905762,0.6435470581054688,10.66923999786377,0.0,1.5688916444778442,11.678564071655273,10.109672546386719,154,0.5498427353896103,1.0,1.0,0
tiny11,test_short_korean,short,cell8_r60,cell8,10,0.6,,1.1013414859771729,0.7080289125442505,8.424968719482422,0.028985507786273956,1.5688916444778442,9.551924705505371,7.983033180236816,154,0.6000786323051948,1.0,1.0,0
tiny11,test_short_korean,short,cell8_r65,cell8,11,0.65,,1.0711345672607422,0.7414257526397705,6.595253944396973,0.028985507786273956,1.5688916444778442,7.848496437072754,6.279604911804199,154,0.6499213676948052,1.0,1.0,0
tiny11,test_short_korean,short,cell8_r70,cell8,12,0.7,,0.9228799939155579,0.4975985884666443,3.8284966945648193,0.18840579688549042,1.5688916444778442,4.986748218536377,3.4178566932678223,154,0.7001572646103897,1.0,1.0,0
tiny11,test_short_korean,short,cell8_r75,cell8,13,0.75,,0.8739182353019714,0.4481234550476074,3.5784192085266113,0.260869562625885,1.5688916444778442,4.676652908325195,3.1077613830566406,154,0.75,1.0,1.0,0
tiny11,test_short_korean,short,cell8_r80,cell8,14,0.8,,0.7740006446838379,0.34232211112976074,2.466254472732544,0.37681159377098083,1.5688916444778442,3.516827344894409,1.947935700416565,154,0.7998427353896103,1.0,1.0,0
tiny11,test_short_korean,short,cell8_r85,cell8,15,0.85,,0.6472157835960388,0.21673649549484253,1.3084925413131714,0.43478262424468994,1.5688916444778442,2.395338773727417,0.8264471292495728,154,0.8500786323051948,1.0,1.0,0
tiny11,test_short_korean,short,cell8_r90,cell8,16,0.9,,0.5209944248199463,0.13909238576889038,0.8260686993598938,0.5362318754196167,1.5688916444778442,1.9050557613372803,0.33616411685943604,154,0.8999213676948052,1.0,1.0,0
tiny11,test_short_korean,short,cell8_r95,cell8,17,0.95,,0.3658600449562073,0.06761133670806885,0.3062446713447571,0.695652186870575,1.5688916444778442,1.6051133871078491,0.03622174263000488,154,0.9501572646103896,1.0,1.0,0
tiny11,test_short_korean,short,adaptive_t0.5,adaptive,0,,0.5,1.0773712396621704,0.6003448963165283,9.056442260742188,0.15942029654979706,1.5688916444778442,10.061968803405762,8.493077278137207,154,0.5159827078106553,1.1688311688311688,1.0,0
tiny11,test_short_korean,short,adaptive_t0.55,adaptive,0,,0.55,1.0570472478866577,0.737023115158081,7.385138988494873,0.014492753893136978,1.5688916444778442,8.529501914978027,6.960610389709473,154,0.59091485574085,1.0974025974025974,1.0,0
tiny11,test_short_korean,short,adaptive_t0.6,adaptive,0,,0.6,0.9936014413833618,0.5776500701904297,5.523217678070068,0.14492753148078918,1.5688916444778442,6.603409290313721,5.034517765045166,154,0.6808058773612752,1.051948051948052,1.0,0
tiny11,test_short_korean,short,adaptive_t0.65,adaptive,0,,0.65,0.9645064473152161,0.5786420106887817,3.995912551879883,0.2028985619544983,1.5688916444778442,5.190569877624512,3.621678352355957,154,0.7581615605630165,1.0,1.0,0
tiny11,test_short_korean,short,adaptive_t0.7,adaptive,0,,0.7,0.8711733818054199,0.40992850065231323,4.192134380340576,0.260869562625885,1.5688916444778442,5.080944061279297,3.512052536010742,154,0.8237659224653187,1.0194805194805194,1.0,0
tiny11,test_short_korean,short,adaptive_t0.75,adaptive,0,,0.75,0.7279689311981201,0.29250824451446533,2.157073974609375,0.43478262424468994,1.5688916444778442,3.1483235359191895,1.5794318914413452,154,0.8646601977567886,1.0,1.0,0
tiny11,test_short_korean,short,adaptive_t0.8,adaptive,0,,0.8,0.5651957392692566,0.16649359464645386,0.9734288454055786,0.5072463750839233,1.5688916444778442,2.160938024520874,0.5920463800430298,154,0.9085576621531876,1.0,1.0,0
tiny11,test_short_korean,short,adaptive_t0.85,adaptive,0,,0.85,0.46210941672325134,0.10856688022613525,0.5223644375801086,0.6666666865348816,1.5688916444778442,1.6828943490982056,0.11400270462036133,154,0.9270028178497638,1.0,1.0,0
tiny11,test_short_korean,short,adaptive_t0.9,adaptive,0,,0.9,0.3692944347858429,0.06851857900619507,0.23463241755962372,0.7246376872062683,1.5688916444778442,1.5517359972000122,-0.01715564727783203,154,0.9469009993912337,1.0,1.0,0
tiny11,test_short_korean,short,adaptive_t0.925,adaptive,0,,0.925,0.3659381866455078,0.06711900234222412,0.3274730145931244,0.7536231875419617,1.5688916444778442,1.530120611190796,-0.03877103328704834,154,0.9488541243912337,1.0,1.0,0
tiny11,test_short_korean,short,adaptive_t0.95,adaptive,0,,0.95,0.3604358434677124,0.06478387117385864,0.33407583832740784,0.7101449370384216,1.5688916444778442,1.6389408111572266,0.07004916667938232,154,0.9498306868912337,1.0,1.0,0
tiny11,test_short_korean,short,adaptive_calibrated,adaptive_calibrated,0,,0.0,1.1910550594329834,0.6034433841705322,9.860300064086914,0.0,1.5688916444778442,10.771676063537598,9.202784538269043,154,0.5253664127066116,1.1493506493506493,1.0,0
tiny11,test_medium_code,medium,paper_r10,paper,0,0.1,,1.1605702638626099,1.1696029901504517,11.268827438354492,0.0,2.891526460647583,12.880002975463867,9.988476753234863,154,0.09810014204545454,1.0,1.0,0
tiny11,test_medium_code,medium,paper_r15,paper,1,0.15,,1.1337546110153198,1.0897186994552612,11.183502197265625,0.0,2.891526460647583,12.84976577758789,9.958239555358887,154,0.14933796672077923,1.0,1.0,0
tiny11,test_medium_code,medium,paper_r20,paper,2,0.2,,1.180232048034668,1.186029314994812,11.350790023803711,0.0,2.891526460647583,12.951972007751465,10.060445785522461,154,0.19876217532467533,1.0,1.0,0
tiny11,test_medium_code,medium,paper_r25,paper,3,0.25,,1.0786514282226562,0.9512853026390076,10.721832275390625,0.0,2.891526460647583,12.420312881469727,9.528786659240723,154,0.25,1.0,1.0,0
tiny11,test_medium_code,medium,paper_r30,paper,4,0.3,,1.0640461444854736,0.9051464200019836,10.308550834655762,0.0,2.891526460647583,11.912445068359375,9.020918846130371,154,0.2990056818181818,1.0,1.0,0
tiny11,test_medium_code,medium,paper_r35,paper,5,0.35,,0.8434788584709167,0.458901584148407,8.441452980041504,0.0,2.891526460647583,10.260453224182129,7.368927001953125,154,0.34810014204545453,1.0,1.0,0
tiny11,test_medium_code,medium,paper_r40,paper,6,0.4,,0.9779626727104187,0.7194385528564453,9.752684593200684,0.0,2.891526460647583,11.411599159240723,8.520072937011719,154,0.3993379667207792,1.0,1.0,0
tiny11,test_medium_code,medium,paper_r45,paper,7,0.45,,0.741165816783905,0.26692330837249756,8.18857479095459,0.014084506779909134,2.891526460647583,10.456808090209961,7.565281867980957,154,0.44876217532467544,1.0,1.0,0
tiny11,test_medium_code,medium,paper_r50,paper,8,0.5,,0.7494696378707886,0.2803667187690735,8.022196769714355,0.014084506779909134,2.891526460647583,9.805267333984375,6.913741111755371,154,0.5,1.0,1.0,0
tiny11,test_medium_code,medium,paper_r55,paper,9,0.55,,0.6885931491851807,0.271176815032959,6.157280445098877,0.0845070406794548,2.891526460647583,8.030964851379395,5.139438629150391,154,0.5490056818181818,1.0,1.0,0
tiny11,test_medium_code,medium,paper_r60,paper,10,0.6,,0.660630464553833,0.242417573928833,5.719803810119629,0.056338027119636536,2.891526460647583,7.67340087890625,4.781874656677246,154,0.5981001420454546,1.0,1.0,0
tiny11,test_medium_code,medium,paper_r65,paper,11,0.65,,0.6412394046783447,0.23224514722824097,4.925336837768555,0.09859155118465424,2.891526460647583,6.941110134124756,4.049583435058594,154,0.6493379667207793,1.0,1.0,0
tiny11,test_medium_code,medium,paper_r70,paper,12,0.7,,0.6067694425582886,0.1998969316482544,4.262688636779785,0.11267605423927307,2.891526460647583,6.366116046905518,3.4745895862579346,154,0.6987621753246754,1.0,1.0,0
tiny11,test_medium_code,medium,paper_r75,paper,13,0.75,,0.5514310598373413,0.16531944274902344,2.8292906284332275,0.3661971688270569,2.891526460647583,4.994406223297119,2.102879762649536,154,0.75,1.0,1.0,0
tiny11,test_medium_code,medium,paper_r80,paper,14,0.8,,0.5137926936149597,0.1401122808456421,1.9481570720672607,0.4647887349128723,2.891526460647583,4.124007225036621,1.232480764389038,154,0.7990056818181818,1.0,1.0,0
tiny11,test_medium_code,medium,paper_r85,paper,15,0.85,,0.43662387132644653,0.09484905004501343,1.1183933019638062,0.6056337952613831,2.891526460647583,3.624183416366577,0.7326569557189941,154,0.8481001420454546,1.0,1.0,0
tiny11,test_medium_code,medium,paper_r90,paper,16,0.9,,0.34370025992393494,0.05587714910507202,0.5314967036247253,0.7323943376541138,2.891526460647583,3.174915075302124,0.283388614654541,154,0.8993379667207794,1.0,1.0,0
tiny11,test_medium_code,medium,paper_r95,paper,17,0.95,,0.22509461641311646,0.025165975093841553,0.22292523086071014,0.8309859037399292,2.891526460647583,2.9269614219665527,0.03543496131896973,154,0.9487621753246753,1.0,1.0,0
tiny11,test_medium_code,medium,cell8_r10,cell8,0,0.1,,1.0646494626998901,0.9125328660011292,10.37997817993164,0.0,2.891526460647583,12.154871940612793,9.263345718383789,154,0.1000786323051948,1.0,1.0,0
tiny11,test_medium_code,medium,cell8_r15,cell8,1,0.15,,1.084603190422058,0.9610928297042847,11.031866073608398,0.0,2.891526460647583,12.582180976867676,9.690654754638672,154,0.14992136769480519,1.0,1.0,0
tiny11,test_medium_code,medium,cell8_r20,cell8,2,0.2,,1.0736554861068726,0.9280095100402832,10.43298625946045,0.0,2.891526460647583,12.250861167907715,9.359334945678711,154,0.2001572646103896,1.0,1.0,0
tiny11,test_medium_code,medium,cell8_r25,cell8,3,0.25,,0.9432862401008606,0.6386291980743408,9.374175071716309,0.0,2.891526460647583,11.095316886901855,8.203790664672852,154,0.25,1.0,1.0,0
tiny11,test_medium_code,medium,cell8_r30,cell8,4,0.3,,0.9080798625946045,0.5717340707778931,8.590010643005371,0.0,2.891526460647583,10.23250961303711,7.3409833908081055,154,0.29984273538961037,1.0,1.0,0
tiny11,test_medium_code,medium,cell8_r35,cell8,5,0.35,,0.9039621949195862,0.5620273947715759,8.824317932128906,0.0,2.891526460647583,10.621922492980957,7.730396270751953,154,0.35007863230519487,1.0,1.0,0
tiny11,test_medium_code,medium,cell8_r40,cell8,6,0.4,,0.7492753863334656,0.33150094747543335,7.600162982940674,0.014084506779909134,2.891526460647583,9.482625007629395,6.591098785400391,154,0.39992136769480513,1.0,1.0,0
tiny11,test_medium_code,medium,cell8_r45,cell8,7,0.45,,0.9363273978233337,0.5917940139770508,9.148274421691895,0.0,2.891526460647583,10.635177612304688,7.743651390075684,154,0.4501572646103897,1.0,1.0,0
tiny11,test_medium_code,medium,cell8_r50,cell8,8,0.5,,0.7696642279624939,0.2371959686279297,7.057587623596191,0.056338027119636536,2.891526460647583,9.027933120727539,6.136406898498535,154,0.5,1.0,1.0,0
tiny11,test_medium_code,medium,cell8_r55,cell8,9,0.55,,0.7124969363212585,0.29042500257492065,6.699291706085205,0.014084506779909134,2.891526460647583,8.552424430847168,5.660898208618164,154,0.5498427353896103,1.0,1.0,0
tiny11,test_medium_code,medium,cell8_r60,cell8,10,0.6,,0.6988439559936523,0.2712835669517517,6.573512077331543,0.0422535203397274,2.891526460647583,8.134839057922363,5.243312835693359,154,0.6000786323051948,1.0,1.0,0
tiny11,test_medium_code,medium,cell8_r65,cell8,11,0.65,,0.6813814640045166,0.2612924575805664,5.5659332275390625,0.07042253017425537,2.891526460647583,7.6034722328186035,4.711945533752441,154,0.6499213676948052,1.0,1.0,0
tiny11,test_medium_code,medium,cell8_r70,cell8,12,0.7,,0.6170904636383057,0.20909982919692993,3.8766796588897705,0.1690140813589096,2.891526460647583,5.9363298416137695,3.0448033809661865,154,0.7001572646103897,1.0,1.0,0
tiny11,test_medium_code,medium,cell8_r75,cell8,13,0.75,,0.5998595356941223,0.19137537479400635,3.7275760173797607,0.2112676054239273,2.891526460647583,5.868154525756836,2.976628065109253,154,0.75,1.0,1.0,0
tiny11,test_medium_code,medium,cell8_r80,cell8,14,0.8,,0.6736814379692078,0.2569235563278198,4.0395307540893555,0.2816901206970215,2.891526460647583,6.091737747192383,3.2002112865448,154,0.7998427353896103,1.0,1.0,0
tiny11,test_medium_code,medium,cell8_r85,cell8,15,0.85,,0.3919034004211426,0.0756940245628357,0.805345356464386,0.6338028311729431,2.891526460647583,3.408320903778076,0.5167944431304932,154,0.8500786323051948,1.0,1.0,0
tiny11,test_medium_code,medium,cell8_r90,cell8,16,0.9,,0.3154156804084778,0.049232304096221924,0.43324849009513855,0.7042253613471985,2.891526460647583,2.9337520599365234,0.04222559928894043,154,0.8999213676948052,1.0,1.0,0
tiny11,test_medium_code,medium,cell8_r95,cell8,17,0.95,,0.2024535983800888,0.020134150981903076,0.1600940078496933,0.8591549396514893,2.891526460647583,2.913058042526245,0.02153158187866211,154,0.9501572646103896,1.0,1.0,0
tiny11,test_medium_code,medium,adaptive_t0.5,adaptive,0,,0.5,0.809833288192749,0.41323304176330566,7.135351657867432,0.028169013559818268,2.891526460647583,9.001065254211426,6.109539031982422,154,0.5136998344340319,1.155844155844156,1.0,0
tiny11,test_medium_code,medium,adaptive_t0.55,adaptive,0,,0.55,0.6781681776046753,0.26507437229156494,5.537125587463379,0.056338027119636536,2.891526460647583,7.545734405517578,4.654208183288574,154,0.5996719234245866,1.0649350649350648,1.0,0
tiny11,test_medium_code,medium,adaptive_t0.6,adaptive,0,,0.6,0.7131651043891907,0.2949288487434387,6.1692280769348145,0.0422535203397274,2.891526460647583,8.055964469909668,5.164438247680664,154,0.6622849141270661,1.0844155844155845,1.0,0
tiny11,test_medium_code,medium,adaptive_t0.65,adaptive,0,,0.65,0.5996960997581482,0.1981743574142456,3.5015742778778076,0.26760563254356384,2.891526460647583,5.710141658782959,2.818615198135376,154,0.7870646975538665,1.0,1.0,0
tiny11,test_medium_code,medium,adaptive_t0.7,adaptive,0,,0.7,0.45329925417900085,0.10436636209487915,1.4476133584976196,0.563380241394043,2.891526460647583,3.8009133338928223,0.9093868732452393,154,0.850721122804752,1.0,1.0,0
tiny11,test_medium_code,medium,adaptive_t0.75,adaptive,0,,0.75,0.4210960566997528,0.08989650011062622,1.2230123281478882,0.591549277305603,2.891526460647583,3.6441171169281006,0.7525906562805176,154,0.8857516994724026,1.0,1.0,0
tiny11,test_medium_code,medium,adaptive_t0.8,adaptive,0,,0.8,0.318246990442276,0.04999375343322754,0.4945211708545685,0.7042253613471985,2.891526460647583,2.8733460903167725,-0.018180370330810547,154,0.9124509412817295,1.0,1.0,0
tiny11,test_medium_code,medium,adaptive_t0.85,adaptive,0,,0.85,0.2623072564601898,0.0330776572227478,0.33116450905799866,0.7323943376541138,2.891526460647583,2.795623302459717,-0.09590315818786621,154,0.9283059580689197,1.0,1.0,0
tiny11,test_medium_code,medium,adaptive_t0.9,adaptive,0,,0.9,0.20961198210716248,0.02164769172668457,0.17595650255680084,0.7605633735656738,2.891526460647583,2.9368560314178467,0.04532957077026367,154,0.9472275771103896,1.0,1.0,0
tiny11,test_medium_code,medium,adaptive_t0.925,adaptive,0,,0.925,0.2006923407316208,0.01998382806777954,0.16874505579471588,0.8169013857841492,2.891526460647583,2.934256076812744,0.04272961616516113,154,0.9491807021103896,1.0,1.0,0
tiny11,test_medium_code,medium,adaptive_t0.95,adaptive,0,,0.95,0.19713877141475677,0.019249677658081055,0.16737179458141327,0.8309859037399292,2.891526460647583,2.912827491760254,0.0213010311126709,154,0.9498306868912337,1.0,1.0,0
tiny11,test_medium_code,medium,adaptive_calibrated,adaptive_calibrated,0,,0.0,0.7270125150680542,0.3107185959815979,7.471550464630127,0.028169013559818268,2.891526460647583,9.412201881408691,6.5206756591796875,154,0.5185641994724026,1.2337662337662338,1.0,0
tiny11,test_long_structured,long,paper_r10,paper,0,0.1,,1.0111502408981323,0.8559671640396118,9.014455795288086,0.0,3.7254116535186768,11.706576347351074,7.981164932250977,154,0.09810014204545454,1.0,1.0,0
tiny11,test_long_structured,long,paper_r15,paper,1,0.15,,1.0605807304382324,0.9286922812461853,9.141352653503418,0.0,3.7254116535186768,11.825486183166504,8.100074768066406,154,0.14933796672077923,1.0,1.0,0
tiny11,test_long_structured,long,paper_r20,paper,2,0.2,,1.0205570459365845,0.8296306729316711,8.968421936035156,0.0,3.7254116535186768,11.64555549621582,7.920144081115723,154,0.19876217532467533,1.0,1.0,0
tiny11,test_long_structured,long,paper_r25,paper,3,0.25,,0.7879961729049683,0.38259750604629517,6.618337154388428,0.033519551157951355,3.7254116535186768,9.476602554321289,5.751191139221191,154,0.25,1.0,1.0,0
tiny11,test_long_structured,long,paper_r30,paper,4,0.3,,0.8692808151245117,0.5052322745323181,8.249013900756836,0.0,3.7254116535186768,10.806522369384766,7.081110954284668,154,0.2990056818181818,1.0,1.0,0
tiny11,test_long_structured,long,paper_r35,paper,5,0.35,,1.1509300470352173,1.1513476371765137,9.615242004394531,0.0,3.7254116535186768,12.24886703491211,8.523455619812012,154,0.34810014204545453,1.0,1.0,0
tiny11,test_long_structured,long,paper_r40,paper,6,0.4,,0.6117326617240906,0.200933575630188,7.3897175788879395,0.05586592108011246,3.7254116535186768,10.276888847351074,6.551477432250977,154,0.3993379667207792,1.0,1.0,0
tiny11,test_long_structured,long,paper_r45,paper,7,0.45,,0.7151222229003906,0.20745563507080078,9.003360748291016,0.044692736119031906,3.7254116535186768,11.961941719055176,8.236530303955078,154,0.44876217532467544,1.0,1.0,0
tiny11,test_long_structured,long,paper_r50,paper,8,0.5,,0.6264262795448303,0.21930760145187378,6.297571659088135,0.05027932673692703,3.7254116535186768,9.047591209411621,5.322179794311523,154,0.5,1.0,1.0,0
tiny11,test_long_structured,long,paper_r55,paper,9,0.55,,0.6066224575042725,0.2015010118484497,5.872454643249512,0.06703910231590271,3.7254116535186768,8.811366081237793,5.085954666137695,154,0.5490056818181818,1.0,1.0,0
tiny11,test_long_structured,long,paper_r60,paper,10,0.6,,0.6633183360099792,0.25058257579803467,5.467555046081543,0.033519551157951355,3.7254116535186768,8.314342498779297,4.588931083679199,154,0.5981001420454546,1.0,1.0,0
tiny11,test_long_structured,long,paper_r65,paper,11,0.65,,0.6686962842941284,0.2478846311569214,4.603632926940918,0.08379887789487839,3.7254116535186768,7.401419162750244,3.6760075092315674,154,0.6493379667207793,1.0,1.0,0
tiny11,test_long_structured,long,paper_r70,paper,12,0.7,,0.5705670714378357,0.17670637369155884,3.9807910919189453,0.11731842905282974,3.7254116535186768,6.9177632331848145,3.1923515796661377,154,0.6987621753246754,1.0,1.0,0
tiny11,test_long_structured,long,paper_r75,paper,13,0.75,,0.5046935677528381,0.136555016040802,3.2318060398101807,0.20670390129089355,3.7254116535186768,6.120761871337891,2.395350217819214,154,0.75,1.0,1.0,0
tiny11,test_long_structured,long,paper_r80,paper,14,0.8,,0.8051874041557312,0.4039289951324463,7.3983283042907715,0.011173184029757977,3.7254116535186768,10.214295387268066,6.488883972167969,154,0.7990056818181818,1.0,1.0,0
tiny11,test_long_structured,long,paper_r85,paper,15,0.85,,0.3700508177280426,0.07089757919311523,1.433590292930603,0.4581005573272705,3.7254116535186768,4.6352338790893555,0.9098222255706787,154,0.8481001420454546,1.0,1.0,0
tiny11,test_long_structured,long,paper_r90,paper,16,0.9,,0.2765139043331146,0.03885751962661743,0.681762158870697,0.6312848925590515,3.7254116535186768,4.1069464683532715,0.3815348148345947,154,0.8993379667207794,1.0,1.0,0
tiny11,test_long_structured,long,paper_r95,paper,17,0.95,,0.18338710069656372,0.016894996166229248,0.22979795932769775,0.7653630971908569,3.7254116535186768,3.790050745010376,0.06463909149169922,154,0.9487621753246753,1.0,1.0,0
tiny11,test_long_structured,long,cell8_r10,cell8,0,0.1,,1.109086513519287,1.0772857666015625,9.58736515045166,0.0,3.7254116535186768,12.098551750183105,8.373140335083008,154,0.1000786323051948,1.0,1.0,0
tiny11,test_long_structured,long,cell8_r15,cell8,1,0.15,,0.9576449990272522,0.6760774850845337,9.093927383422852,0.0,3.7254116535186768,11.593461990356445,7.868050575256348,154,0.14992136769480519,1.0,1.0,0
tiny11,test_long_structured,long,cell8_r20,cell8,2,0.2,,1.0603083372116089,0.9766451716423035,9.218360900878906,0.0,3.7254116535186768,11.655577659606934,7.930166244506836,154,0.2001572646103896,1.0,1.0,0
tiny11,test_long_structured,long,cell8_r25,cell8,3,0.25,,0.9603895545005798,0.6876933574676514,8.984447479248047,0.0,3.7254116535186768,11.594381332397461,7.868969917297363,154,0.25,1.0,1.0,0
tiny11,test_long_structured,long,cell8_r30,cell8,4,0.3,,1.0662816762924194,0.9404661059379578,9.658662796020508,0.0,3.7254116535186768,12.325264930725098,8.599853515625,154,0.29984273538961037,1.0,1.0,0
tiny11,test_long_structured,long,cell8_r35,cell8,5,0.35,,0.9709102511405945,0.7430109977722168,8.269986152648926,0.0,3.7254116535186768,10.924176216125488,7.198764801025391,154,0.35007863230519487,1.0,1.0,0
tiny11,test_long_structured,long,cell8_r40,cell8,6,0.4,,0.8433224558830261,0.4592188596725464,7.187592506408691,0.02793296054005623,3.7254116535186768,10.035297393798828,6.3098859786987305,154,0.39992136769480513,1.0,1.0,0
tiny11,test_long_structured,long,cell8_r45,cell8,7,0.45,,0.7333637475967407,0.3192380666732788,6.793927192687988,0.03910614550113678,3.7254116535186768,9.488700866699219,5.763289451599121,154,0.4501572646103897,1.0,1.0,0
tiny11,test_long_structured,long,cell8_r50,cell8,8,0.5,,0.75734543800354,0.3468288779258728,7.19068717956543,0.005586592014878988,3.7254116535186768,10.054374694824219,6.328963279724121,154,0.5,1.0,1.0,0
tiny11,test_long_structured,long,cell8_r55,cell8,9,0.55,,0.7267882227897644,0.3121150732040405,6.979579925537109,0.022346368059515953,3.7254116535186768,9.968954086303711,6.243542671203613,154,0.5498427353896103,1.0,1.0,0
tiny11,test_long_structured,long,cell8_r60,cell8,10,0.6,,0.7037541270256042,0.2891714572906494,5.787578582763672,0.05027932673692703,3.7254116535186768,8.750593185424805,5.025181770324707,154,0.6000786323051948,1.0,1.0,0
tiny11,test_long_structured,long,cell8_r65,cell8,11,0.65,,0.5714981555938721,0.17928147315979004,4.866524696350098,0.09497206658124924,3.7254116535186768,7.725772380828857,4.000360488891602,154,0.6499213676948052,1.0,1.0,0
tiny11,test_long_structured,long,cell8_r70,cell8,12,0.7,,0.6582362055778503,0.24354147911071777,6.177969455718994,0.011173184029757977,3.7254116535186768,9.188581466674805,5.463170051574707,154,0.7001572646103897,1.0,1.0,0
tiny11,test_long_structured,long,cell8_r75,cell8,13,0.75,,0.508575439453125,0.1382601261138916,3.2564985752105713,0.2402234524488449,3.7254116535186768,6.186004161834717,2.46059250831604,154,0.75,1.0,1.0,0
tiny11,test_long_structured,long,cell8_r80,cell8,14,0.8,,0.43386948108673096,0.09902143478393555,2.164149045944214,0.35754188895225525,3.7254116535186768,5.222620964050293,1.4972093105316162,154,0.7998427353896103,1.0,1.0,0
tiny11,test_long_structured,long,cell8_r85,cell8,15,0.85,,0.38336890935897827,0.07515597343444824,1.3677841424942017,0.49162009358406067,3.7254116535186768,4.581597805023193,0.8561861515045166,154,0.8500786323051948,1.0,1.0,0
tiny11,test_long_structured,long,cell8_r90,cell8,16,0.9,,0.26674291491508484,0.036225736141204834,0.5597264766693115,0.6871508359909058,3.7254116535186768,4.003005027770996,0.27759337425231934,154,0.8999213676948052,1.0,1.0,0
tiny11,test_long_structured,long,cell8_r95,cell8,17,0.95,,0.16025207936763763,0.01277083158493042,0.14619164168834686,0.8044692277908325,3.7254116535186768,3.8768951892852783,0.15148353576660156,154,0.9501572646103896,1.0,1.0,0
tiny11,test_long_structured,long,adaptive_t0.5,adaptive,0,,0.5,0.6368322372436523,0.22888708114624023,6.28495979309082,0.011173184029757977,3.7254116535186768,9.216370582580566,5.490959167480469,154,0.509819526176948,1.1103896103896105,1.0,0
tiny11,test_long_structured,long,adaptive_t0.55,adaptive,0,,0.55,0.6728835701942444,0.25596410036087036,5.722512245178223,0.05027932673692703,3.7254116535186768,8.468400001525879,4.742988586425781,154,0.5983829070432408,1.0974025974025974,1.0,0
tiny11,test_long_structured,long,adaptive_t0.6,adaptive,0,,0.6,0.6188317537307739,0.2120482325553894,4.567107200622559,0.12849161028862,3.7254116535186768,7.506747245788574,3.7813355922698975,154,0.6934931190968123,1.0194805194805194,1.0,0
tiny11,test_long_structured,long,adaptive_t0.65,adaptive,0,,0.65,0.6560099124908447,0.20201939344406128,6.837021827697754,0.022346368059515953,3.7254116535186768,9.676246643066406,5.950835227966309,154,0.7409371079914403,1.1818181818181819,1.0,0
tiny11,test_long_structured,long,adaptive_t0.7,adaptive,0,,0.7,0.5774524807929993,0.18168926239013672,3.455320119857788,0.17877094447612762,3.7254116535186768,6.477140426635742,2.7517287731170654,154,0.8338526485943035,1.0,1.0,0
tiny11,test_long_structured,long,adaptive_t0.75,adaptive,0,,0.75,0.3644104599952698,0.06828045845031738,1.2507145404815674,0.5083798766136169,3.7254116535186768,4.507558345794678,0.782146692276001,154,0.8867273972476388,1.0,1.0,0
tiny11,test_long_structured,long,adaptive_t0.8,adaptive,0,,0.8,0.24421225488185883,0.03019571304321289,0.46196722984313965,0.6703910231590271,3.7254116535186768,4.148800849914551,0.423389196395874,154,0.9163355731626327,1.0,1.0,0
tiny11,test_long_structured,long,adaptive_t0.85,adaptive,0,,0.85,0.21212495863437653,0.02270907163619995,0.3053642511367798,0.7206703424453735,3.7254116535186768,3.955376386642456,0.2299647331237793,154,0.9299325053497638,1.0,1.0,0
tiny11,test_long_structured,long,adaptive_t0.9,adaptive,0,,0.9,0.16099494695663452,0.013016700744628906,0.1612115353345871,0.8044692277908325,3.7254116535186768,3.8185622692108154,0.09315061569213867,154,0.9478807325487013,1.0,1.0,0
tiny11,test_long_structured,long,adaptive_t0.925,adaptive,0,,0.925,0.16067568957805634,0.012964010238647461,0.1575257033109665,0.7877094745635986,3.7254116535186768,3.8198153972625732,0.09440374374389648,154,0.9488541243912337,1.0,1.0,0
tiny11,test_long_structured,long,adaptive_t0.95,adaptive,0,,0.95,0.15949176251888275,0.012794673442840576,0.16396328806877136,0.7765362858772278,3.7254116535186768,3.821016550064087,0.09560489654541016,154,0.9498306868912337,1.0,1.0,0
tiny11,test_long_structured,long,adaptive_calibrated,adaptive_calibrated,0,,0.0,0.6256828904151917,0.2196955680847168,5.262570858001709,0.033519551157951355,3.7254116535186768,8.323616981506348,4.59820556640625,154,0.5312038813459268,1.1168831168831168,1.0,0
