method,method_label,score_kind,budget_index,budget_fraction,cases,actual_total_ms,legacy_total_ms,score_median_ms,selector_median_ms,selector_total_ms,read_wall_median_ms,io_median_ms,upload_median_ms,gather_median_ms,gemm_median_ms,relative_l2_error,cosine_error,importance_retention,selected_fraction,chunks,row_match_rate,fallback_rate
cell1_abs_lookup,Cell-1 |x| lookup,abs,0,0.1,63,0.3054960793358882,0.27540642844144686,0.030089650894441253,0.07525263492063491,0.10534228581507617,0.16360623809523805,0.0712459365079365,0.051106785714285695,0.014548317484912374,0.021999237940661436,0.7380762559080881,0.3785135727080088,0.12655639660263815,0.10037090494092368,1.8571428571428572,1.0,0.0
cell1_abs_lookup,Cell-1 |x| lookup,abs,1,0.15,63,0.3206914287300034,0.29060177783556207,0.030089650894441253,0.07647362698412698,0.10656327787856824,0.17276840476190478,0.06866785714285713,0.0661630238095238,0.014863746063340228,0.02649600002619004,0.6819199419447354,0.3151308913079519,0.18054266297628005,0.14962909505907623,2.619047619047619,1.0,0.0
cell1_abs_lookup,Cell-1 |x| lookup,abs,2,0.2,63,0.34999702450289516,0.3199073736084539,0.030089650894441253,0.08067981746031744,0.11076946835475872,0.19181219047619044,0.07197788888888887,0.08230475396825394,0.015383365120561305,0.03203200055138455,0.6461805510260756,0.27837050055700635,0.23260468055331515,0.19981454752953812,3.0634920634920637,1.0,0.0
cell1_abs_lookup,Cell-1 |x| lookup,abs,3,0.25,63,0.373567388763317,0.34347773786887575,0.030089650894441253,0.08041660317460317,0.11050625406904442,0.2181412619047619,0.08066542857142855,0.09930633333333333,0.015137015812335454,0.029782856977175098,0.6157034822695312,0.2473163226294139,0.28531592800503686,0.25,3.634920634920635,1.0,0.0
cell1_abs_lookup,Cell-1 |x| lookup,abs,4,0.3,63,0.4091823657299081,0.3790927148354668,0.030089650894441253,0.08234123809523809,0.11243088898967935,0.24234487301587299,0.08695110317460315,0.11691985714285714,0.015232507982069493,0.03917409574228615,0.5873535977351287,0.22379908391407555,0.3369663102286203,0.30018545247046186,4.238095238095238,1.0,0.0
cell1_abs_lookup,Cell-1 |x| lookup,abs,5,0.35,63,0.4229166826538642,0.3928270317594229,0.030089650894441253,0.07914157936507936,0.10923123025952061,0.26331948412698414,0.09222367460317459,0.13221569047619045,0.015133460362752238,0.03523250790460711,0.5549717688312134,0.1993540459209018,0.3891153666708205,0.35037090494092366,4.603174603174603,1.0,0.0
cell1_abs_lookup,Cell-1 |x| lookup,abs,6,0.4,63,0.45266086543396256,0.42257121453952123,0.030089650894441253,0.08091614285714285,0.1110057937515841,0.2889414206349206,0.09921967460317459,0.149822746031746,0.01507809526094837,0.03763555578650932,0.5273975015337032,0.18051646910016497,0.43799640072716606,0.39962909505907623,4.761904761904762,1.0,0.0
cell1_abs_lookup,Cell-1 |x| lookup,abs,7,0.45,63,0.48556348395853094,0.4554738330640897,0.030089650894441253,0.08161151587301586,0.11170116676745713,0.3086874603174603,0.10249749206349205,0.16700927777777777,0.015149206381350233,0.05002565049226317,0.4965876059843198,0.15829962775820774,0.48816932761479936,0.4498145475295381,4.968253968253968,1.0,0.0
cell1_abs_lookup,Cell-1 |x| lookup,abs,8,0.5,63,0.5017858491263021,0.47169619823186076,0.030089650894441253,0.08244688095238095,0.1125365318468222,0.3344571904761905,0.11164560317460316,0.18363717460317458,0.015573841253561585,0.039218285549727644,0.46741302125155926,0.14014504826258092,0.5375717452594212,0.5,5.126984126984127,1.0,0.0
cell1_abs_lookup,Cell-1 |x| lookup,abs,9,0.55,63,0.5470526828513183,0.516963031956877,0.030089650894441253,0.08233814285714285,0.11242779375158411,0.3637743492063492,0.11729479365079364,0.2074819603174603,0.015338666722296682,0.0555118731710882,0.4345925336053211,0.11965651644600758,0.5905651601534041,0.5501854524704618,5.158730158730159,1.0,0.0
cell1_abs_lookup,Cell-1 |x| lookup,abs,10,0.6,63,0.5708054923887423,0.5407158414943011,0.030089650894441253,0.0814081984126984,0.11149784930713966,0.39682281746031745,0.126349373015873,0.22913418253968254,0.015502730177508419,0.046982095443776614,0.40378030707379653,0.10340823729832964,0.6391746458553133,0.6003709049409237,4.904761904761905,1.0,0.0
cell1_abs_lookup,Cell-1 |x| lookup,abs,11,0.65,63,0.6002095085844881,0.5701198576900467,0.030089650894441253,0.08231212698412697,0.11240177787856824,0.42172773015873016,0.134406119047619,0.2451708968253968,0.015349333366704323,0.050730667180485155,0.3725433891846074,0.08804654885852144,0.6866104564969502,0.6496290950590763,4.380952380952381,1.0,0.0
cell1_abs_lookup,Cell-1 |x| lookup,abs,12,0.7,63,0.6298779843020211,0.5997883334075799,0.030089650894441253,0.08090684920634919,0.11099650010079046,0.43889316666666667,0.13960370634920632,0.2578566666666666,0.015708444373948183,0.06427987316061576,0.33433850382321645,0.07111822234259707,0.7341670252027965,0.6998145475295382,4.0,1.0,0.0
cell1_abs_lookup,Cell-1 |x| lookup,abs,13,0.75,63,0.640108674716713,0.6100190238222717,0.030089650894441253,0.08194688095238094,0.11203653184682222,0.46290490476190477,0.14271377777777774,0.2781825873015873,0.015990349153677575,0.049176888954308245,0.30115638671088074,0.058634665277269106,0.7789474347281078,0.75,3.888888888888889,1.0,0.0
cell1_abs_lookup,Cell-1 |x| lookup,abs,14,0.8,63,0.6924200563892855,0.6623304054948441,0.030089650894441253,0.08163699206349205,0.11172664295793332,0.49642319047619043,0.15251597619047616,0.3009651031746032,0.016029968281232137,0.0682402546739294,0.27010266893794604,0.04699480344378754,0.8263744276667399,0.8001854524704618,3.4126984126984126,1.0,0.0
cell1_abs_lookup,Cell-1 |x| lookup,abs,15,0.85,63,0.701465666554501,0.6713760156600598,0.030089650894441253,0.08281071428571428,0.11290036518015553,0.5140759047619047,0.15706244444444442,0.3132525634920635,0.015933460349010047,0.058555936263430634,0.22788159269100378,0.03391400405338827,0.8718119008200509,0.8503709049409237,3.0317460317460316,1.0,0.0
cell1_abs_lookup,Cell-1 |x| lookup,abs,16,0.9,63,0.7187674767136375,0.6886778258191962,0.030089650894441253,0.07944538888888887,0.10953503978333015,0.5325279285714285,0.15793842857142856,0.33241958730158727,0.01581206351577758,0.06089244484310107,0.18131688163645324,0.021631450880141442,0.9155588490622384,0.8996290950590763,2.4444444444444446,1.0,0.0
cell1_abs_lookup,Cell-1 |x| lookup,abs,17,0.95,63,0.7432016513282221,0.7131120004337809,0.030089650894441253,0.0782952619047619,0.10838491279920316,0.5409719126984126,0.15037396825396823,0.34770748412698416,0.016061968229237965,0.0777828576013682,0.13071100937853014,0.011473815592508419,0.9574983488945734,0.949814547529538,1.7619047619047619,1.0,0.0
cell1_abs_twoline,Cell-1 |x| 2-line,abs,0,0.1,63,0.30331723811055455,0.27322758721611323,0.030089650894441253,0.07512993650793649,0.10521958740237776,0.16165879365079364,0.07013462698412698,0.05070173809523808,0.014518857194435932,0.021919999862947105,0.7344009247091081,0.3751162981230115,0.12784336649236222,0.10037090494092368,2.0,1.0,0.0
cell1_abs_twoline,Cell-1 |x| 2-line,abs,1,0.15,63,0.3211413254573118,0.29105167456287045,0.030089650894441253,0.0775973968253968,0.10768704771983809,0.1722860238095238,0.06862580158730157,0.06608500793650791,0.014729142839473346,0.02643911108847644,0.6807746670785404,0.31385473126456853,0.18131413062413532,0.14962909505907623,2.6825396825396823,1.0,0.0
cell1_abs_twoline,Cell-1 |x| 2-line,abs,2,0.2,63,0.34941110354852956,0.31932145265408823,0.030089650894441253,0.07888426984126982,0.1089739207357111,0.1935724206349206,0.07268098412698411,0.08305883333333332,0.01506184131675765,0.03180292086114008,0.6450681637322145,0.27663574332282653,0.23398611469874303,0.19981454752953812,3.2063492063492065,1.0,0.0
cell1_abs_twoline,Cell-1 |x| 2-line,abs,3,0.25,63,0.372517341265194,0.34242769037075266,0.030089650894441253,0.07989657142857141,0.10998622232301268,0.2176361349206349,0.07934336507936506,0.1001068968253968,0.015222349218905865,0.029672634802640378,0.6147837077400514,0.24663656855386398,0.28799487248299616,0.25,3.8095238095238093,1.0,0.0
cell1_abs_twoline,Cell-1 |x| 2-line,abs,4,0.3,63,0.40438782583463573,0.37429817494019435,0.030089650894441253,0.07845336507936505,0.10854301597380633,0.24155350793650793,0.08713942063492061,0.11608723809523809,0.015205587275207943,0.03908571464911335,0.5858924570419486,0.2234021046805003,0.33917303880055744,0.30018545247046186,4.396825396825397,1.0,0.0
cell1_abs_twoline,Cell-1 |x| 2-line,abs,5,0.35,63,0.4233341112142394,0.39324446031979815,0.030089650894441253,0.07796269047619045,0.10805234137063173,0.2646318650793651,0.09306566666666666,0.13261803174603173,0.015239619058630726,0.03541028570561178,0.5542838650031222,0.19900033965943348,0.3899701601929135,0.35037090494092366,4.634920634920635,1.0,0.0
cell1_abs_twoline,Cell-1 |x| 2-line,abs,6,0.4,63,0.45307335758609335,0.4229837066916521,0.030089650894441253,0.08181530158730158,0.11190495248174286,0.2882256746031746,0.09888982539682538,0.14942729365079363,0.015224888935566847,0.03771784156560893,0.5265808888666687,0.17950954891386484,0.44017519742723493,0.39962909505907623,4.857142857142857,1.0,0.0
cell1_abs_twoline,Cell-1 |x| 2-line,abs,7,0.45,63,0.48752265863034555,0.45743300773590423,0.030089650894441253,0.08334294444444443,0.1134325953388857,0.309181873015873,0.10413557142857141,0.16599480158730157,0.015037968266932693,0.049870222008654,0.4959017236879657,0.15803525088325376,0.4892775203500475,0.4498145475295381,5.015873015873016,1.0,0.0
cell1_abs_twoline,Cell-1 |x| 2-line,abs,8,0.5,63,0.5020926508129466,0.4720029999185053,0.030089650894441253,0.08056323015873014,0.11065288105317142,0.3367471984126984,0.11149086507936508,0.18538521428571428,0.015497650758969361,0.03919492058810728,0.46690869783716543,0.13993398726932582,0.5380691242596459,0.5,5.126984126984127,1.0,0.0
cell1_abs_twoline,Cell-1 |x| 2-line,abs,9,0.55,63,0.5456403100072269,0.5155506591127855,0.030089650894441253,0.08094888888888888,0.11103853978333014,0.3639752301587301,0.1167040873015873,0.2081001587301587,0.015278730216243867,0.05534780984892254,0.434126326651682,0.11950967709223426,0.5909809053890289,0.5501854524704618,5.158730158730159,1.0,0.0
cell1_abs_twoline,Cell-1 |x| 2-line,abs,10,0.6,63,0.5685356987786094,0.538446047884168,0.030089650894441253,0.0818164365079365,0.11190608740237777,0.3940792619047619,0.12528612698412697,0.22816134126984125,0.015575873015064053,0.04697447645640557,0.4035193756784475,0.10324796892347787,0.6394838255549234,0.6003709049409237,4.873015873015873,1.0,0.0
cell1_abs_twoline,Cell-1 |x| 2-line,abs,11,0.65,63,0.6030890639447967,0.5729994130503554,0.030089650894441253,0.08614992857142856,0.11623957946586984,0.4205602142857143,0.13235133333333335,0.24719968253968252,0.015533206407867685,0.05075606378534478,0.37229038638964534,0.08794388695368686,0.6867299354265607,0.6496290950590763,4.380952380952381,1.0,0.0
cell1_abs_twoline,Cell-1 |x| 2-line,abs,12,0.7,63,0.6334848256312429,0.6033951747368016,0.030089650894441253,0.08084792857142856,0.11093757946586982,0.4426346111111111,0.13774920634920632,0.2637156904761904,0.015738920604307458,0.06417371444995437,0.3342230453688119,0.07107498721470905,0.7342573707065885,0.6998145475295382,4.0,1.0,0.0
cell1_abs_twoline,Cell-1 |x| 2-line,abs,13,0.75,63,0.6448689365714438,0.6147792856770026,0.030089650894441253,0.0821850238095238,0.11227467470396506,0.46750930952380954,0.14541716666666665,0.279252619047619,0.015985777675514134,0.04909917466815497,0.30166268701265964,0.058746837434314504,0.7789561578205654,0.75,3.888888888888889,1.0,0.0
cell1_abs_twoline,Cell-1 |x| 2-line,abs,14,0.8,63,0.6893136277062438,0.6592239768118026,0.030089650894441253,0.08204103174603174,0.11213068264047299,0.4926419920634921,0.15023873809523808,0.3002304841269841,0.01618996827257054,0.06835098472970814,0.2701028120363988,0.046990322688269186,0.8264195209457761,0.8001854524704618,3.4126984126984126,1.0,0.0
cell1_abs_twoline,Cell-1 |x| 2-line,abs,15,0.85,63,0.6987447697318035,0.6686551188373623,0.030089650894441253,0.08202847619047618,0.11211812708491745,0.5125659444444445,0.15503628571428568,0.31459668253968254,0.015788698480242724,0.058271999722198785,0.2278680740264318,0.033909311370244055,0.8718276146858458,0.8503709049409237,3.0317460317460316,1.0,0.0
cell1_abs_twoline,Cell-1 |x| 2-line,abs,16,0.9,63,0.7215353259334838,0.6914456750390425,0.030089650894441253,0.08087789682539681,0.11096754771983808,0.5338343174603175,0.15972723809523806,0.33187109523809527,0.015841015910227102,0.06089244484310107,0.18134279250876886,0.021632883283827,0.9155749101487417,0.8996290950590763,2.4603174603174605,1.0,0.0
cell1_abs_twoline,Cell-1 |x| 2-line,abs,17,0.95,63,0.7441394608381958,0.7140498099437544,0.030089650894441253,0.0781657222222222,0.10825537311666349,0.5420255476190476,0.15116599206349204,0.34777165873015875,0.016094476176751,0.0777640639257336,0.13081033460588914,0.011493083976563906,0.957492985422649,0.949814547529538,1.7777777777777777,1.0,0.0
cell1_x2_lookup,Cell-1 X² lookup,x2,0,0.1,63,0.30339399182850596,0.2717028173769485,0.03169117445155737,0.07440751587301586,0.10609869032457324,0.1605008888888889,0.06846925396825396,0.05072248412698411,0.01470222229522367,0.022092190319819998,0.7336419551145463,0.3753472405766684,0.23175367334532357,0.10037090494092368,2.0793650793650795,1.0,0.0
cell1_x2_lookup,Cell-1 X² lookup,x2,1,0.15,63,0.31877670609931147,0.2870855316477541,0.03169117445155737,0.07507842857142856,0.10676960302298595,0.17049700793650793,0.06802805555555554,0.06563182539682538,0.014970412655245641,0.026539682484571846,0.6808595838291305,0.31401591357730685,0.28645835911470746,0.14962909505907623,2.7301587301587302,1.0,0.0
cell1_x2_lookup,Cell-1 X² lookup,x2,2,0.2,63,0.3540005635928616,0.32230938914130414,0.03169117445155737,0.0786970238095238,0.11038819826108118,0.1960883015873016,0.07513792063492063,0.08263139682539682,0.01553168260152373,0.03199238114295493,0.6420662602380155,0.2752390257895939,0.3506644089070577,0.19981454752953812,3.2698412698412698,1.0,0.0
cell1_x2_lookup,Cell-1 X² lookup,x2,3,0.25,63,0.37842295204921567,0.34673177759765816,0.03169117445155737,0.08005700793650791,0.1117481823880653,0.22172746825396825,0.08154601587301585,0.10017295238095236,0.015202031692578628,0.029745269714603288,0.6141637762683252,0.24703999738844612,0.3970326142651694,0.25,3.746031746031746,1.0,0.0
cell1_x2_lookup,Cell-1 X² lookup,x2,4,0.3,63,0.4025770160651964,0.37088584161363897,0.03169117445155737,0.07756465873015872,0.1092558331817161,0.2391299444444444,0.08495823809523807,0.11648848412698412,0.01512279367399589,0.03906844476503981,0.5839409120380878,0.22147735527583529,0.44350193890314255,0.30018545247046186,4.190476190476191,1.0,0.0
cell1_x2_lookup,Cell-1 X² lookup,x2,5,0.35,63,0.42401414249735975,0.39232296804580236,0.03169117445155737,0.07769465873015871,0.1093858331817161,0.26486221428571427,0.09250003968253966,0.13307801587301585,0.014784507926494312,0.03498158710343493,0.5519388724591524,0.19878911025940424,0.49911535401192925,0.35037090494092366,4.555555555555555,1.0,0.0
cell1_x2_lookup,Cell-1 X² lookup,x2,6,0.4,63,0.4485421348548796,0.4168509604033222,0.03169117445155737,0.07870803174603173,0.11039920619758913,0.28546686507936503,0.09738727777777775,0.14925651587301586,0.015110603149329814,0.0375654604285955,0.5250605759580457,0.17938387772393602,0.5406104567505065,0.39962909505907623,4.682539682539683,1.0,0.0
cell1_x2_lookup,Cell-1 X² lookup,x2,7,0.45,63,0.4880442935964049,0.45635311914484744,0.03169117445155737,0.08103657936507935,0.11272775381663674,0.31019450793650793,0.104281,0.16701572222222222,0.015073015886758013,0.05004901595650206,0.4960443108298239,0.15891743841625391,0.5810353301820301,0.4498145475295381,4.650793650793651,1.0,0.0
cell1_x2_lookup,Cell-1 X² lookup,x2,8,0.5,63,0.4988805079222984,0.467189333470741,0.03169117445155737,0.07982403174603174,0.11151520619758913,0.332713873015873,0.10873983333333331,0.18466740476190474,0.015474285679085806,0.03917714302975029,0.4612978438122405,0.13843149798257004,0.6268917388386197,0.5,4.936507936507937,1.0,0.0
cell1_x2_lookup,Cell-1 X² lookup,x2,9,0.55,63,0.5499568652031166,0.5182656907515593,0.03169117445155737,0.07942530952380951,0.1111164839753669,0.3681813333333333,0.12371626190476188,0.205670246031746,0.015275682603555966,0.05538336529086029,0.43244726173875353,0.11968192789289682,0.6796396582845657,0.5501854524704618,4.904761904761905,1.0,0.0
cell1_x2_lookup,Cell-1 X² lookup,x2,10,0.6,63,0.5704698172396071,0.5387786427880498,0.03169117445155737,0.07995811904761904,0.11164929349917643,0.3959801428571429,0.12565107936507933,0.22888153174603174,0.015732317408990244,0.04710806347429747,0.4030108034817709,0.10360422872361678,0.7191372144789923,0.6003709049409237,4.825396825396825,1.0,0.0
cell1_x2_lookup,Cell-1 X² lookup,x2,11,0.65,63,0.5952377860902812,0.5635466116387238,0.03169117445155737,0.07973926984126983,0.11143044429282721,0.41756683333333333,0.13396479365079364,0.24308764285714282,0.015464127034185387,0.05077638142993521,0.3701697203611571,0.0873246382153223,0.7628404848159306,0.6496290950590763,4.444444444444445,1.0,0.0
cell1_x2_lookup,Cell-1 X² lookup,x2,12,0.7,63,0.628109214544213,0.5964180400926556,0.03169117445155737,0.08036584126984125,0.11205701572139865,0.4361634365079365,0.13358438888888888,0.26337034126984127,0.015666793617937255,0.06422196869694047,0.3337140073334532,0.07089478439754905,0.8008021437932574,0.6998145475295382,4.222222222222222,1.0,0.0
cell1_x2_lookup,Cell-1 X² lookup,x2,13,0.75,63,0.6492842537773592,0.6175930793258018,0.03169117445155737,0.08019336507936507,0.11188453953092245,0.47246257142857145,0.1450640873015873,0.2843728571428571,0.01596495229750867,0.04897219052035653,0.3022979212969187,0.059017343180520154,0.8344722626701234,0.75,4.015873015873016,1.0,0.0
cell1_x2_lookup,Cell-1 X² lookup,x2,14,0.8,63,0.6826355240477664,0.650944349596209,0.03169117445155737,0.07944934126984125,0.11114051572139866,0.4877687857142857,0.15010324603174602,0.2940940158730158,0.015713015926026124,0.0680132066860558,0.26886591188136544,0.04676658198946994,0.8762432847704206,0.8001854524704618,3.4285714285714284,1.0,0.0
cell1_x2_lookup,Cell-1 X² lookup,x2,15,0.85,63,0.6975151980278672,0.6658240235763098,0.03169117445155737,0.07947272222222222,0.1111638966737796,0.5123693333333333,0.15140329365079366,0.317997873015873,0.01566526992985649,0.058316698090897616,0.22835577487029013,0.0342187058357965,0.9076848020629277,0.8503709049409237,3.015873015873016,1.0,0.0
cell1_x2_lookup,Cell-1 X² lookup,x2,16,0.9,63,0.7153027301414608,0.6836115556899034,0.03169117445155737,0.07733538888888887,0.10902656334044626,0.5296910238095238,0.15535780158730156,0.3317613888888889,0.01573282543806325,0.06085231755342743,0.18112622200333994,0.02173534272209042,0.9403908025650751,0.8996290950590763,2.4603174603174605,1.0,0.0
cell1_x2_lookup,Cell-1 X² lookup,x2,17,0.95,63,0.7420485320612902,0.7103573576097327,0.03169117445155737,0.07678714285714283,0.10847831730870024,0.5396822142857143,0.15456949999999997,0.3429821746031746,0.016131047588137364,0.07775695287873817,0.12918909010107785,0.011347797181871153,0.9729822306405931,0.949814547529538,1.6507936507936507,1.0,0.0
cell1_x2_twoline,Cell-1 X² 2-line,x2,0,0.1,63,0.3012299601310671,0.2695387856795097,0.03169117445155737,0.0742191111111111,0.10591028556266849,0.15897123015873016,0.0680848253968254,0.050526452380952366,0.014483809574610618,0.021864634835057736,0.7326260649022602,0.3735989710641286,0.2323801621558174,0.10037090494092368,2.0952380952380953,1.0,0.0
cell1_x2_twoline,Cell-1 X² 2-line,x2,1,0.15,63,0.3192976745198075,0.2876065000682501,0.03169117445155737,0.07598511111111109,0.10767628556266849,0.17042723015873015,0.06769791269841269,0.06604161904761903,0.014755047591669172,0.026439111206739623,0.6790468798033775,0.31200359265009564,0.2882249750315196,0.14962909505907623,2.7936507936507935,1.0,0.0
cell1_x2_twoline,Cell-1 X² 2-line,x2,2,0.2,63,0.35339337311446567,0.3217021986629083,0.03169117445155737,0.07890967460317459,0.11060084905473198,0.19574439682539682,0.07527084126984125,0.08239515873015872,0.015210666664181197,0.03183746057015558,0.6414444292230266,0.2747117016050551,0.35450020763609147,0.19981454752953812,3.3333333333333335,1.0,0.0
cell1_x2_twoline,Cell-1 X² 2-line,x2,3,0.25,63,0.3723624122400312,0.3406712377884738,0.03169117445155737,0.07874846031746031,0.11043963476901769,0.2166290634920635,0.07877650793650791,0.09961556349206348,0.015381841269868657,0.029911872709081234,0.6126051740573039,0.2455861029170808,0.40152735795293537,0.25,3.857142857142857,1.0,0.0
cell1_x2_twoline,Cell-1 X² 2-line,x2,4,0.3,63,0.409631555814831,0.3779403813632736,0.03169117445155737,0.0801016349206349,0.1117928093721923,0.24389690476190473,0.0883556984126984,0.11674938888888887,0.014999365064478057,0.03894247661625578,0.582939242855424,0.2211516357603527,0.4446091746527051,0.30018545247046186,4.222222222222222,1.0,0.0
cell1_x2_twoline,Cell-1 X² 2-line,x2,5,0.35,63,0.42615026162655295,0.3944590871749955,0.03169117445155737,0.07879957936507936,0.11049075381663674,0.2650847777777777,0.09273219047619045,0.1332273015873016,0.015290920622646767,0.03528380940949156,0.5490817574577199,0.19640708537328808,0.5011408295896318,0.35037090494092366,4.5396825396825395,1.0,0.0
cell1_x2_twoline,Cell-1 X² 2-line,x2,6,0.4,63,0.449673110989774,0.4179819365382166,0.03169117445155737,0.07910596031746031,0.1107971347690177,0.2859820079365079,0.09817873015873013,0.14892833333333333,0.015234539654874563,0.0376594286293737,0.5246788843697499,0.1792923874325222,0.5421071606022971,0.39962909505907623,4.682539682539683,1.0,0.0
cell1_x2_twoline,Cell-1 X² 2-line,x2,7,0.45,63,0.4896981269006426,0.45800695244908524,0.03169117445155737,0.08090285714285712,0.11259403159441453,0.31164225396825396,0.10476123015873015,0.16694740476190473,0.01533257139344059,0.05012926994453342,0.4955471557609382,0.15853382008416309,0.5815060942892044,0.4498145475295381,4.650793650793651,1.0,0.0
cell1_x2_twoline,Cell-1 X² 2-line,x2,8,0.5,63,0.5049698648495126,0.47327869039795506,0.03169117445155737,0.080087873015873,0.11177904746743039,0.338554119047619,0.11424957936507936,0.18398827777777776,0.015472761872741858,0.039163936461721095,0.4639283991344864,0.13959453030238073,0.6284964623905364,0.5,4.904761904761905,1.0,0.0
cell1_x2_twoline,Cell-1 X² 2-line,x2,9,0.55,63,0.5496555237637683,0.5179643493122108,0.03169117445155737,0.08120919841269839,0.11290037286425579,0.36553788095238093,0.12166711904761904,0.2055543968253968,0.015518984225179423,0.055698285721951964,0.4319724738450041,0.11939770077902169,0.6812218380352807,0.5501854524704618,4.904761904761905,1.0,0.0
cell1_x2_twoline,Cell-1 X² 2-line,x2,10,0.6,63,0.5776088966938332,0.5459177222422757,0.03169117445155737,0.08168901587301586,0.11338019032457325,0.40122324603174603,0.1299338095238095,0.22876646825396824,0.015797333318799213,0.04720812701871466,0.4022548562802729,0.10333378542037233,0.7197414248708695,0.6003709049409237,4.825396825396825,1.0,0.0
cell1_x2_twoline,Cell-1 X² 2-line,x2,11,0.65,63,0.5966470162532765,0.5649558418017191,0.03169117445155737,0.08059986507936508,0.11229103953092245,0.4183867063492063,0.1314596746031746,0.24643129365079364,0.015354920651704504,0.050614349721443026,0.3694571392640235,0.08701897802807032,0.7627213398615519,0.6496290950590763,4.396825396825397,1.0,0.0
cell1_x2_twoline,Cell-1 X² 2-line,x2,12,0.7,63,0.6317070633899039,0.6000158889383465,0.03169117445155737,0.08022618253968253,0.11191735699123992,0.43938335714285714,0.13634544444444444,0.2626691984126984,0.015934476170629694,0.06447187308517707,0.3331360778593946,0.07069147579253662,0.8009071132493397,0.6998145475295382,4.190476190476191,1.0,0.0
cell1_x2_twoline,Cell-1 X² 2-line,x2,13,0.75,63,0.6497159284517073,0.6180247540001501,0.03169117445155737,0.08134355555555554,0.11303473000711294,0.47166481746031746,0.14574884920634917,0.28241449206349206,0.016068063365916364,0.048948317618360555,0.30212745248591377,0.05897697664442513,0.8346215041856917,0.75,4.015873015873016,1.0,0.0
cell1_x2_twoline,Cell-1 X² 2-line,x2,14,0.8,63,0.6830633887682841,0.6513722143167268,0.03169117445155737,0.07964274603174602,0.1113339204833034,0.4881571507936508,0.14656865079365078,0.29979148412698414,0.015630222221333787,0.06794209526999598,0.26873907106854605,0.046723489723508274,0.8763827397709801,0.8001854524704618,3.3968253968253967,1.0,0.0
cell1_x2_twoline,Cell-1 X² 2-line,x2,15,0.85,63,0.6979836186464391,0.6662924441948817,0.03169117445155737,0.07954399206349204,0.11123516651504944,0.5129239444444444,0.153109,0.3168078095238095,0.015587555643703213,0.05823695204324188,0.2283420213350346,0.03421446633717366,0.9076995773920937,0.8503709049409237,3.015873015873016,1.0,0.0
cell1_x2_twoline,Cell-1 X² 2-line,x2,16,0.9,63,0.71650011926249,0.6848089448109326,0.03169117445155737,0.07799576984126982,0.10968694429282722,0.5302519047619048,0.15651106349206348,0.33095146825396826,0.015757714339073643,0.06080355586868425,0.18105948171282685,0.02172210954484481,0.9404185896828061,0.8996290950590763,2.4444444444444446,1.0,0.0
cell1_x2_twoline,Cell-1 X² 2-line,x2,17,0.95,63,0.743135547934306,0.7114443734827486,0.03169117445155737,0.07787415873015872,0.1095653331817161,0.5396822142857143,0.15456949999999997,0.3429821746031746,0.016131047588137364,0.07775695287873817,0.12918909010107785,0.011347797181871153,0.9729822306405931,0.949814547529538,1.6507936507936507,1.0,0.0
paper,Paper |x|,abs,0,0.1,63,0.4755795954992393,0.44548994460479796,0.030089650894441253,0.22463005555555557,0.2547197064499968,0.18426255555555554,0.08475920634920633,0.05340026190476189,0.01452444455335061,0.02207288894033615,0.6981566588556956,0.3443692033253019,0.13643642940691536,0.09144233351235227,3.111111111111111,0.42857142857142855,0.0
paper,Paper |x|,abs,1,0.15,63,0.4902570952598746,0.4601674443654333,0.030089650894441253,0.2366664603174603,0.26675611121190157,0.18042746031746032,0.07505453174603173,0.06565667460317459,0.015518476151757714,0.027555047578754828,0.6586695355732762,0.2967117438240657,0.1959838287697898,0.14696059344790544,3.8095238095238093,0.2857142857142857,0.0
paper,Paper |x|,abs,2,0.2,63,0.5178228889752513,0.48773323808081,0.030089650894441253,0.2410134365079365,0.27110308740237776,0.20189440476190476,0.07875980952380951,0.08259103174603173,0.015475301545054145,0.029350095265914478,0.6219980616181616,0.26400745388061275,0.25015158076134936,0.19276987110633723,5.031746031746032,0.2857142857142857,0.0
paper,Paper |x|,abs,3,0.25,63,0.5365079128900293,0.506418261995588,0.030089650894441253,0.23771019047619046,0.26779984137063173,0.22197791269841266,0.08317270634920633,0.09956048412698411,0.01594107938072979,0.03078907944025496,0.5835466774564887,0.2303939972605024,0.3101927481946491,0.24988251879699247,5.666666666666667,0.8571428571428571,0.0
paper,Paper |x|,abs,4,0.3,63,0.5610694525001805,0.5309798016057392,0.030089650894441253,0.2396473492063492,0.26973700010079044,0.24044940476190474,0.0845181349206349,0.11581432539682537,0.015222349159774277,0.03566069847771095,0.5578530746260806,0.2068113571121579,0.35898524428170825,0.29569179645542426,6.507936507936508,0.2857142857142857,0.0
paper,Paper |x|,abs,5,0.35,63,0.5848946349809842,0.5548049840865429,0.030089650894441253,0.24366097619047616,0.2737506270849175,0.259583373015873,0.0874455,0.13265584920634918,0.015790730138264902,0.03576990474192865,0.5234613867387885,0.1832675735155741,0.408090317060077,0.3413248523093448,7.380952380952381,0.2857142857142857,0.0
paper,Paper |x|,abs,6,0.4,63,0.6070790478373671,0.5769893969429258,0.030089650894441253,0.23734969047619045,0.26743934137063174,0.2873613571428571,0.09761945238095236,0.1501759365079365,0.015354920592572908,0.03692342873130521,0.48348358190721935,0.1542904376983642,0.46975667561803547,0.3970193340494092,8.380952380952381,0.2857142857142857,0.0
paper,Paper |x|,abs,7,0.45,63,0.6341317698095205,0.6040421189150792,0.030089650894441253,0.24008165873015871,0.2701713096246,0.30487728571428574,0.10038951587301585,0.16594234920634918,0.015656126870049324,0.04342704760058526,0.45427733565133716,0.13589648027268664,0.5152636440027327,0.4426523899033297,9.285714285714286,0.2857142857142857,0.0
paper,Paper |x|,abs,8,0.5,63,0.6578223889066785,0.6277327380122372,0.030089650894441253,0.23738506349206348,0.2674747143865048,0.3338691984126984,0.10838108730158728,0.18390992063492062,0.015634793596016928,0.040843682511458264,0.427513468655802,0.11952384502168681,0.5656261917144533,0.49994125939849626,10.0,0.8571428571428571,0.0
paper,Paper |x|,abs,9,0.55,63,0.6952087459400003,0.665119095045559,0.030089650894441253,0.24155103174603174,0.27164068264047303,0.35803561904761905,0.1119910476190476,0.20429392857142856,0.01594666660659838,0.04958577764530973,0.4030440854618237,0.10664288202921547,0.6074793915899973,0.5455743152524167,10.746031746031745,0.2857142857142857,0.0
paper,Paper |x|,abs,10,0.6,63,0.7184139763537711,0.6883243254593298,0.030089650894441253,0.2445693492063492,0.2746590001007905,0.38153021428571426,0.11569907936507935,0.225733,0.015692190414974567,0.04653257155229169,0.37917027807247544,0.094845071671501,0.6485108014137025,0.5913835929108486,11.444444444444445,0.2857142857142857,0.0
paper,Paper |x|,abs,11,0.65,63,0.7548179129967331,0.7247282621022917,0.030089650894441253,0.24711256349206348,0.2772022143865048,0.41031969841269844,0.12623924603174602,0.24139881746031747,0.01602285704205902,0.05127314315547068,0.3441352283227302,0.07762061792706682,0.7017513996078855,0.647078074650913,11.920634920634921,0.42857142857142855,0.0
paper,Paper |x|,abs,12,0.7,63,0.785811087769849,0.7557214368754076,0.030089650894441253,0.24804981746031746,0.2781394683547587,0.4358453333333333,0.12968242857142856,0.265206,0.016007111067809707,0.055819175013947064,0.31670102857733295,0.06576229466332324,0.744215170542399,0.6927111305048335,12.634920634920634,0.2857142857142857,0.0
paper,Paper |x|,abs,13,0.75,63,0.8030709524236388,0.7729813015291975,0.030089650894441253,0.24453246031746032,0.27462211121190155,0.46282496825396824,0.13992201587301584,0.2803294761904762,0.016396190379820118,0.04922768257794868,0.28345277048056083,0.052511807471986756,0.7912506849046738,0.75,12.857142857142858,1.0,0.0
paper,Paper |x|,abs,14,0.8,63,0.8466102218478908,0.8165205709534495,0.030089650894441253,0.252008492063492,0.28209814295793334,0.490251253968254,0.1487598333333333,0.29779084920634924,0.016354539609026296,0.05790628531267713,0.2460729783800031,0.03991018874304631,0.8353969265544225,0.7956330558539205,13.238095238095237,0.2857142857142857,0.0
paper,Paper |x|,abs,15,0.85,63,0.875053674245278,0.8449640233508366,0.030089650894441253,0.2536741507936508,0.28376380168809207,0.5175918412698413,0.15855671428571427,0.3170253174603174,0.016009650858385176,0.057688380428959414,0.2190067210707754,0.03269012201400027,0.8715042746256269,0.8414423335123523,12.80952380952381,0.42857142857142855,0.0
paper,Paper |x|,abs,16,0.9,63,0.9016855796054167,0.8715959287109754,0.030089650894441253,0.25482611904761904,0.2849157699420603,0.539110380952381,0.16253607936507936,0.33412614285714287,0.016257523780777293,0.061401904930197954,0.17015130052875194,0.01892800085128295,0.9197798882211957,0.8969605934479056,12.698412698412698,0.2857142857142857,0.0
paper,Paper |x|,abs,17,0.95,63,0.9306119608059497,0.9005223099115084,0.030089650894441253,0.26014158730158726,0.2902312381960286,0.5582001507936508,0.1681147698412698,0.34747475396825395,0.016716190451194317,0.06546438136507589,0.1149123118717282,0.00898599908465426,0.9578366771576896,0.9427698711063373,12.079365079365079,0.2857142857142857,0.0
