method,method_label,score_kind,budget_index,budget_fraction,cases,actual_total_ms,score_median_ms,selector_median_ms,read_wall_median_ms,gather_median_ms,gemm_median_ms,relative_l2_error,cosine_error,importance_retention,abs_importance_retention,selected_fraction,chunks,fallback_rate
adaptive8_x2,Adaptive-8 X²,x2,0,0.1,63,0.35966544444458637,0.032786793622469106,0.13599423809523808,0.15177279365079363,0.01584406356726369,0.023267555508821675,0.7006259514166723,0.34146229709897724,0.25799324564517484,0.13551187657174604,0.10037090494092368,3.2857142857142856,0.0
adaptive8_x2,Adaptive-8 X²,x2,1,0.15,63,0.3865962540088854,0.032786793622469106,0.14006392063492062,0.17095544444444444,0.01558044446366169,0.027209650843389402,0.665753701169576,0.30302045080396867,0.3073125536006594,0.18894020929223013,0.14962909505907623,4.26984126984127,0.0
adaptive8_x2,Adaptive-8 X²,x2,2,0.2,63,0.4333474126832646,0.032786793622469106,0.15335226984126982,0.19792377777777775,0.016127492005508042,0.0331570794362397,0.6318052852496742,0.2683471129054114,0.3793850905365414,0.24772800930908745,0.19981454752953812,5.079365079365079,0.0
adaptive8_x2,Adaptive-8 X²,x2,3,0.25,63,0.45001627762292207,0.032786793622469106,0.15271673015873016,0.2177587222222222,0.0158283174008367,0.030925714218663743,0.5976932619417471,0.23674847209264357,0.4323192674016196,0.2984897934255145,0.25,5.698412698412699,0.0
adaptive8_x2,Adaptive-8 X²,x2,4,0.3,63,0.47985372239705304,0.032786793622469106,0.15162873015873016,0.2393589603174603,0.015802920603799394,0.04027631769459394,0.5650206238386177,0.20925195728029522,0.4779095924089825,0.35033283678312144,0.30018545247046186,6.126984126984127,0.0
adaptive8_x2,Adaptive-8 X²,x2,5,0.35,63,0.4970516268890547,0.032786793622469106,0.14984566666666665,0.26291440476190475,0.015352380949826418,0.036152380888187646,0.5344206596177722,0.18582241686563641,0.5313061792699117,0.40431222035771325,0.35037090494092366,6.349206349206349,0.0
adaptive8_x2,Adaptive-8 X²,x2,6,0.4,63,0.5336713889175597,0.032786793622469106,0.153196,0.29275069047619046,0.016188952332687703,0.03874895248621223,0.5049384184891269,0.1647897334325881,0.5769561529159546,0.45334149258477346,0.39962909505907623,6.523809523809524,0.0
adaptive8_x2,Adaptive-8 X²,x2,7,0.45,63,0.5740108175851362,0.032786793622469106,0.15414685714285714,0.31937735714285714,0.016229079252788887,0.05147073042416379,0.4748668059233635,0.1465138480776832,0.620687274705796,0.5031359947863079,0.4498145475295381,6.809523809523809,0.0
adaptive8_x2,Adaptive-8 X²,x2,8,0.5,63,0.5844924681261872,0.032786793622469106,0.15273238095238095,0.34210675396825396,0.0163926348563224,0.04047390472676068,0.4474089654044263,0.12935325550654572,0.6527577279106019,0.5494136110184684,0.5,6.984126984126984,0.0
adaptive8_x2,Adaptive-8 X²,x2,9,0.55,63,0.6292465874244448,0.032786793622469106,0.15456526984126984,0.3697355396825397,0.015791746063364826,0.056367238214801184,0.420602723823062,0.11469464926492597,0.6989966489019848,0.596105040065826,0.5501854524704618,6.634920634920635,0.0
adaptive8_x2,Adaptive-8 X²,x2,10,0.6,63,0.6480389526972903,0.032786793622469106,0.15489177777777777,0.39674539682539683,0.01598019046442845,0.04763479400721802,0.39070493300696685,0.10007073387267093,0.7394407344242883,0.6447720092440409,0.6003709049409237,6.5396825396825395,0.0
adaptive8_x2,Adaptive-8 X²,x2,11,0.65,63,0.6772965637229482,0.032786793622469106,0.15674742857142857,0.41927980158730155,0.016450031690062934,0.0520325082516859,0.35851891871009556,0.08397558851847568,0.777000195450253,0.692122393184238,0.6496290950590763,6.222222222222222,0.0
adaptive8_x2,Adaptive-8 X²,x2,12,0.7,63,0.7204677067170522,0.032786793622469106,0.1602982857142857,0.44551545238095236,0.01632152376548633,0.06554565123385848,0.3346523310885661,0.07255668015707102,0.8109189347615318,0.7368248568640815,0.6998145475295382,6.0,0.0
adaptive8_x2,Adaptive-8 X²,x2,13,0.75,63,0.7396534602085314,0.032786793622469106,0.15884693650793652,0.48080296825396823,0.01699504752953842,0.05022171429461899,0.30413406647534835,0.06116900084510678,0.8409120601321024,0.780186116695404,0.75,5.412698412698413,0.0
adaptive8_x2,Adaptive-8 X²,x2,14,0.8,63,0.7855177540407238,0.032786793622469106,0.1576214603174603,0.5087110238095238,0.017009269741792475,0.06938920654947792,0.2619083534689649,0.045073348378378196,0.8840302957428826,0.8303446911630177,0.8001854524704618,4.873015873015873,0.0
adaptive8_x2,Adaptive-8 X²,x2,15,0.85,63,0.8011504523506013,0.032786793622469106,0.1587619523809524,0.5328189761904761,0.01673701582919979,0.060045714327503705,0.23195477949810167,0.03607345100433103,0.9109004669719272,0.8728129901583233,0.8503709049409237,4.063492063492063,0.0
adaptive8_x2,Adaptive-8 X²,x2,16,0.9,63,0.8229570159853035,0.032786793622469106,0.15219228571428572,0.5585905079365079,0.016801015843474622,0.06258641286856594,0.19245821546896225,0.02550867152592488,0.940083312609839,0.9142643194349985,0.8996290950590763,3.4285714285714284,0.0
adaptive8_x2,Adaptive-8 X²,x2,17,0.95,63,0.8661197226103421,0.032786793622469106,0.15465538095238096,0.5831809126984127,0.016647619047453436,0.0788490162896258,0.12506516928976721,0.010885512071942478,0.9751679112040808,0.9589278414135888,0.949814547529538,1.9841269841269842,0.0
cell1_x2,Cell-1 X²,x2,0,0.1,63,0.3183352302215118,0.032786793622469106,0.09116423809523809,0.1554041349206349,0.01574907936747107,0.02323098421569849,0.7336419551145463,0.3753472405766684,0.23175367334532357,0.1270190340185922,0.10037090494092368,2.0793650793650795,0.0
cell1_x2,Cell-1 X²,x2,1,0.15,63,0.3362551427452621,0.032786793622469106,0.09299598412698414,0.16731401587301586,0.015852698376254377,0.027305650746538478,0.6808595838291305,0.31401591357730685,0.28645835911470746,0.18000957038667464,0.14962909505907623,2.7301587301587302,0.0
cell1_x2,Cell-1 X²,x2,2,0.2,63,0.37292042865500463,0.032786793622469106,0.09513287301587302,0.19595949206349206,0.016012698397158583,0.03302857155601178,0.6420662602380155,0.2752390257895939,0.3506644089070577,0.23622431452312165,0.19981454752953812,3.2698412698412698,0.0
cell1_x2,Cell-1 X²,x2,3,0.25,63,0.39833530936816947,0.032786793622469106,0.09715526984126985,0.22100835714285713,0.01620266660456614,0.03118222215700712,0.6141637762683252,0.24703999738844612,0.3970326142651694,0.2852194607257843,0.25,3.746031746031746,0.0
cell1_x2,Cell-1 X²,x2,4,0.3,63,0.4257023098567071,0.032786793622469106,0.09643012698412698,0.2403213253968254,0.01581460309939247,0.04034946075389305,0.5839409120380878,0.22147735527583529,0.44350193890314255,0.33748105877921697,0.30018545247046186,4.190476190476191,0.0
cell1_x2,Cell-1 X²,x2,5,0.35,63,0.44699787277056297,0.032786793622469106,0.09601479365079364,0.26598904761904757,0.01579733328923342,0.036409904589019076,0.5519388724591524,0.19878911025940424,0.49911535401192925,0.38859468130838304,0.35037090494092366,4.555555555555555,0.0
cell1_x2,Cell-1 X²,x2,6,0.4,63,0.4692858175063493,0.032786793622469106,0.09710392063492064,0.2851810079365079,0.015809523739985006,0.03840457157246645,0.5250605759580457,0.17938387772393602,0.5406104567505065,0.4374108678764767,0.39962909505907623,4.682539682539683,0.0
cell1_x2,Cell-1 X²,x2,7,0.45,63,0.5125411987006749,0.032786793622469106,0.0971544761904762,0.3153679285714286,0.015918730048551395,0.051313270267749546,0.4960443108298239,0.15891743841625391,0.5810353301820301,0.48603612515661454,0.4498145475295381,4.650793650793651,0.0
cell1_x2,Cell-1 X²,x2,8,0.5,63,0.5272265394990454,0.032786793622469106,0.0980799365079365,0.3396578412698413,0.01635555546021172,0.04034641263858661,0.4612978438122405,0.13843149798257004,0.6268917388386197,0.537201652451167,0.5,4.936507936507937,0.0
cell1_x2,Cell-1 X²,x2,9,0.55,63,0.5718697219548073,0.032786793622469106,0.09787498412698413,0.36821492857142857,0.01628799999635366,0.056705015637571805,0.43244726173875353,0.11968192789289682,0.6796396582845657,0.5882652534378899,0.5501854524704618,4.904761904761905,0.0
cell1_x2,Cell-1 X²,x2,10,0.6,63,0.5936261113368093,0.032786793622469106,0.09637701587301588,0.4005583015873016,0.01594006351476146,0.04796393673926114,0.4030108034817709,0.10360422872361678,0.7191372144789923,0.6367453658391559,0.6003709049409237,4.825396825396825,0.0
cell1_x2,Cell-1 X²,x2,11,0.65,63,0.6238093574706722,0.032786793622469106,0.09832987301587301,0.4243605,0.016472888918268248,0.051859301914061774,0.3701697203611571,0.0873246382153223,0.7628404848159306,0.6858180099063449,0.6496290950590763,4.444444444444445,0.0
cell1_x2,Cell-1 X²,x2,12,0.7,63,0.6616102781202017,0.032786793622469106,0.09692968253968254,0.45059297619047617,0.016076698367084724,0.06522412740048904,0.3337140073334532,0.07089478439754905,0.8008021437932574,0.7334687331366161,0.6998145475295382,4.222222222222222,0.0
cell1_x2,Cell-1 X²,x2,13,0.75,63,0.6763900556518728,0.032786793622469106,0.09917428571428571,0.4771736111111111,0.016942730055205347,0.05031263514880145,0.3022979212969187,0.059017343180520154,0.8344722626701234,0.7784384649897379,0.75,4.015873015873016,0.0
cell1_x2,Cell-1 X²,x2,14,0.8,63,0.7241206903435181,0.032786793622469106,0.09862214285714285,0.5054782301587302,0.017052444378061842,0.070181079327114,0.26886591188136544,0.04676658198946994,0.8762432847704206,0.8259870637030828,0.8001854524704618,3.4285714285714284,0.0
cell1_x2,Cell-1 X²,x2,15,0.85,63,0.733874348780983,0.032786793622469106,0.097572,0.5274739047619048,0.016522158720781832,0.05951949167582718,0.22835577487029013,0.0342187058357965,0.9076848020629277,0.8714532350736951,0.8503709049409237,3.015873015873016,0.0
cell1_x2,Cell-1 X²,x2,16,0.9,63,0.7525806585712111,0.032786793622469106,0.09755230158730158,0.5427383253968254,0.01676698410440054,0.06273625386021436,0.18112622200333994,0.02173534272209042,0.9403908025650751,0.9154842193164523,0.8996290950590763,2.4603174603174605,0.0
cell1_x2,Cell-1 X²,x2,17,0.95,63,0.7944952940945096,0.032786793622469106,0.0932954126984127,0.5722937222222222,0.016956444474912777,0.07916292107649262,0.12918909010107785,0.011347797181871153,0.9729822306405931,0.9575867558282519,0.949814547529538,1.6507936507936507,0.0
paper,Paper |x|,abs,0,0.1,63,0.5022140795232285,0.03138692085705102,0.24558298412698415,0.18659122222222221,0.01547682539574678,0.02317612692122416,0.6981566588556956,0.3443692033253019,0.13643642940691536,0.13643642940691536,0.09144233351235227,3.111111111111111,0.0
paper,Paper |x|,abs,1,0.15,63,0.509825786099732,0.03138692085705102,0.2584553492063492,0.17511342063492064,0.016021841235222267,0.02884825416618865,0.6586695355732762,0.2967117438240657,0.1959838287697898,0.1959838287697898,0.14696059344790544,3.8095238095238093,0.0
paper,Paper |x|,abs,2,0.2,63,0.539035476391253,0.03138692085705102,0.2588071746031746,0.20154741269841267,0.016529269826908853,0.030764698405705698,0.6219980616181616,0.26400745388061275,0.25015158076134936,0.25015158076134936,0.19276987110633723,5.031746031746032,0.0
paper,Paper |x|,abs,3,0.25,63,0.5624539288702285,0.03138692085705102,0.25151073015873016,0.23117583333333333,0.01653587305179186,0.031844571469322035,0.5835466774564887,0.2303939972605024,0.3101927481946491,0.3101927481946491,0.24988251879699247,5.666666666666667,0.0
paper,Paper |x|,abs,4,0.3,63,0.5805423651096243,0.03138692085705102,0.2556786984126984,0.24039839682539682,0.016127492064639634,0.03695085694983834,0.5578530746260806,0.2068113571121579,0.35898524428170825,0.35898524428170825,0.29569179645542426,6.507936507936508,0.0
paper,Paper |x|,abs,5,0.35,63,0.6117325398644785,0.03138692085705102,0.26156349206349205,0.26512473015873017,0.01651199991326951,0.0371453968719357,0.5234613867387885,0.1832675735155741,0.408090317060077,0.408090317060077,0.3413248523093448,7.380952380952381,0.0
paper,Paper |x|,abs,6,0.4,63,0.6366636513898987,0.03138692085705102,0.25797979365079365,0.29182620634920636,0.01677511113562749,0.03869561939722011,0.48348358190721935,0.1542904376983642,0.46975667561803547,0.46975667561803547,0.3970193340494092,8.380952380952381,0.0
paper,Paper |x|,abs,7,0.45,63,0.6659664368283379,0.03138692085705102,0.258330873015873,0.31391823015873016,0.01690615874729927,0.045424254049384355,0.45427733565133716,0.13589648027268664,0.5152636440027327,0.5152636440027327,0.4426523899033297,9.285714285714286,0.0
paper,Paper |x|,abs,8,0.5,63,0.6982543018251081,0.03138692085705102,0.2592812063492064,0.3488621111111111,0.016293587237005146,0.04243047627073427,0.427513468655802,0.11952384502168681,0.5656261917144533,0.5656261917144533,0.49994125939849626,10.0,0.0
paper,Paper |x|,abs,9,0.55,63,0.7228206508092473,0.03138692085705102,0.25676731746031745,0.36759238095238095,0.016354539609026292,0.050719491930471476,0.4030440854618237,0.10664288202921547,0.6074793915899973,0.6074793915899973,0.5455743152524167,10.746031746031745,0.0
paper,Paper |x|,abs,10,0.6,63,0.7455685561982677,0.03138692085705102,0.26450804761904767,0.38582342857142854,0.01624279359858182,0.04760736555215854,0.37917027807247544,0.094845071671501,0.6485108014137025,0.6485108014137025,0.5913835929108486,11.444444444444445,0.0
paper,Paper |x|,abs,11,0.65,63,0.7851360323745683,0.03138692085705102,0.2642770952380953,0.4198014126984127,0.016915301585362967,0.05275530199564634,0.3441352283227302,0.07762061792706682,0.7017513996078855,0.7017513996078855,0.647078074650913,11.920634920634921,0.0
paper,Paper |x|,abs,12,0.7,63,0.8186120563944729,0.03138692085705102,0.2667130793650794,0.4466611349206349,0.016700444358681822,0.05715047689302568,0.31670102857733295,0.06576229466332324,0.744215170542399,0.744215170542399,0.6927111305048335,12.634920634920634,0.0
paper,Paper |x|,abs,13,0.75,63,0.8462939686179501,0.03138692085705102,0.2701168095238095,0.47664344444444445,0.017232761851378797,0.05091403194126624,0.28345277048056083,0.052511807471986756,0.7912506849046738,0.7912506849046738,0.75,12.857142857142858,0.0
paper,Paper |x|,abs,14,0.8,63,0.8992658887997858,0.03138692085705102,0.2814795555555556,0.5100824603174603,0.016973206315130406,0.059343745754588166,0.2460729783800031,0.03991018874304631,0.8353969265544225,0.8353969265544225,0.7956330558539205,13.238095238095237,0.0
paper,Paper |x|,abs,15,0.85,63,0.9372503730322208,0.03138692085705102,0.2913220158730158,0.5368322301587302,0.017590857199614906,0.06011834894380867,0.2190067210707754,0.03269012201400027,0.8715042746256269,0.8715042746256269,0.8414423335123523,12.80952380952381,0.0
paper,Paper |x|,abs,16,0.9,63,0.9619765157994127,0.03138692085705102,0.28396126984126985,0.566455626984127,0.01702653959630022,0.06314615852066445,0.17015130052875194,0.01892800085128295,0.9197798882211957,0.9197798882211957,0.8969605934479056,12.698412698412698,0.0
paper,Paper |x|,abs,17,0.95,63,0.9801703494943778,0.03138692085705102,0.2842849523809524,0.5795567619047619,0.017728507814426215,0.06721320653718611,0.1149123118717282,0.00898599908465426,0.9578366771576896,0.9578366771576896,0.9427698711063373,12.079365079365079,0.0
shifted8_x2,Shifted-8 X²,x2,0,0.1,63,0.3513769127125768,0.032786793622469106,0.12725711111111113,0.15283497619047617,0.01551441273223308,0.02298361905628721,0.712874429655217,0.3551077435887049,0.24374231719781478,0.13158778101205823,0.10037090494092368,2.0793650793650795,0.0
shifted8_x2,Shifted-8 X²,x2,1,0.15,63,0.3717606031552941,0.032786793622469106,0.12678768253968253,0.1696931746031746,0.015439238088826291,0.027053714301141427,0.6735355047775167,0.3105131018729437,0.29427555439964176,0.18475150115906244,0.14962909505907623,2.6507936507936507,0.0
shifted8_x2,Shifted-8 X²,x2,2,0.2,63,0.41528117479282994,0.032786793622469106,0.13799649206349204,0.19600569841269838,0.015701333312169857,0.03279085738200038,0.6381006049554027,0.27351105307775825,0.3596323853920376,0.23976972604554794,0.19981454752953812,3.3015873015873014,0.0
shifted8_x2,Shifted-8 X²,x2,3,0.25,63,0.4383196269352057,0.032786793622469106,0.13899571428571428,0.2193828333333333,0.0159507301000375,0.031203555593651393,0.6051270639494298,0.2414461052606976,0.4163076901246631,0.2930470104255373,0.25,3.7777777777777777,0.0
shifted8_x2,Shifted-8 X²,x2,4,0.3,63,0.4663005001659478,0.032786793622469106,0.1395562857142857,0.23813367460317458,0.015733841289248686,0.0400899049367696,0.5714632684867533,0.2139501231057303,0.4642009787143223,0.34612736578971615,0.30018545247046186,4.142857142857143,0.0
shifted8_x2,Shifted-8 X²,x2,5,0.35,63,0.4906788571062911,0.032786793622469106,0.13981644444444444,0.2660486984126984,0.015670349156217872,0.03635657147046114,0.5408897661855296,0.19048968383244103,0.5171212989186483,0.3991655518138219,0.35037090494092366,4.587301587301587,0.0
shifted8_x2,Shifted-8 X²,x2,6,0.4,63,0.5160081348020122,0.032786793622469106,0.14227280952380952,0.28656580158730155,0.015855237989435066,0.038527492078996785,0.511461948355039,0.16836731490634735,0.5633237447057452,0.4491232993110778,0.39962909505907623,4.873015873015873,0.0
shifted8_x2,Shifted-8 X²,x2,7,0.45,63,0.5643646270041797,0.032786793622469106,0.14364066666666667,0.3202084047619047,0.01619860312590991,0.051530158827229104,0.4806016995201981,0.14926395908234608,0.6057930938781254,0.4990335901578267,0.4498145475295381,4.9523809523809526,0.0
shifted8_x2,Shifted-8 X²,x2,8,0.5,63,0.5735634838510251,0.032786793622469106,0.1464347619047619,0.3375200873015873,0.016468825306565932,0.04035301571564063,0.45148365138956004,0.13079060637761672,0.6425844336312915,0.5455784608447363,0.5,4.984126984126984,0.0
shifted8_x2,Shifted-8 X²,x2,9,0.55,63,0.6150052620198877,0.032786793622469106,0.14482342857142855,0.3644838015873016,0.016214857203146714,0.05669638103554169,0.42653602123674417,0.11677398473497416,0.6905492307647826,0.5929391999093313,0.5501854524704618,4.873015873015873,0.0
shifted8_x2,Shifted-8 X²,x2,10,0.6,63,0.6318500715979479,0.032786793622469106,0.1447049365079365,0.3906752936507937,0.015926857124127048,0.047756190692621506,0.3972098068555906,0.10224208472267025,0.7313016463839819,0.6417301051200383,0.6003709049409237,4.73015873015873,0.0
shifted8_x2,Shifted-8 X²,x2,11,0.65,63,0.6703070315636311,0.032786793622469106,0.14831350793650794,0.4211589841269841,0.016110222210131895,0.051937523667537934,0.36263634110727005,0.08534036080042517,0.771722209832025,0.689776084725819,0.6496290950590763,4.5396825396825395,0.0
shifted8_x2,Shifted-8 X²,x2,12,0.7,63,0.7056943336373539,0.032786793622469106,0.14794961904761905,0.44280985714285714,0.016493206296766507,0.06565485752764197,0.3381758276151404,0.07354782403461513,0.8059057962326777,0.7344764433209858,0.6998145475295382,4.2063492063492065,0.0
shifted8_x2,Shifted-8 X²,x2,13,0.75,63,0.7303826350149096,0.032786793622469106,0.15099363492063492,0.4791782063492063,0.017003174501633776,0.05042082562096531,0.3069303245431492,0.06191512327345587,0.8366933181172326,0.7786368283014449,0.75,3.9523809523809526,0.0
shifted8_x2,Shifted-8 X²,x2,14,0.8,63,0.767455698353266,0.032786793622469106,0.14827042857142858,0.5004987936507936,0.016595809380449897,0.06930387312812461,0.26250934319955016,0.045492227115328306,0.8812630668519035,0.8285962040462191,0.8001854524704618,3.4444444444444446,0.0
shifted8_x2,Shifted-8 X²,x2,15,0.85,63,0.7895067855368626,0.032786793622469106,0.1501641746031746,0.5299127698412698,0.016549587338453204,0.06009346013149566,0.23350219685022552,0.036456162021273615,0.9098978960324847,0.8722030908342392,0.8503709049409237,2.984126984126984,0.0
shifted8_x2,Shifted-8 X²,x2,16,0.9,63,0.8118720079073158,0.032786793622469106,0.14270733333333335,0.557080865079365,0.016771555493866587,0.0625254603782816,0.1936579020435197,0.025766461614578448,0.9393055457917471,0.9137799238401746,0.8996290950590763,2.507936507936508,0.0
shifted8_x2,Shifted-8 X²,x2,17,0.95,63,0.8551030321997782,0.032786793622469106,0.14541203174603176,0.580274873015873,0.017008761890114254,0.07962057192529,0.1259695479040226,0.011006908757345973,0.9748433941886538,0.9587238724269564,0.949814547529538,1.619047619047619,0.0
