objective,paper_budget_index,paper_budget_fraction,method,method_label,workloads,mean_time_ms,mean_error,mean_loss,mean_selected_fraction,target_mean_error,target_mean_importance_loss
error_oracle,0,0.1,adaptive8_x2,Adaptive-8 X²,3,0.3497347380523965,0.6678126054623771,0.6678126054623771,0.1596821294307196,0.6981566588556957,0.8635635705930845
error_oracle,0,0.1,cell1_x2,Cell-1 X²,3,0.3065028254720843,0.6885773195101628,0.6885773195101628,0.17626282969328075,0.6981566588556957,0.8635635705930845
error_oracle,0,0.1,paper,Paper |x|,3,0.4719036350511823,0.6394175915195356,0.6394175915195356,0.18637833422842812,0.6981566588556957,0.8635635705930845
error_oracle,0,0.1,shifted8_x2,Shifted-8 X²,3,0.3416840953060199,0.6749293451744413,0.6749293451744413,0.16522192758682416,0.6981566588556957,0.8635635705930845
error_oracle,1,0.15,adaptive8_x2,Adaptive-8 X²,3,0.3503003491284497,0.646083996645988,0.646083996645988,0.18823938566654727,0.6586695355732762,0.8040161712302102
error_oracle,1,0.15,cell1_x2,Cell-1 X²,3,0.30766133336023777,0.6488342716521214,0.6488342716521214,0.2238641618928272,0.6586695355732762,0.8040161712302102
error_oracle,1,0.15,paper,Paper |x|,3,0.4719036350511823,0.6394175915195356,0.6394175915195356,0.18637833422842812,0.6586695355732762,0.8040161712302102
error_oracle,1,0.15,shifted8_x2,Shifted-8 X²,3,0.3427055873325808,0.6437847540965156,0.6437847540965156,0.19930639470700554,0.6586695355732762,0.8040161712302102
error_oracle,2,0.2,adaptive8_x2,Adaptive-8 X²,3,0.35123597614677743,0.6174325396617254,0.6174325396617254,0.2175761203604248,0.6219980616181616,0.7498484192386506
error_oracle,2,0.2,cell1_x2,Cell-1 X²,3,0.3093550794282688,0.6095641820972401,0.6095641820972401,0.2651233739109678,0.6219980616181616,0.7498484192386506
error_oracle,2,0.2,paper,Paper |x|,3,0.4723874445568493,0.6110916388117604,0.6110916388117604,0.22039193967060502,0.6219980616181616,0.7498484192386506
error_oracle,2,0.2,shifted8_x2,Shifted-8 X²,3,0.3437367222569036,0.6100321286727511,0.6100321286727511,0.23897121897004406,0.6219980616181616,0.7498484192386506
error_oracle,3,0.25,adaptive8_x2,Adaptive-8 X²,3,0.3530667062443438,0.5754532832947988,0.5754532832947988,0.2667895557345745,0.5835466774564887,0.6898072518053509
error_oracle,3,0.25,cell1_x2,Cell-1 X²,3,0.31140446824284584,0.5732834329976448,0.5732834329976448,0.2968694056569996,0.5835466774564887,0.6898072518053509
error_oracle,3,0.25,paper,Paper |x|,3,0.4740472064500187,0.562567510982118,0.562567510982118,0.26921563581572977,0.5835466774564887,0.6898072518053509
error_oracle,3,0.25,shifted8_x2,Shifted-8 X²,3,0.34663574604343234,0.5639426874381209,0.5639426874381209,0.28976132667979465,0.5835466774564887,0.6898072518053509
error_oracle,4,0.3,adaptive8_x2,Adaptive-8 X²,3,0.3544660792680629,0.5521046851599026,0.5521046851599026,0.29773839360305526,0.5578530746260806,0.6410147557182917
error_oracle,4,0.3,cell1_x2,Cell-1 X²,3,0.313332738042698,0.549163304535406,0.549163304535406,0.3198640201694712,0.5578530746260806,0.6410147557182917
error_oracle,4,0.3,paper,Paper |x|,3,0.4747519207216378,0.5478502804975188,0.5478502804975188,0.28395486484067306,0.5578530746260806,0.6410147557182917
error_oracle,4,0.3,shifted8_x2,Shifted-8 X²,3,0.3480248571235225,0.5442967519518875,0.5442967519518875,0.3119941781537176,0.5578530746260806,0.6410147557182917
error_oracle,5,0.35,adaptive8_x2,Adaptive-8 X²,3,0.3606778729015125,0.5164937050569626,0.5164937050569626,0.3310382541174364,0.5234613867387885,0.591909682939923
error_oracle,5,0.35,cell1_x2,Cell-1 X²,3,0.3175659761832735,0.5193050230838477,0.5193050230838477,0.3436735439789951,0.5234613867387885,0.591909682939923
error_oracle,5,0.35,paper,Paper |x|,3,0.47661558737707144,0.5195699142262576,0.5195699142262576,0.32200758592910844,0.5234613867387885,0.591909682939923
error_oracle,5,0.35,shifted8_x2,Shifted-8 X²,3,0.3544783572001921,0.5188752741567672,0.5188752741567672,0.33971880967299195,0.5234613867387885,0.591909682939923
error_oracle,6,0.4,adaptive8_x2,Adaptive-8 X²,3,0.37917890468335996,0.4661530886022818,0.4661530886022818,0.3992426191968015,0.48348358190721935,0.5302433243819645
error_oracle,6,0.4,cell1_x2,Cell-1 X²,3,0.33109549197977967,0.46837732961608297,0.46837732961608297,0.40084120270915385,0.48348358190721935,0.5302433243819645
error_oracle,6,0.4,paper,Paper |x|,3,0.4857730874437624,0.46648408765239374,0.46648408765239374,0.3838222789115646,0.48348358190721935,0.5302433243819645
error_oracle,6,0.4,shifted8_x2,Shifted-8 X²,3,0.37175195240471287,0.47157393845300827,0.47157393845300827,0.3992416868063014,0.48348358190721935,0.5302433243819645
error_oracle,7,0.45,adaptive8_x2,Adaptive-8 X²,3,0.3875513015199937,0.4478536565152426,0.4478536565152426,0.4286147847296813,0.45427733565133716,0.4847363559972672
error_oracle,7,0.45,cell1_x2,Cell-1 X²,3,0.338153841164271,0.44767616970080226,0.44767616970080226,0.4325518036161833,0.45427733565133716,0.4847363559972672
error_oracle,7,0.45,paper,Paper |x|,3,0.4898598096906288,0.45143530207375687,0.45143530207375687,0.39886267006802717,0.45427733565133716,0.4847363559972672
error_oracle,7,0.45,shifted8_x2,Shifted-8 X²,3,0.38444150006898054,0.44456235431726016,0.44456235431726016,0.44682530358634676,0.45427733565133716,0.4847363559972672
error_oracle,8,0.5,adaptive8_x2,Adaptive-8 X²,3,0.40207891259709516,0.42247592752415036,0.42247592752415036,0.47461147287862504,0.427513468655802,0.43437380828554667
error_oracle,8,0.5,cell1_x2,Cell-1 X²,3,0.34737653967441545,0.4266654465584055,0.4266654465584055,0.4634288474161594,0.427513468655802,0.43437380828554667
error_oracle,8,0.5,paper,Paper |x|,3,0.5011006906499438,0.42298984406368123,0.42298984406368123,0.45041827037832677,0.427513468655802,0.43437380828554667
error_oracle,8,0.5,shifted8_x2,Shifted-8 X²,3,0.39908638890436904,0.4224718597436708,0.4224718597436708,0.49600144334049406,0.427513468655802,0.43437380828554667
error_oracle,9,0.55,adaptive8_x2,Adaptive-8 X²,3,0.42049997601616096,0.40008657963739497,0.40008657963739497,0.5158082147332617,0.40304408546182374,0.39252060841000275
error_oracle,9,0.55,cell1_x2,Cell-1 X²,3,0.3714406429286969,0.3955449476424191,0.3955449476424191,0.5213083862931137,0.40304408546182374,0.39252060841000275
error_oracle,9,0.55,paper,Paper |x|,3,0.5150143335686866,0.3985238453402879,0.3985238453402879,0.5013221297290846,0.40304408546182374,0.39252060841000275
error_oracle,9,0.55,shifted8_x2,Shifted-8 X²,3,0.4200242777542849,0.3993895282702786,0.3993895282702786,0.5260467948144169,0.40304408546182374,0.39252060841000275
error_oracle,10,0.6,adaptive8_x2,Adaptive-8 X²,3,0.45792740451438174,0.37013823574497584,0.37013823574497584,0.5522665480665948,0.37917027807247544,0.3514891985862974
error_oracle,10,0.6,cell1_x2,Cell-1 X²,3,0.40700322224269964,0.36366296124955017,0.36366296124955017,0.5641391424991048,0.37917027807247544,0.3514891985862974
error_oracle,10,0.6,paper,Paper |x|,3,0.5390088256567406,0.3734477414779129,0.3734477414779129,0.5566734917651271,0.37917027807247544,0.3514891985862974
error_oracle,10,0.6,shifted8_x2,Shifted-8 X²,3,0.4543859525445888,0.36929393896744367,0.36929393896744367,0.5601774152643513,0.37917027807247544,0.3514891985862974
error_oracle,11,0.65,adaptive8_x2,Adaptive-8 X²,3,0.5028225476692063,0.336045308955132,0.336045308955132,0.5943043061522854,0.34413522832273014,0.29824860039211454
error_oracle,11,0.65,cell1_x2,Cell-1 X²,3,0.43953122230235436,0.3362933714534082,0.3362933714534082,0.5982422574292873,0.34413522832273014,0.29824860039211454
error_oracle,11,0.65,paper,Paper |x|,3,0.5876977621041405,0.33262421326002195,0.33262421326002195,0.6010506176154672,0.34413522832273014,0.29824860039211454
error_oracle,11,0.65,shifted8_x2,Shifted-8 X²,3,0.5129857224260038,0.32329434978346977,0.32329434978346977,0.6149409050901061,0.34413522832273014,0.29824860039211454
error_oracle,12,0.7,adaptive8_x2,Adaptive-8 X²,3,0.5596506591524538,0.2940345910333451,0.2940345910333451,0.6450902181047855,0.3167010285773329,0.2557848294576009
error_oracle,12,0.7,cell1_x2,Cell-1 X²,3,0.48682138102056677,0.2988229472308405,0.2988229472308405,0.6458729599295857,0.3167010285773329,0.2557848294576009
error_oracle,12,0.7,paper,Paper |x|,3,0.6322453811790253,0.3005373664717707,0.3005373664717707,0.6414361797350518,0.3167010285773329,0.2557848294576009
error_oracle,12,0.7,shifted8_x2,Shifted-8 X²,3,0.5664264205875406,0.28428915870331584,0.28428915870331584,0.6609772198353023,0.3167010285773329,0.2557848294576009
error_oracle,13,0.75,adaptive8_x2,Adaptive-8 X²,3,0.6134357385397563,0.2572737821037807,0.2572737821037807,0.6926896855233319,0.2834527704805609,0.20874931509532627
error_oracle,13,0.75,cell1_x2,Cell-1 X²,3,0.5471730477812772,0.2544136735100654,0.2544136735100654,0.7053687977383934,0.2834527704805609,0.20874931509532627
error_oracle,13,0.75,paper,Paper |x|,3,0.7391064923378732,0.22765927879317174,0.22765927879317174,0.7342724370449935,0.2834527704805609,0.20874931509532627
error_oracle,13,0.75,shifted8_x2,Shifted-8 X²,3,0.6079063493262661,0.2540069600301129,0.2540069600301129,0.6982681778851889,0.2834527704805609,0.20874931509532627
error_oracle,14,0.8,adaptive8_x2,Adaptive-8 X²,3,0.6673602306889759,0.22064447615827834,0.22064447615827834,0.7371409364184268,0.24607297838000317,0.16460307344557748
error_oracle,14,0.8,cell1_x2,Cell-1 X²,3,0.5853149129017505,0.2278853026329584,0.2278853026329584,0.737894307942475,0.24607297838000317,0.16460307344557748
error_oracle,14,0.8,paper,Paper |x|,3,0.7391064923378732,0.22765927879317174,0.22765927879317174,0.7342724370449935,0.24607297838000317,0.16460307344557748
error_oracle,14,0.8,shifted8_x2,Shifted-8 X²,3,0.645960516019718,0.22759122951399713,0.22759122951399713,0.7307769050602695,0.24607297838000317,0.16460307344557748
error_oracle,15,0.85,adaptive8_x2,Adaptive-8 X²,3,0.6821410798910573,0.2105255238120518,0.2105255238120518,0.748252700202888,0.21900672107077543,0.12849572537437318
error_oracle,15,0.85,cell1_x2,Cell-1 X²,3,0.6135976747097353,0.2088344405841319,0.2088344405841319,0.7632753759398495,0.21900672107077543,0.12849572537437318
error_oracle,15,0.85,paper,Paper |x|,3,0.7680951589807198,0.20854867248988104,0.20854867248988104,0.7573034147869674,0.21900672107077543,0.12849572537437318
error_oracle,15,0.85,shifted8_x2,Shifted-8 X²,3,0.677195373181977,0.20635030696552895,0.20635030696552895,0.7577574889604962,0.21900672107077543,0.12849572537437318
error_oracle,16,0.9,adaptive8_x2,Adaptive-8 X²,3,0.7597366590606267,0.1658735267027089,0.1658735267027089,0.8386866533894257,0.1701513005287519,0.08022011177880424
error_oracle,16,0.9,cell1_x2,Cell-1 X²,3,0.7006518493812046,0.15931148496308614,0.15931148496308614,0.8577517081393958,0.1701513005287519,0.08022011177880424
error_oracle,16,0.9,paper,Paper |x|,3,0.8488909049029983,0.16374484736043662,0.16374484736043662,0.8374572965150971,0.1701513005287519,0.08022011177880424
error_oracle,16,0.9,shifted8_x2,Shifted-8 X²,3,0.7516442699690149,0.16489081353776983,0.16489081353776983,0.8363421574770257,0.1701513005287519,0.08022011177880424
error_oracle,17,0.95,paper,Paper |x|,3,0.9801703494943778,0.11491231187172823,0.11491231187172823,0.9427698711063371,0.11491231187172822,0.04216332284231036
importance_bound,0,0.1,adaptive8_x2,Adaptive-8 X²,3,0.3497347380523965,0.6678126054623771,0.8043349643075276,0.1596821294307196,0.6981566588556957,0.8635635705930845
importance_bound,0,0.1,cell1_x2,Cell-1 X²,3,0.30632030957914247,0.7059685342782546,0.8205090822681548,0.15642155985201092,0.6981566588556957,0.8635635705930845
importance_bound,0,0.1,paper,Paper |x|,3,0.4719036350511823,0.6394175915195356,0.7631922652797094,0.18637833422842812,0.6981566588556957,0.8635635705930845
importance_bound,0,0.1,shifted8_x2,Shifted-8 X²,3,0.3416840953060199,0.6749293451744413,0.802530397143629,0.16522192758682416,0.6981566588556957,0.8635635705930845
importance_bound,1,0.15,adaptive8_x2,Adaptive-8 X²,3,0.34998928564548676,0.6597786519735579,0.7900480654031511,0.1739607575486334,0.6586695355732762,0.8040161712302102
importance_bound,1,0.15,cell1_x2,Cell-1 X²,3,0.3068068413544704,0.6795398898954902,0.7843430721097522,0.19293303944384763,0.6586695355732762,0.8040161712302102
importance_bound,1,0.15,paper,Paper |x|,3,0.4719036350511823,0.6394175915195356,0.7631922652797094,0.18637833422842812,0.6586695355732762,0.8040161712302102
importance_bound,1,0.15,shifted8_x2,Shifted-8 X²,3,0.3420341667179352,0.6618099491747599,0.7831649675019204,0.18504548200859286,0.6586695355732762,0.8040161712302102
importance_bound,2,0.2,adaptive8_x2,Adaptive-8 X²,3,0.3511422618456028,0.6287504997518327,0.7426695135377702,0.22154437432867877,0.6219980616181616,0.7498484192386506
importance_bound,2,0.2,cell1_x2,Cell-1 X²,3,0.30799281746659773,0.6481506391058839,0.7356220882326837,0.24214647481799734,0.6219980616181616,0.7498484192386506
importance_bound,2,0.2,paper,Paper |x|,3,0.4721484921885369,0.6273686691142973,0.7445202439077317,0.2056527106456617,0.6219980616181616,0.7498484192386506
importance_bound,2,0.2,shifted8_x2,Shifted-8 X²,3,0.3431071904744487,0.6370886389225249,0.7434847379724184,0.22550750014918244,0.6219980616181616,0.7498484192386506
importance_bound,3,0.25,adaptive8_x2,Adaptive-8 X²,3,0.35335899986850267,0.587288557245056,0.6808692111618936,0.2850187224012412,0.5835466774564887,0.6898072518053509
importance_bound,3,0.25,cell1_x2,Cell-1 X²,3,0.3102856825651527,0.6174797864874736,0.6787686096060844,0.29690483649600186,0.5835466774564887,0.6898072518053509
importance_bound,3,0.25,paper,Paper |x|,3,0.47357098424370614,0.5923653168027245,0.6821914073966798,0.2680109872896526,0.5835466774564887,0.6898072518053509
importance_bound,3,0.25,shifted8_x2,Shifted-8 X²,3,0.3456548015764696,0.5924851447195998,0.6808657383634932,0.2889818482217448,0.5835466774564887,0.6898072518053509
importance_bound,4,0.3,adaptive8_x2,Adaptive-8 X²,3,0.3564637617860256,0.5480126602028216,0.6334542739722463,0.3326554854397899,0.5578530746260806,0.6410147557182917
importance_bound,4,0.3,cell1_x2,Cell-1 X²,3,0.3128965872442429,0.5770355116886398,0.6377480151870895,0.33497527300393837,0.5578530746260806,0.6410147557182917
importance_bound,4,0.3,paper,Paper |x|,3,0.4759333889874684,0.5562188515609633,0.6270307567384509,0.3247003296932807,0.5578530746260806,0.6410147557182917
importance_bound,4,0.3,shifted8_x2,Shifted-8 X²,3,0.34857493645355436,0.5652872812546169,0.6362517222998635,0.3334298357500895,0.5578530746260806,0.6410147557182917
importance_bound,5,0.35,adaptive8_x2,Adaptive-8 X²,3,0.3666370792983098,0.5241839598849535,0.5823345375912531,0.38259012486573574,0.5234613867387885,0.591909682939923
importance_bound,5,0.35,cell1_x2,Cell-1 X²,3,0.3214454999422412,0.5198801054475118,0.5773778053976241,0.39053082855949395,0.5234613867387885,0.591909682939923
importance_bound,5,0.35,paper,Paper |x|,3,0.47824663503445713,0.5150946347035527,0.583657873291818,0.3682802616660699,0.5234613867387885,0.591909682939923
importance_bound,5,0.35,shifted8_x2,Shifted-8 X²,3,0.3586649205979071,0.5182329883636345,0.5827666377973935,0.3865583788339897,0.5234613867387885,0.591909682939923
importance_bound,6,0.4,adaptive8_x2,Adaptive-8 X²,3,0.38756969826214366,0.4760149335266934,0.4973389985305922,0.46989171216732295,0.48348358190721935,0.5302433243819645
importance_bound,6,0.4,cell1_x2,Cell-1 X²,3,0.3329171189979797,0.4824173966688769,0.5149412597455676,0.4516313104189044,0.48348358190721935,0.5302433243819645
importance_bound,6,0.4,paper,Paper |x|,3,0.4864439525090636,0.47710988815090366,0.5235858590356887,0.42208758503401356,0.48348358190721935,0.5302433243819645
importance_bound,6,0.4,shifted8_x2,Shifted-8 X²,3,0.37467723798154556,0.49329391002861994,0.5177796239417697,0.4524420239587062,0.48348358190721935,0.5302433243819645
importance_bound,7,0.45,adaptive8_x2,Adaptive-8 X²,3,0.39458565065418433,0.4632471770210753,0.4725301195941274,0.49529562373194885,0.45427733565133716,0.4847363559972672
importance_bound,7,0.45,cell1_x2,Cell-1 X²,3,0.3420572618406339,0.45965779584551614,0.4753551840309113,0.49289052243704495,0.45427733565133716,0.4847363559972672
importance_bound,7,0.45,paper,Paper |x|,3,0.4958733890054699,0.44904228184180006,0.47862178844118874,0.4691397392290249,0.45427733565133716,0.4847363559972672
importance_bound,7,0.45,shifted8_x2,Shifted-8 X²,3,0.38807661098242185,0.46528480461399474,0.4664645309722613,0.5032144162489557,0.45427733565133716,0.4847363559972672
importance_bound,8,0.5,adaptive8_x2,Adaptive-8 X²,3,0.40896096017770067,0.43281248873395345,0.42165496058407287,0.5492745069519036,0.427513468655802,0.43437380828554667
importance_bound,8,0.5,cell1_x2,Cell-1 X²,3,0.3544904046904671,0.4343638555220668,0.4281580566413819,0.5460899271989498,0.427513468655802,0.43437380828554667
importance_bound,8,0.5,paper,Paper |x|,3,0.5097717858816556,0.4250289222210764,0.42674843836871407,0.5286178616183316,0.427513468655802,0.43437380828554667
importance_bound,8,0.5,shifted8_x2,Shifted-8 X²,3,0.39925529352776296,0.4402601444458087,0.42747216908231617,0.5460680160221982,0.427513468655802,0.43437380828554667
importance_bound,9,0.55,adaptive8_x2,Adaptive-8 X²,3,0.4259717221372374,0.40550537884146687,0.38815150788379094,0.5848368130146794,0.40304408546182374,0.39252060841000275
importance_bound,9,0.55,cell1_x2,Cell-1 X²,3,0.37062330958635653,0.4071388330443629,0.39087337350088447,0.5855943802959779,0.40304408546182374,0.39252060841000275
importance_bound,9,0.55,paper,Paper |x|,3,0.5246065002003785,0.39664041160768454,0.3886020980657093,0.5747171127222819,0.40304408546182374,0.39252060841000275
importance_bound,9,0.55,shifted8_x2,Shifted-8 X²,3,0.41695187288714397,0.4113130734213406,0.39122976575578966,0.5863677982157774,0.40304408546182374,0.39252060841000275
importance_bound,10,0.6,adaptive8_x2,Adaptive-8 X²,3,0.4699006745024654,0.36854121648514315,0.3395855450440967,0.632392458079723,0.37917027807247544,0.3514891985862974
importance_bound,10,0.6,cell1_x2,Cell-1 X²,3,0.4169630477047685,0.36835045542656664,0.33789702067299493,0.6363471923857261,0.37917027807247544,0.3514891985862974
importance_bound,10,0.6,paper,Paper |x|,3,0.5761913970506494,0.35097373092162704,0.3278232545606674,0.6359313462226995,0.37917027807247544,0.3514891985862974
importance_bound,10,0.6,shifted8_x2,Shifted-8 X²,3,0.46203115870377176,0.3743305873672759,0.3411962680873417,0.633986845834825,0.37917027807247544,0.3514891985862974
importance_bound,11,0.65,adaptive8_x2,Adaptive-8 X²,3,0.5442724681763846,0.3183982634015145,0.26933591387101585,0.7038429406850458,0.34413522832273014,0.29824860039211454
importance_bound,11,0.65,cell1_x2,Cell-1 X²,3,0.4713285397540501,0.3221943288346723,0.2839670288893911,0.6903092925766795,0.34413522832273014,0.29824860039211454
importance_bound,11,0.65,paper,Paper |x|,3,0.6244581113196195,0.3195386219562756,0.28039680208478657,0.6826953917531925,0.34413522832273014,0.29824860039211454
importance_bound,11,0.65,shifted8_x2,Shifted-8 X²,3,0.5178818651681154,0.3303264617579915,0.2857220686144299,0.6895549886621314,0.34413522832273014,0.29824860039211454
importance_bound,12,0.7,adaptive8_x2,Adaptive-8 X²,3,0.5824206030029351,0.29497032746347407,0.23517380477417082,0.7395301870748298,0.3167010285773329,0.2557848294576009
importance_bound,12,0.7,cell1_x2,Cell-1 X²,3,0.5295000556866355,0.28084407176911125,0.23006469034959398,0.745113807584437,0.3167010285773329,0.2557848294576009
importance_bound,12,0.7,paper,Paper |x|,3,0.6651685557226094,0.29117602374522933,0.24321161896463425,0.7184264604964793,0.3167010285773329,0.2557848294576009
importance_bound,12,0.7,shifted8_x2,Shifted-8 X²,3,0.586851365194735,0.2850216931426927,0.22273903340101242,0.7530554436686954,0.3167010285773329,0.2557848294576009
importance_bound,13,0.75,adaptive8_x2,Adaptive-8 X²,3,0.6253509603149142,0.26648047938203767,0.19824838922137303,0.7784155328798185,0.2834527704805609,0.20874931509532627
importance_bound,13,0.75,cell1_x2,Cell-1 X²,3,0.5913068016582094,0.23734333541332964,0.175502677285482,0.8014479092075426,0.2834527704805609,0.20874931509532627
importance_bound,13,0.75,paper,Paper |x|,3,0.7177450161238615,0.25697519693760174,0.1994685965871054,0.7629005549588257,0.2834527704805609,0.20874931509532627
importance_bound,13,0.75,shifted8_x2,Shifted-8 X²,3,0.6274845873764989,0.25970483923863086,0.18777169547383746,0.7895585317460315,0.2834527704805609,0.20874931509532627
importance_bound,14,0.8,adaptive8_x2,Adaptive-8 X²,3,0.6725611351533797,0.23458334111002466,0.1595763691834041,0.8196831364124595,0.24607297838000317,0.16460307344557748
importance_bound,14,0.8,cell1_x2,Cell-1 X²,3,0.6090889207992307,0.22676522353486647,0.16033208039071825,0.8181004035386082,0.24607297838000317,0.16460307344557748
importance_bound,14,0.8,paper,Paper |x|,3,0.7707115956844736,0.22456687527693928,0.15894156836328052,0.8065653344671201,0.24607297838000317,0.16460307344557748
importance_bound,14,0.8,shifted8_x2,Shifted-8 X²,3,0.6710818173455518,0.22943774052703428,0.15104605612300692,0.8284168382265183,0.24607297838000317,0.16460307344557748
importance_bound,15,0.85,adaptive8_x2,Adaptive-8 X²,3,0.7427605320037527,0.18476744734549097,0.1055961132995666,0.8760130422783146,0.21900672107077543,0.12849572537437318
importance_bound,15,0.85,cell1_x2,Cell-1 X²,3,0.6663638095112661,0.19042514759071527,0.11404292687537176,0.867286799588256,0.21900672107077543,0.12849572537437318
importance_bound,15,0.85,paper,Paper |x|,3,0.8243219604917131,0.191931502612692,0.12109074327680801,0.8478375999522615,0.21900672107077543,0.12849572537437318
importance_bound,15,0.85,shifted8_x2,Shifted-8 X²,3,0.7181377302131122,0.19388909612057936,0.11420948306719463,0.8672751447070054,0.21900672107077543,0.12849572537437318
importance_bound,16,0.9,adaptive8_x2,Adaptive-8 X²,3,0.7918929131319996,0.15554003233444832,0.07087339484502399,0.9133081960854513,0.1701513005287519,0.08022011177880424
importance_bound,16,0.9,cell1_x2,Cell-1 X²,3,0.7234017698079431,0.15606012612965606,0.07120294514156524,0.9149142387218042,0.1701513005287519,0.08022011177880424
importance_bound,16,0.9,paper,Paper |x|,3,0.8955319764940691,0.15368007571392114,0.07746839144873242,0.899451008473565,0.1701513005287519,0.08022011177880424
importance_bound,16,0.9,shifted8_x2,Shifted-8 X²,3,0.7751851507791535,0.1568908375569634,0.07358808839131915,0.9116835056390974,0.1701513005287519,0.08022011177880424
importance_bound,17,0.95,adaptive8_x2,Adaptive-8 X²,3,0.8661197226103422,0.12506516928976727,0.04107215858641124,0.9498145475295378,0.11491231187172822,0.04216332284231036
importance_bound,17,0.95,cell1_x2,Cell-1 X²,1,0.7585909771086347,0.13235158938360175,0.041659375031789105,0.9498145475295378,0.11928496528638612,0.04232965196881981
importance_bound,17,0.95,paper,Paper |x|,3,0.9801703494943778,0.11491231187172823,0.04216332284231036,0.9427698711063371,0.11491231187172822,0.04216332284231036
importance_bound,17,0.95,shifted8_x2,Shifted-8 X²,3,0.8551030321997781,0.12596954790402262,0.041276127573043574,0.9498145475295378,0.11491231187172822,0.04216332284231036
