n,trial,spatial_mode,budget_index,row_budget_fraction,row_budget,method,method_label,two_line_efficiency,exact_efficiency,optimality_ratio,optimality_gap_pct,row_match,fallback_used,error
18,0,random,0,0.25,4,top_r,Top-R,16.69886199710172,29.86314018343483,0.5591797076438942,44.08202923561058,True,False,
18,0,random,0,0.25,4,legacy_rho2_mu4,Exp24 rho2/mu4,29.86314018343483,29.86314018343483,1.0,0.0,True,False,
18,0,random,0,0.25,4,frontier16_trim64,Frontier16 + adaptive trim64,29.86314018343483,29.86314018343483,1.0,0.0,True,False,
18,0,random,0,0.25,4,frontier16_trim256,Frontier16 + adaptive trim256,29.86314018343483,29.86314018343483,1.0,0.0,True,False,
18,0,random,0,0.25,4,frontier24_trim256_rho3,Frontier24 + adaptive trim256 + rho3,29.86314018343483,29.86314018343483,1.0,0.0,True,False,
18,0,random,1,0.5,9,top_r,Top-R,9.852423566341455,17.93450050975727,0.5493558942988817,45.06441057011183,True,False,
18,0,random,1,0.5,9,legacy_rho2_mu4,Exp24 rho2/mu4,17.93450050975727,17.93450050975727,1.0,0.0,True,False,
18,0,random,1,0.5,9,frontier16_trim64,Frontier16 + adaptive trim64,17.93450050975727,17.93450050975727,1.0,0.0,True,False,
18,0,random,1,0.5,9,frontier16_trim256,Frontier16 + adaptive trim256,17.93450050975727,17.93450050975727,1.0,0.0,True,False,
18,0,random,1,0.5,9,frontier24_trim256_rho3,Frontier24 + adaptive trim256 + rho3,17.93450050975727,17.93450050975727,1.0,0.0,True,False,
18,0,random,2,0.75,14,top_r,Top-R,9.91524175004356,13.722771951668468,0.7225392788690936,27.746072113090637,True,False,
18,0,random,2,0.75,14,legacy_rho2_mu4,Exp24 rho2/mu4,13.722771951668468,13.722771951668468,1.0,0.0,True,False,
18,0,random,2,0.75,14,frontier16_trim64,Frontier16 + adaptive trim64,13.722771951668468,13.722771951668468,1.0,0.0,True,False,
18,0,random,2,0.75,14,frontier16_trim256,Frontier16 + adaptive trim256,13.722771951668468,13.722771951668468,1.0,0.0,True,False,
18,0,random,2,0.75,14,frontier24_trim256_rho3,Frontier24 + adaptive trim256 + rho3,13.722771951668468,13.722771951668468,1.0,0.0,True,False,
18,0,local,0,0.25,4,top_r,Top-R,26.508965816364782,31.534608498459797,0.8406308839274007,15.93691160725993,True,False,
18,0,local,0,0.25,4,legacy_rho2_mu4,Exp24 rho2/mu4,29.86314018343483,31.534608498459797,0.946995748651625,5.300425134837505,True,False,
18,0,local,0,0.25,4,frontier16_trim64,Frontier16 + adaptive trim64,29.86314018343483,31.534608498459797,0.946995748651625,5.300425134837505,True,False,
18,0,local,0,0.25,4,frontier16_trim256,Frontier16 + adaptive trim256,29.86314018343483,31.534608498459797,0.946995748651625,5.300425134837505,True,False,
18,0,local,0,0.25,4,frontier24_trim256_rho3,Frontier24 + adaptive trim256 + rho3,29.86314018343483,31.534608498459797,0.946995748651625,5.300425134837505,True,False,
18,0,local,1,0.5,9,top_r,Top-R,17.490039109778653,20.3959293742131,0.8575259694658283,14.247403053417173,True,False,
18,0,local,1,0.5,9,legacy_rho2_mu4,Exp24 rho2/mu4,20.3959293742131,20.3959293742131,1.0,0.0,True,False,
18,0,local,1,0.5,9,frontier16_trim64,Frontier16 + adaptive trim64,20.3959293742131,20.3959293742131,1.0,0.0,True,False,
18,0,local,1,0.5,9,frontier16_trim256,Frontier16 + adaptive trim256,20.3959293742131,20.3959293742131,1.0,0.0,True,False,
18,0,local,1,0.5,9,frontier24_trim256_rho3,Frontier24 + adaptive trim256 + rho3,20.3959293742131,20.3959293742131,1.0,0.0,True,False,
18,0,local,2,0.75,14,top_r,Top-R,13.722771959797207,13.722771959797207,1.0,0.0,True,False,
18,0,local,2,0.75,14,legacy_rho2_mu4,Exp24 rho2/mu4,13.722771959797207,13.722771959797207,1.0,0.0,True,False,
18,0,local,2,0.75,14,frontier16_trim64,Frontier16 + adaptive trim64,13.722771959797207,13.722771959797207,1.0,0.0,True,False,
18,0,local,2,0.75,14,frontier16_trim256,Frontier16 + adaptive trim256,13.722771959797207,13.722771959797207,1.0,0.0,True,False,
18,0,local,2,0.75,14,frontier24_trim256_rho3,Frontier24 + adaptive trim256 + rho3,13.722771959797207,13.722771959797207,1.0,0.0,True,False,
18,0,hot-cold,0,0.25,4,top_r,Top-R,26.508965816364782,35.86259050973431,0.7391815660714571,26.08184339285429,True,False,
18,0,hot-cold,0,0.25,4,legacy_rho2_mu4,Exp24 rho2/mu4,35.86259050973431,35.86259050973431,1.0,0.0,True,False,
18,0,hot-cold,0,0.25,4,frontier16_trim64,Frontier16 + adaptive trim64,35.86259050973431,35.86259050973431,1.0,0.0,True,False,
18,0,hot-cold,0,0.25,4,frontier16_trim256,Frontier16 + adaptive trim256,35.86259050973431,35.86259050973431,1.0,0.0,True,False,
18,0,hot-cold,0,0.25,4,frontier24_trim256_rho3,Frontier24 + adaptive trim256 + rho3,35.86259050973431,35.86259050973431,1.0,0.0,True,False,
18,0,hot-cold,1,0.5,9,top_r,Top-R,9.852423566341455,20.3959293742131,0.4830583292173012,51.694167078269885,True,False,
18,0,hot-cold,1,0.5,9,legacy_rho2_mu4,Exp24 rho2/mu4,20.3959293742131,20.3959293742131,1.0,0.0,True,False,
18,0,hot-cold,1,0.5,9,frontier16_trim64,Frontier16 + adaptive trim64,20.3959293742131,20.3959293742131,1.0,0.0,True,False,
18,0,hot-cold,1,0.5,9,frontier16_trim256,Frontier16 + adaptive trim256,20.3959293742131,20.3959293742131,1.0,0.0,True,False,
18,0,hot-cold,1,0.5,9,frontier24_trim256_rho3,Frontier24 + adaptive trim256 + rho3,20.3959293742131,20.3959293742131,1.0,0.0,True,False,
18,0,hot-cold,2,0.75,14,top_r,Top-R,10.046194573989478,13.722771959797207,0.7320820169147473,26.791798308525273,True,False,
18,0,hot-cold,2,0.75,14,legacy_rho2_mu4,Exp24 rho2/mu4,13.722771959797207,13.722771959797207,1.0,0.0,True,False,
18,0,hot-cold,2,0.75,14,frontier16_trim64,Frontier16 + adaptive trim64,13.722771959797207,13.722771959797207,1.0,0.0,True,False,
18,0,hot-cold,2,0.75,14,frontier16_trim256,Frontier16 + adaptive trim256,13.722771959797207,13.722771959797207,1.0,0.0,True,False,
18,0,hot-cold,2,0.75,14,frontier24_trim256_rho3,Frontier24 + adaptive trim256 + rho3,13.722771959797207,13.722771959797207,1.0,0.0,True,False,
18,1,random,0,0.25,4,top_r,Top-R,16.65793919093948,29.795601325014875,0.5590737709647873,44.092622903521274,True,False,
18,1,random,0,0.25,4,legacy_rho2_mu4,Exp24 rho2/mu4,29.740845291386236,29.795601325014875,0.9981622779472933,0.1837722052706714,True,False,
18,1,random,0,0.25,4,frontier16_trim64,Frontier16 + adaptive trim64,29.740845291386236,29.795601325014875,0.9981622779472933,0.1837722052706714,True,False,
18,1,random,0,0.25,4,frontier16_trim256,Frontier16 + adaptive trim256,29.740845291386236,29.795601325014875,0.9981622779472933,0.1837722052706714,True,False,
18,1,random,0,0.25,4,frontier24_trim256_rho3,Frontier24 + adaptive trim256 + rho3,29.740845291386236,29.795601325014875,0.9981622779472933,0.1837722052706714,True,False,
18,1,random,1,0.5,9,top_r,Top-R,11.058210075486537,21.08212470251091,0.524530152037735,47.546984796226496,True,False,
18,1,random,1,0.5,9,legacy_rho2_mu4,Exp24 rho2/mu4,21.08212470251091,21.08212470251091,1.0,0.0,True,False,
18,1,random,1,0.5,9,frontier16_trim64,Frontier16 + adaptive trim64,21.08212470251091,21.08212470251091,1.0,0.0,True,False,
18,1,random,1,0.5,9,frontier16_trim256,Frontier16 + adaptive trim256,21.08212470251091,21.08212470251091,1.0,0.0,True,False,
18,1,random,1,0.5,9,frontier24_trim256_rho3,Frontier24 + adaptive trim256 + rho3,21.08212470251091,21.08212470251091,1.0,0.0,True,False,
18,1,random,2,0.75,14,top_r,Top-R,10.12258899859903,13.720387619852218,0.7377771881570252,26.22228118429748,True,False,
18,1,random,2,0.75,14,legacy_rho2_mu4,Exp24 rho2/mu4,13.720387619852218,13.720387619852218,1.0,0.0,True,False,
18,1,random,2,0.75,14,frontier16_trim64,Frontier16 + adaptive trim64,13.720387619852218,13.720387619852218,1.0,0.0,True,False,
18,1,random,2,0.75,14,frontier16_trim256,Frontier16 + adaptive trim256,13.720387619852218,13.720387619852218,1.0,0.0,True,False,
18,1,random,2,0.75,14,frontier24_trim256_rho3,Frontier24 + adaptive trim256 + rho3,13.720387619852218,13.720387619852218,1.0,0.0,True,False,
18,1,local,0,0.25,4,top_r,Top-R,37.44207659006144,37.44207659006144,1.0,0.0,True,False,
18,1,local,0,0.25,4,legacy_rho2_mu4,Exp24 rho2/mu4,37.44207659006144,37.44207659006144,1.0,0.0,True,False,
18,1,local,0,0.25,4,frontier16_trim64,Frontier16 + adaptive trim64,37.44207659006144,37.44207659006144,1.0,0.0,True,False,
18,1,local,0,0.25,4,frontier16_trim256,Frontier16 + adaptive trim256,37.44207659006144,37.44207659006144,1.0,0.0,True,False,
18,1,local,0,0.25,4,frontier24_trim256_rho3,Frontier24 + adaptive trim256 + rho3,37.44207659006144,37.44207659006144,1.0,0.0,True,False,
18,1,local,1,0.5,9,top_r,Top-R,17.48746755105293,21.341276494282823,0.8194199421828258,18.058005781717423,True,False,
18,1,local,1,0.5,9,legacy_rho2_mu4,Exp24 rho2/mu4,21.341276494282823,21.341276494282823,1.0,0.0,True,False,
18,1,local,1,0.5,9,frontier16_trim64,Frontier16 + adaptive trim64,21.341276494282823,21.341276494282823,1.0,0.0,True,False,
18,1,local,1,0.5,9,frontier16_trim256,Frontier16 + adaptive trim256,21.341276494282823,21.341276494282823,1.0,0.0,True,False,
18,1,local,1,0.5,9,frontier24_trim256_rho3,Frontier24 + adaptive trim256 + rho3,21.341276494282823,21.341276494282823,1.0,0.0,True,False,
18,1,local,2,0.75,14,top_r,Top-R,12.101036810444864,13.721833037924133,0.8818819451453939,11.811805485460614,True,False,
18,1,local,2,0.75,14,legacy_rho2_mu4,Exp24 rho2/mu4,13.721833037924133,13.721833037924133,1.0,0.0,True,False,
18,1,local,2,0.75,14,frontier16_trim64,Frontier16 + adaptive trim64,13.721833037924133,13.721833037924133,1.0,0.0,True,False,
18,1,local,2,0.75,14,frontier16_trim256,Frontier16 + adaptive trim256,13.721833037924133,13.721833037924133,1.0,0.0,True,False,
18,1,local,2,0.75,14,frontier24_trim256_rho3,Frontier24 + adaptive trim256 + rho3,13.721833037924133,13.721833037924133,1.0,0.0,True,False,
18,1,hot-cold,0,0.25,4,top_r,Top-R,26.444002032015117,30.7166115257317,0.8609023169714745,13.909768302852555,True,False,
18,1,hot-cold,0,0.25,4,legacy_rho2_mu4,Exp24 rho2/mu4,30.7166115257317,30.7166115257317,1.0,0.0,True,False,
18,1,hot-cold,0,0.25,4,frontier16_trim64,Frontier16 + adaptive trim64,30.7166115257317,30.7166115257317,1.0,0.0,True,False,
18,1,hot-cold,0,0.25,4,frontier16_trim256,Frontier16 + adaptive trim256,30.7166115257317,30.7166115257317,1.0,0.0,True,False,
18,1,hot-cold,0,0.25,4,frontier24_trim256_rho3,Frontier24 + adaptive trim256 + rho3,30.7166115257317,30.7166115257317,1.0,0.0,True,False,
18,1,hot-cold,1,0.5,9,top_r,Top-R,14.648568695282764,21.33699160852291,0.6865339296206826,31.34660703793174,True,False,
18,1,hot-cold,1,0.5,9,legacy_rho2_mu4,Exp24 rho2/mu4,21.33699160852291,21.33699160852291,1.0,0.0,True,False,
18,1,hot-cold,1,0.5,9,frontier16_trim64,Frontier16 + adaptive trim64,21.33699160852291,21.33699160852291,1.0,0.0,True,False,
18,1,hot-cold,1,0.5,9,frontier16_trim256,Frontier16 + adaptive trim256,21.33699160852291,21.33699160852291,1.0,0.0,True,False,
18,1,hot-cold,1,0.5,9,frontier24_trim256_rho3,Frontier24 + adaptive trim256 + rho3,21.33699160852291,21.33699160852291,1.0,0.0,True,False,
18,1,hot-cold,2,0.75,14,top_r,Top-R,9.101700908684135,13.719075170536245,0.6634339994164761,33.656600058352396,True,False,
18,1,hot-cold,2,0.75,14,legacy_rho2_mu4,Exp24 rho2/mu4,13.719075170536245,13.719075170536245,1.0,0.0,True,False,
18,1,hot-cold,2,0.75,14,frontier16_trim64,Frontier16 + adaptive trim64,13.719075170536245,13.719075170536245,1.0,0.0,True,False,
18,1,hot-cold,2,0.75,14,frontier16_trim256,Frontier16 + adaptive trim256,13.719075170536245,13.719075170536245,1.0,0.0,True,False,
18,1,hot-cold,2,0.75,14,frontier24_trim256_rho3,Frontier24 + adaptive trim256 + rho3,13.719075170536245,13.719075170536245,1.0,0.0,True,False,
18,2,random,0,0.25,4,top_r,Top-R,20.445992830330102,30.190826269701727,0.6772253481134056,32.277465188659434,True,False,
18,2,random,0,0.25,4,legacy_rho2_mu4,Exp24 rho2/mu4,30.190826269701727,30.190826269701727,1.0,0.0,True,False,
18,2,random,0,0.25,4,frontier16_trim64,Frontier16 + adaptive trim64,30.190826269701727,30.190826269701727,1.0,0.0,True,False,
18,2,random,0,0.25,4,frontier16_trim256,Frontier16 + adaptive trim256,30.190826269701727,30.190826269701727,1.0,0.0,True,False,
18,2,random,0,0.25,4,frontier24_trim256_rho3,Frontier24 + adaptive trim256 + rho3,30.190826269701727,30.190826269701727,1.0,0.0,True,False,
18,2,random,1,0.5,9,top_r,Top-R,12.604510864491635,20.290189595279585,0.6212120791332583,37.878792086674174,True,False,
18,2,random,1,0.5,9,legacy_rho2_mu4,Exp24 rho2/mu4,20.290177695222482,20.290189595279585,0.9999994135068553,5.8649314471637126e-05,True,False,
18,2,random,1,0.5,9,frontier16_trim64,Frontier16 + adaptive trim64,20.290177695222482,20.290189595279585,0.9999994135068553,5.8649314471637126e-05,True,False,
18,2,random,1,0.5,9,frontier16_trim256,Frontier16 + adaptive trim256,20.290177695222482,20.290189595279585,0.9999994135068553,5.8649314471637126e-05,True,False,
18,2,random,1,0.5,9,frontier24_trim256_rho3,Frontier24 + adaptive trim256 + rho3,20.290177695222482,20.290189595279585,0.9999994135068553,5.8649314471637126e-05,True,False,
18,2,random,2,0.75,14,top_r,Top-R,10.12259000086717,13.718888049719347,0.7378579054061347,26.214209459386527,True,False,
18,2,random,2,0.75,14,legacy_rho2_mu4,Exp24 rho2/mu4,13.718888049719347,13.718888049719347,1.0,0.0,True,False,
18,2,random,2,0.75,14,frontier16_trim64,Frontier16 + adaptive trim64,13.718888049719347,13.718888049719347,1.0,0.0,True,False,
18,2,random,2,0.75,14,frontier16_trim256,Frontier16 + adaptive trim256,13.718888049719347,13.718888049719347,1.0,0.0,True,False,
18,2,random,2,0.75,14,frontier24_trim256_rho3,Frontier24 + adaptive trim256 + rho3,13.718888049719347,13.718888049719347,1.0,0.0,True,False,
18,2,local,0,0.25,4,top_r,Top-R,26.451710836391204,32.031603768989555,0.8258003884900588,17.419961150994123,True,False,
18,2,local,0,0.25,4,legacy_rho2_mu4,Exp24 rho2/mu4,32.031603768989555,32.031603768989555,1.0,0.0,True,False,
18,2,local,0,0.25,4,frontier16_trim64,Frontier16 + adaptive trim64,32.031603768989555,32.031603768989555,1.0,0.0,True,False,
18,2,local,0,0.25,4,frontier16_trim256,Frontier16 + adaptive trim256,32.031603768989555,32.031603768989555,1.0,0.0,True,False,
18,2,local,0,0.25,4,frontier24_trim256_rho3,Frontier24 + adaptive trim256 + rho3,32.031603768989555,32.031603768989555,1.0,0.0,True,False,
18,2,local,1,0.5,9,top_r,Top-R,21.346523063966416,21.346523063966416,1.0,0.0,True,False,
18,2,local,1,0.5,9,legacy_rho2_mu4,Exp24 rho2/mu4,21.346523063966416,21.346523063966416,1.0,0.0,True,False,
18,2,local,1,0.5,9,frontier16_trim64,Frontier16 + adaptive trim64,21.346523063966416,21.346523063966416,1.0,0.0,True,False,
18,2,local,1,0.5,9,frontier16_trim256,Frontier16 + adaptive trim256,21.346523063966416,21.346523063966416,1.0,0.0,True,False,
18,2,local,1,0.5,9,frontier24_trim256_rho3,Frontier24 + adaptive trim256 + rho3,21.346523063966416,21.346523063966416,1.0,0.0,True,False,
18,2,local,2,0.75,14,top_r,Top-R,10.978291259701315,13.72276706801301,0.8000056552217584,19.999434477824163,True,False,
18,2,local,2,0.75,14,legacy_rho2_mu4,Exp24 rho2/mu4,13.72276706801301,13.72276706801301,1.0,0.0,True,False,
18,2,local,2,0.75,14,frontier16_trim64,Frontier16 + adaptive trim64,13.72276706801301,13.72276706801301,1.0,0.0,True,False,
18,2,local,2,0.75,14,frontier16_trim256,Frontier16 + adaptive trim256,13.72276706801301,13.72276706801301,1.0,0.0,True,False,
18,2,local,2,0.75,14,frontier24_trim256_rho3,Frontier24 + adaptive trim256 + rho3,13.72276706801301,13.72276706801301,1.0,0.0,True,False,
18,2,hot-cold,0,0.25,4,top_r,Top-R,20.445992830330102,36.252460001522074,0.5639891149310052,43.60108850689948,True,False,
18,2,hot-cold,0,0.25,4,legacy_rho2_mu4,Exp24 rho2/mu4,36.252460001522074,36.252460001522074,1.0,0.0,True,False,
18,2,hot-cold,0,0.25,4,frontier16_trim64,Frontier16 + adaptive trim64,36.252460001522074,36.252460001522074,1.0,0.0,True,False,
18,2,hot-cold,0,0.25,4,frontier16_trim256,Frontier16 + adaptive trim256,36.252460001522074,36.252460001522074,1.0,0.0,True,False,
18,2,hot-cold,0,0.25,4,frontier24_trim256_rho3,Frontier24 + adaptive trim256 + rho3,36.252460001522074,36.252460001522074,1.0,0.0,True,False,
18,2,hot-cold,1,0.5,9,top_r,Top-R,14.65071517430855,20.657406167566677,0.7092233679033247,29.077663209667527,True,False,
18,2,hot-cold,1,0.5,9,legacy_rho2_mu4,Exp24 rho2/mu4,20.657406167566677,20.657406167566677,1.0,0.0,True,False,
18,2,hot-cold,1,0.5,9,frontier16_trim64,Frontier16 + adaptive trim64,20.657406167566677,20.657406167566677,1.0,0.0,True,False,
18,2,hot-cold,1,0.5,9,frontier16_trim256,Frontier16 + adaptive trim256,20.657406167566677,20.657406167566677,1.0,0.0,True,False,
18,2,hot-cold,1,0.5,9,frontier24_trim256_rho3,Frontier24 + adaptive trim256 + rho3,20.657406167566677,20.657406167566677,1.0,0.0,True,False,
18,2,hot-cold,2,0.75,14,top_r,Top-R,10.978291259701315,13.722767072572367,0.8000056549559583,19.999434504404167,True,False,
18,2,hot-cold,2,0.75,14,legacy_rho2_mu4,Exp24 rho2/mu4,13.722767072572367,13.722767072572367,1.0,0.0,True,False,
18,2,hot-cold,2,0.75,14,frontier16_trim64,Frontier16 + adaptive trim64,13.722767072572367,13.722767072572367,1.0,0.0,True,False,
18,2,hot-cold,2,0.75,14,frontier16_trim256,Frontier16 + adaptive trim256,13.722767072572367,13.722767072572367,1.0,0.0,True,False,
18,2,hot-cold,2,0.75,14,frontier24_trim256_rho3,Frontier24 + adaptive trim256 + rho3,13.722767072572367,13.722767072572367,1.0,0.0,True,False,
18,3,random,0,0.25,4,top_r,Top-R,20.47552608724783,30.032809599222468,0.6817719141327999,31.822808586720008,True,False,
18,3,random,0,0.25,4,legacy_rho2_mu4,Exp24 rho2/mu4,29.995167327641816,30.032809599222468,0.9987466283680091,0.12533716319909072,True,False,
18,3,random,0,0.25,4,frontier16_trim64,Frontier16 + adaptive trim64,29.995167327641816,30.032809599222468,0.9987466283680091,0.12533716319909072,True,False,
18,3,random,0,0.25,4,frontier16_trim256,Frontier16 + adaptive trim256,29.995167327641816,30.032809599222468,0.9987466283680091,0.12533716319909072,True,False,
18,3,random,0,0.25,4,frontier24_trim256_rho3,Frontier24 + adaptive trim256 + rho3,29.995167327641816,30.032809599222468,0.9987466283680091,0.12533716319909072,True,False,
18,3,random,1,0.5,9,top_r,Top-R,9.852338283504803,19.90137712676546,0.4950581168704323,50.49418831295678,True,False,
18,3,random,1,0.5,9,legacy_rho2_mu4,Exp24 rho2/mu4,19.90137712676546,19.90137712676546,1.0,0.0,True,False,
18,3,random,1,0.5,9,frontier16_trim64,Frontier16 + adaptive trim64,19.90137712676546,19.90137712676546,1.0,0.0,True,False,
18,3,random,1,0.5,9,frontier16_trim256,Frontier16 + adaptive trim256,19.90137712676546,19.90137712676546,1.0,0.0,True,False,
18,3,random,1,0.5,9,frontier24_trim256_rho3,Frontier24 + adaptive trim256 + rho3,19.90137712676546,19.90137712676546,1.0,0.0,True,False,
18,3,random,2,0.75,14,top_r,Top-R,11.304600406926767,13.721790609716457,0.8238429464826501,17.615705351734988,True,False,
18,3,random,2,0.75,14,legacy_rho2_mu4,Exp24 rho2/mu4,13.721790609716457,13.721790609716457,1.0,0.0,True,False,
18,3,random,2,0.75,14,frontier16_trim64,Frontier16 + adaptive trim64,13.721790609716457,13.721790609716457,1.0,0.0,True,False,
18,3,random,2,0.75,14,frontier16_trim256,Frontier16 + adaptive trim256,13.721790609716457,13.721790609716457,1.0,0.0,True,False,
18,3,random,2,0.75,14,frontier24_trim256_rho3,Frontier24 + adaptive trim256 + rho3,13.721790609716457,13.721790609716457,1.0,0.0,True,False,
18,3,local,0,0.25,4,top_r,Top-R,26.48991906518828,37.47212617810497,0.70692329918195,29.307670081805004,True,False,
18,3,local,0,0.25,4,legacy_rho2_mu4,Exp24 rho2/mu4,37.47212617810497,37.47212617810497,1.0,0.0,True,False,
18,3,local,0,0.25,4,frontier16_trim64,Frontier16 + adaptive trim64,37.47212617810497,37.47212617810497,1.0,0.0,True,False,
18,3,local,0,0.25,4,frontier16_trim256,Frontier16 + adaptive trim256,37.47212617810497,37.47212617810497,1.0,0.0,True,False,
18,3,local,0,0.25,4,frontier24_trim256_rho3,Frontier24 + adaptive trim256 + rho3,37.47212617810497,37.47212617810497,1.0,0.0,True,False,
18,3,local,1,0.5,9,top_r,Top-R,21.346349383525293,21.346349383525293,1.0,0.0,True,False,
18,3,local,1,0.5,9,legacy_rho2_mu4,Exp24 rho2/mu4,21.346349383525293,21.346349383525293,1.0,0.0,True,False,
18,3,local,1,0.5,9,frontier16_trim64,Frontier16 + adaptive trim64,21.346349383525293,21.346349383525293,1.0,0.0,True,False,
18,3,local,1,0.5,9,frontier16_trim256,Frontier16 + adaptive trim256,21.346349383525293,21.346349383525293,1.0,0.0,True,False,
18,3,local,1,0.5,9,frontier24_trim256_rho3,Frontier24 + adaptive trim256 + rho3,21.346349383525293,21.346349383525293,1.0,0.0,True,False,
18,3,local,2,0.75,14,top_r,Top-R,12.101037453423407,13.722769796085407,0.8818217920463389,11.817820795366107,True,False,
18,3,local,2,0.75,14,legacy_rho2_mu4,Exp24 rho2/mu4,13.722769796085407,13.722769796085407,1.0,0.0,True,False,
18,3,local,2,0.75,14,frontier16_trim64,Frontier16 + adaptive trim64,13.722769796085407,13.722769796085407,1.0,0.0,True,False,
18,3,local,2,0.75,14,frontier16_trim256,Frontier16 + adaptive trim256,13.722769796085407,13.722769796085407,1.0,0.0,True,False,
18,3,local,2,0.75,14,frontier24_trim256_rho3,Frontier24 + adaptive trim256 + rho3,13.722769796085407,13.722769796085407,1.0,0.0,True,False,
18,3,hot-cold,0,0.25,4,top_r,Top-R,26.48991906518828,32.54779469914599,0.8138775394783764,18.612246052162362,True,False,
18,3,hot-cold,0,0.25,4,legacy_rho2_mu4,Exp24 rho2/mu4,32.54779469914599,32.54779469914599,1.0,0.0,True,False,
18,3,hot-cold,0,0.25,4,frontier16_trim64,Frontier16 + adaptive trim64,32.54779469914599,32.54779469914599,1.0,0.0,True,False,
18,3,hot-cold,0,0.25,4,frontier16_trim256,Frontier16 + adaptive trim256,32.54779469914599,32.54779469914599,1.0,0.0,True,False,
18,3,hot-cold,0,0.25,4,frontier24_trim256_rho3,Frontier24 + adaptive trim256 + rho3,32.54779469914599,32.54779469914599,1.0,0.0,True,False,
18,3,hot-cold,1,0.5,9,top_r,Top-R,12.604408311162434,21.33370891202391,0.5908212380294762,40.91787619705238,True,False,
18,3,hot-cold,1,0.5,9,legacy_rho2_mu4,Exp24 rho2/mu4,21.33370891202391,21.33370891202391,1.0,0.0,True,False,
18,3,hot-cold,1,0.5,9,frontier16_trim64,Frontier16 + adaptive trim64,21.33370891202391,21.33370891202391,1.0,0.0,True,False,
18,3,hot-cold,1,0.5,9,frontier16_trim256,Frontier16 + adaptive trim256,21.33370891202391,21.33370891202391,1.0,0.0,True,False,
18,3,hot-cold,1,0.5,9,frontier24_trim256_rho3,Frontier24 + adaptive trim256 + rho3,21.33370891202391,21.33370891202391,1.0,0.0,True,False,
18,3,hot-cold,2,0.75,14,top_r,Top-R,10.978290756029947,13.714873498199964,0.8004660602571956,19.95339397428044,True,False,
18,3,hot-cold,2,0.75,14,legacy_rho2_mu4,Exp24 rho2/mu4,13.714873498199964,13.714873498199964,1.0,0.0,True,False,
18,3,hot-cold,2,0.75,14,frontier16_trim64,Frontier16 + adaptive trim64,13.714873498199964,13.714873498199964,1.0,0.0,True,False,
18,3,hot-cold,2,0.75,14,frontier16_trim256,Frontier16 + adaptive trim256,13.714873498199964,13.714873498199964,1.0,0.0,True,False,
18,3,hot-cold,2,0.75,14,frontier24_trim256_rho3,Frontier24 + adaptive trim256 + rho3,13.714873498199964,13.714873498199964,1.0,0.0,True,False,
18,4,random,0,0.25,4,top_r,Top-R,16.691378060010848,30.028801539154582,0.5558456283460712,44.41543716539288,True,False,
18,4,random,0,0.25,4,legacy_rho2_mu4,Exp24 rho2/mu4,30.01474433903189,30.028801539154582,0.9995318760855519,0.04681239144480598,True,False,
18,4,random,0,0.25,4,frontier16_trim64,Frontier16 + adaptive trim64,30.01474433903189,30.028801539154582,0.9995318760855519,0.04681239144480598,True,False,
18,4,random,0,0.25,4,frontier16_trim256,Frontier16 + adaptive trim256,30.01474433903189,30.028801539154582,0.9995318760855519,0.04681239144480598,True,False,
18,4,random,0,0.25,4,frontier24_trim256_rho3,Frontier24 + adaptive trim256 + rho3,30.01474433903189,30.028801539154582,0.9995318760855519,0.04681239144480598,True,False,
18,4,random,1,0.5,9,top_r,Top-R,9.852408950197576,19.75302880594146,0.4987796578939882,50.12203421060117,True,False,
18,4,random,1,0.5,9,legacy_rho2_mu4,Exp24 rho2/mu4,19.753012556048724,19.75302880594146,0.9999991773467807,8.226532193233993e-05,True,False,
18,4,random,1,0.5,9,frontier16_trim64,Frontier16 + adaptive trim64,19.753012556048724,19.75302880594146,0.9999991773467807,8.226532193233993e-05,True,False,
18,4,random,1,0.5,9,frontier16_trim256,Frontier16 + adaptive trim256,19.753012556048724,19.75302880594146,0.9999991773467807,8.226532193233993e-05,True,False,
18,4,random,1,0.5,9,frontier24_trim256_rho3,Frontier24 + adaptive trim256 + rho3,19.753012556048724,19.75302880594146,0.9999991773467807,8.226532193233993e-05,True,False,
18,4,random,2,0.75,14,top_r,Top-R,11.304600418874884,13.703303739620226,0.8249543784240879,17.50456215759121,True,False,
18,4,random,2,0.75,14,legacy_rho2_mu4,Exp24 rho2/mu4,13.703303739620226,13.703303739620226,1.0,0.0,True,False,
18,4,random,2,0.75,14,frontier16_trim64,Frontier16 + adaptive trim64,13.703303739620226,13.703303739620226,1.0,0.0,True,False,
18,4,random,2,0.75,14,frontier16_trim256,Frontier16 + adaptive trim256,13.703303739620226,13.703303739620226,1.0,0.0,True,False,
18,4,random,2,0.75,14,frontier24_trim256_rho3,Frontier24 + adaptive trim256 + rho3,13.703303739620226,13.703303739620226,1.0,0.0,True,False,
18,4,local,0,0.25,4,top_r,Top-R,26.497085280281063,37.46660347519686,0.7072187714539512,29.27812285460488,True,False,
18,4,local,0,0.25,4,legacy_rho2_mu4,Exp24 rho2/mu4,37.46660347519686,37.46660347519686,1.0,0.0,True,False,
18,4,local,0,0.25,4,frontier16_trim64,Frontier16 + adaptive trim64,37.46660347519686,37.46660347519686,1.0,0.0,True,False,
18,4,local,0,0.25,4,frontier16_trim256,Frontier16 + adaptive trim256,37.46660347519686,37.46660347519686,1.0,0.0,True,False,
18,4,local,0,0.25,4,frontier24_trim256_rho3,Frontier24 + adaptive trim256 + rho3,37.46660347519686,37.46660347519686,1.0,0.0,True,False,
18,4,local,1,0.5,9,top_r,Top-R,12.60449871729995,21.308391446097325,0.5915274622762992,40.84725377237008,True,False,
18,4,local,1,0.5,9,legacy_rho2_mu4,Exp24 rho2/mu4,21.306774627862435,21.308391446097325,0.9999241229334941,0.007587706650591386,True,False,
18,4,local,1,0.5,9,frontier16_trim64,Frontier16 + adaptive trim64,21.308391446097325,21.308391446097325,1.0,0.0,True,False,
18,4,local,1,0.5,9,frontier16_trim256,Frontier16 + adaptive trim256,21.308391446097325,21.308391446097325,1.0,0.0,True,False,
18,4,local,1,0.5,9,frontier24_trim256_rho3,Frontier24 + adaptive trim256 + rho3,21.308391446097325,21.308391446097325,1.0,0.0,True,False,
18,4,local,2,0.75,14,top_r,Top-R,13.050108325235904,13.722652868340413,0.9509901948583033,4.900980514169673,True,False,
18,4,local,2,0.75,14,legacy_rho2_mu4,Exp24 rho2/mu4,13.722641848821153,13.722652868340413,0.9999991969833117,8.030166882555534e-05,True,False,
18,4,local,2,0.75,14,frontier16_trim64,Frontier16 + adaptive trim64,13.722641848821153,13.722652868340413,0.9999991969833117,8.030166882555534e-05,True,False,
18,4,local,2,0.75,14,frontier16_trim256,Frontier16 + adaptive trim256,13.722641848821153,13.722652868340413,0.9999991969833117,8.030166882555534e-05,True,False,
18,4,local,2,0.75,14,frontier24_trim256_rho3,Frontier24 + adaptive trim256 + rho3,13.722641848821153,13.722652868340413,0.9999991969833117,8.030166882555534e-05,True,False,
18,4,hot-cold,0,0.25,4,top_r,Top-R,26.497085280281063,37.46406892673642,0.7072666167708037,29.273338322919628,True,False,
18,4,hot-cold,0,0.25,4,legacy_rho2_mu4,Exp24 rho2/mu4,37.46406892673642,37.46406892673642,1.0,0.0,True,False,
18,4,hot-cold,0,0.25,4,frontier16_trim64,Frontier16 + adaptive trim64,37.46406892673642,37.46406892673642,1.0,0.0,True,False,
18,4,hot-cold,0,0.25,4,frontier16_trim256,Frontier16 + adaptive trim256,37.46406892673642,37.46406892673642,1.0,0.0,True,False,
18,4,hot-cold,0,0.25,4,frontier24_trim256_rho3,Frontier24 + adaptive trim256 + rho3,37.46406892673642,37.46406892673642,1.0,0.0,True,False,
18,4,hot-cold,1,0.5,9,top_r,Top-R,9.852408950197576,21.33860423105115,0.461717591437434,53.82824085625659,True,False,
18,4,hot-cold,1,0.5,9,legacy_rho2_mu4,Exp24 rho2/mu4,21.33860423105115,21.33860423105115,1.0,0.0,True,False,
18,4,hot-cold,1,0.5,9,frontier16_trim64,Frontier16 + adaptive trim64,21.33860423105115,21.33860423105115,1.0,0.0,True,False,
18,4,hot-cold,1,0.5,9,frontier16_trim256,Frontier16 + adaptive trim256,21.33860423105115,21.33860423105115,1.0,0.0,True,False,
18,4,hot-cold,1,0.5,9,frontier24_trim256_rho3,Frontier24 + adaptive trim256 + rho3,21.33860423105115,21.33860423105115,1.0,0.0,True,False,
18,4,hot-cold,2,0.75,14,top_r,Top-R,13.050108325235904,13.722755152603076,0.9509831065345812,4.9016893465418825,True,False,
18,4,hot-cold,2,0.75,14,legacy_rho2_mu4,Exp24 rho2/mu4,13.722755152603076,13.722755152603076,1.0,0.0,True,False,
18,4,hot-cold,2,0.75,14,frontier16_trim64,Frontier16 + adaptive trim64,13.722755152603076,13.722755152603076,1.0,0.0,True,False,
18,4,hot-cold,2,0.75,14,frontier16_trim256,Frontier16 + adaptive trim256,13.722755152603076,13.722755152603076,1.0,0.0,True,False,
18,4,hot-cold,2,0.75,14,frontier24_trim256_rho3,Frontier24 + adaptive trim256 + rho3,13.722755152603076,13.722755152603076,1.0,0.0,True,False,
18,5,random,0,0.25,4,top_r,Top-R,19.63483431534222,30.54888077429786,0.6427349813699847,35.72650186300152,True,False,
18,5,random,0,0.25,4,legacy_rho2_mu4,Exp24 rho2/mu4,30.54888077429786,30.54888077429786,1.0,0.0,True,False,
18,5,random,0,0.25,4,frontier16_trim64,Frontier16 + adaptive trim64,30.54888077429786,30.54888077429786,1.0,0.0,True,False,
18,5,random,0,0.25,4,frontier16_trim256,Frontier16 + adaptive trim256,30.54888077429786,30.54888077429786,1.0,0.0,True,False,
18,5,random,0,0.25,4,frontier24_trim256_rho3,Frontier24 + adaptive trim256 + rho3,30.54888077429786,30.54888077429786,1.0,0.0,True,False,
18,5,random,1,0.5,9,top_r,Top-R,9.783658482370111,20.70285743836463,0.47257527186754106,52.74247281324589,True,False,
18,5,random,1,0.5,9,legacy_rho2_mu4,Exp24 rho2/mu4,20.70285743836463,20.70285743836463,1.0,0.0,True,False,
18,5,random,1,0.5,9,frontier16_trim64,Frontier16 + adaptive trim64,20.70285743836463,20.70285743836463,1.0,0.0,True,False,
18,5,random,1,0.5,9,frontier16_trim256,Frontier16 + adaptive trim256,20.70285743836463,20.70285743836463,1.0,0.0,True,False,
18,5,random,1,0.5,9,frontier24_trim256_rho3,Frontier24 + adaptive trim256 + rho3,20.70285743836463,20.70285743836463,1.0,0.0,True,False,
18,5,random,2,0.75,14,top_r,Top-R,10.045950717317407,13.634235565304419,0.7368180393539434,26.318196064605658,True,False,
18,5,random,2,0.75,14,legacy_rho2_mu4,Exp24 rho2/mu4,13.634235565304419,13.634235565304419,1.0,0.0,True,False,
18,5,random,2,0.75,14,frontier16_trim64,Frontier16 + adaptive trim64,13.634235565304419,13.634235565304419,1.0,0.0,True,False,
18,5,random,2,0.75,14,frontier16_trim256,Frontier16 + adaptive trim256,13.634235565304419,13.634235565304419,1.0,0.0,True,False,
18,5,random,2,0.75,14,frontier24_trim256_rho3,Frontier24 + adaptive trim256 + rho3,13.634235565304419,13.634235565304419,1.0,0.0,True,False,
18,5,local,0,0.25,4,top_r,Top-R,25.402286107595117,35.68664907438008,0.7118148317778527,28.818516822214736,True,False,
18,5,local,0,0.25,4,legacy_rho2_mu4,Exp24 rho2/mu4,35.68664907438008,35.68664907438008,1.0,0.0,True,False,
18,5,local,0,0.25,4,frontier16_trim64,Frontier16 + adaptive trim64,35.68664907438008,35.68664907438008,1.0,0.0,True,False,
18,5,local,0,0.25,4,frontier16_trim256,Frontier16 + adaptive trim256,35.68664907438008,35.68664907438008,1.0,0.0,True,False,
18,5,local,0,0.25,4,frontier24_trim256_rho3,Frontier24 + adaptive trim256 + rho3,35.68664907438008,35.68664907438008,1.0,0.0,True,False,
18,5,local,1,0.5,9,top_r,Top-R,21.19754582152553,21.19754582152553,1.0,0.0,True,False,
18,5,local,1,0.5,9,legacy_rho2_mu4,Exp24 rho2/mu4,21.19754582152553,21.19754582152553,1.0,0.0,True,False,
18,5,local,1,0.5,9,frontier16_trim64,Frontier16 + adaptive trim64,21.19754582152553,21.19754582152553,1.0,0.0,True,False,
18,5,local,1,0.5,9,frontier16_trim256,Frontier16 + adaptive trim256,21.19754582152553,21.19754582152553,1.0,0.0,True,False,
18,5,local,1,0.5,9,frontier24_trim256_rho3,Frontier24 + adaptive trim256 + rho3,21.19754582152553,21.19754582152553,1.0,0.0,True,False,
18,5,local,2,0.75,14,top_r,Top-R,13.722438859589257,13.722438859589257,1.0,0.0,True,False,
18,5,local,2,0.75,14,legacy_rho2_mu4,Exp24 rho2/mu4,13.722438859589257,13.722438859589257,1.0,0.0,True,False,
18,5,local,2,0.75,14,frontier16_trim64,Frontier16 + adaptive trim64,13.722438859589257,13.722438859589257,1.0,0.0,True,False,
18,5,local,2,0.75,14,frontier16_trim256,Frontier16 + adaptive trim256,13.722438859589257,13.722438859589257,1.0,0.0,True,False,
18,5,local,2,0.75,14,frontier24_trim256_rho3,Frontier24 + adaptive trim256 + rho3,13.722438859589257,13.722438859589257,1.0,0.0,True,False,
18,5,hot-cold,0,0.25,4,top_r,Top-R,25.402286107595117,34.348178077832856,0.7395526496349711,26.044735036502885,True,False,
18,5,hot-cold,0,0.25,4,legacy_rho2_mu4,Exp24 rho2/mu4,34.348178077832856,34.348178077832856,1.0,0.0,True,False,
18,5,hot-cold,0,0.25,4,frontier16_trim64,Frontier16 + adaptive trim64,34.348178077832856,34.348178077832856,1.0,0.0,True,False,
18,5,hot-cold,0,0.25,4,frontier16_trim256,Frontier16 + adaptive trim256,34.348178077832856,34.348178077832856,1.0,0.0,True,False,
18,5,hot-cold,0,0.25,4,frontier24_trim256_rho3,Frontier24 + adaptive trim256 + rho3,34.348178077832856,34.348178077832856,1.0,0.0,True,False,
18,5,hot-cold,1,0.5,9,top_r,Top-R,12.516544067028589,20.95922877132627,0.5971853355669327,40.28146644330673,True,False,
18,5,hot-cold,1,0.5,9,legacy_rho2_mu4,Exp24 rho2/mu4,20.95922877132627,20.95922877132627,1.0,0.0,True,False,
18,5,hot-cold,1,0.5,9,frontier16_trim64,Frontier16 + adaptive trim64,20.95922877132627,20.95922877132627,1.0,0.0,True,False,
18,5,hot-cold,1,0.5,9,frontier16_trim256,Frontier16 + adaptive trim256,20.95922877132627,20.95922877132627,1.0,0.0,True,False,
18,5,hot-cold,1,0.5,9,frontier24_trim256_rho3,Frontier24 + adaptive trim256 + rho3,20.95922877132627,20.95922877132627,1.0,0.0,True,False,
18,5,hot-cold,2,0.75,14,top_r,Top-R,10.12234389933445,13.565972093090036,0.7461569159861656,25.384308401383436,True,False,
18,5,hot-cold,2,0.75,14,legacy_rho2_mu4,Exp24 rho2/mu4,13.565972093090036,13.565972093090036,1.0,0.0,True,False,
18,5,hot-cold,2,0.75,14,frontier16_trim64,Frontier16 + adaptive trim64,13.565972093090036,13.565972093090036,1.0,0.0,True,False,
18,5,hot-cold,2,0.75,14,frontier16_trim256,Frontier16 + adaptive trim256,13.565972093090036,13.565972093090036,1.0,0.0,True,False,
18,5,hot-cold,2,0.75,14,frontier24_trim256_rho3,Frontier24 + adaptive trim256 + rho3,13.565972093090036,13.565972093090036,1.0,0.0,True,False,
18,6,random,0,0.25,4,top_r,Top-R,20.488532339844973,29.45956198845174,0.695479869927345,30.4520130072655,True,False,
18,6,random,0,0.25,4,legacy_rho2_mu4,Exp24 rho2/mu4,29.45956197732807,29.45956198845174,0.9999999996224089,3.775910695225093e-08,True,False,
18,6,random,0,0.25,4,frontier16_trim64,Frontier16 + adaptive trim64,29.45956197732807,29.45956198845174,0.9999999996224089,3.775910695225093e-08,True,False,
18,6,random,0,0.25,4,frontier16_trim256,Frontier16 + adaptive trim256,29.45956197732807,29.45956198845174,0.9999999996224089,3.775910695225093e-08,True,False,
18,6,random,0,0.25,4,frontier24_trim256_rho3,Frontier24 + adaptive trim256 + rho3,29.45956197732807,29.45956198845174,0.9999999996224089,3.775910695225093e-08,True,False,
18,6,random,1,0.5,9,top_r,Top-R,9.85242368508363,21.343779039998726,0.4616063381568918,53.83936618431082,True,False,
18,6,random,1,0.5,9,legacy_rho2_mu4,Exp24 rho2/mu4,21.343779039998722,21.343779039998726,0.9999999999999999,1.1102230246251565e-14,True,False,
18,6,random,1,0.5,9,frontier16_trim64,Frontier16 + adaptive trim64,21.343779039998722,21.343779039998726,0.9999999999999999,1.1102230246251565e-14,True,False,
18,6,random,1,0.5,9,frontier16_trim256,Frontier16 + adaptive trim256,21.343779039998722,21.343779039998726,0.9999999999999999,1.1102230246251565e-14,True,False,
18,6,random,1,0.5,9,frontier24_trim256_rho3,Frontier24 + adaptive trim256 + rho3,21.343779039998722,21.343779039998726,0.9999999999999999,1.1102230246251565e-14,True,False,
18,6,random,2,0.75,14,top_r,Top-R,9.03989171122912,13.721544095804415,0.6588100907676429,34.118990923235714,True,False,
18,6,random,2,0.75,14,legacy_rho2_mu4,Exp24 rho2/mu4,13.721544095804413,13.721544095804415,0.9999999999999999,1.1102230246251565e-14,True,False,
18,6,random,2,0.75,14,frontier16_trim64,Frontier16 + adaptive trim64,13.721544095804413,13.721544095804415,0.9999999999999999,1.1102230246251565e-14,True,False,
18,6,random,2,0.75,14,frontier16_trim256,Frontier16 + adaptive trim256,13.721544095804413,13.721544095804415,0.9999999999999999,1.1102230246251565e-14,True,False,
18,6,random,2,0.75,14,frontier24_trim256_rho3,Frontier24 + adaptive trim256 + rho3,13.721544095804413,13.721544095804415,0.9999999999999999,1.1102230246251565e-14,True,False,
18,6,local,0,0.25,4,top_r,Top-R,26.506745718489967,37.53087166016733,0.7062651237760191,29.373487622398088,True,False,
18,6,local,0,0.25,4,legacy_rho2_mu4,Exp24 rho2/mu4,37.53087166016733,37.53087166016733,1.0,0.0,True,False,
18,6,local,0,0.25,4,frontier16_trim64,Frontier16 + adaptive trim64,37.53087166016733,37.53087166016733,1.0,0.0,True,False,
18,6,local,0,0.25,4,frontier16_trim256,Frontier16 + adaptive trim256,37.53087166016733,37.53087166016733,1.0,0.0,True,False,
18,6,local,0,0.25,4,frontier24_trim256_rho3,Frontier24 + adaptive trim256 + rho3,37.53087166016733,37.53087166016733,1.0,0.0,True,False,
18,6,local,1,0.5,9,top_r,Top-R,14.650722966181547,21.346534383760268,0.6863279398330498,31.367206016695015,True,False,
18,6,local,1,0.5,9,legacy_rho2_mu4,Exp24 rho2/mu4,21.346534383730525,21.346534383760268,0.9999999999986067,1.3933298959045715e-10,True,False,
18,6,local,1,0.5,9,frontier16_trim64,Frontier16 + adaptive trim64,21.346534383760268,21.346534383760268,1.0,0.0,True,False,
18,6,local,1,0.5,9,frontier16_trim256,Frontier16 + adaptive trim256,21.346534383760268,21.346534383760268,1.0,0.0,True,False,
18,6,local,1,0.5,9,frontier24_trim256_rho3,Frontier24 + adaptive trim256 + rho3,21.346534383760268,21.346534383760268,1.0,0.0,True,False,
18,6,local,2,0.75,14,top_r,Top-R,11.401425355684097,13.722772125319386,0.8308398078437623,16.916019215623766,True,False,
18,6,local,2,0.75,14,legacy_rho2_mu4,Exp24 rho2/mu4,13.722772125319386,13.722772125319386,1.0,0.0,True,False,
18,6,local,2,0.75,14,frontier16_trim64,Frontier16 + adaptive trim64,13.722772125319386,13.722772125319386,1.0,0.0,True,False,
18,6,local,2,0.75,14,frontier16_trim256,Frontier16 + adaptive trim256,13.722772125319386,13.722772125319386,1.0,0.0,True,False,
18,6,local,2,0.75,14,frontier24_trim256_rho3,Frontier24 + adaptive trim256 + rho3,13.722772125319386,13.722772125319386,1.0,0.0,True,False,
18,6,hot-cold,0,0.25,4,top_r,Top-R,26.506745718489967,37.37996158818146,0.7091164514965871,29.08835485034129,True,False,
18,6,hot-cold,0,0.25,4,legacy_rho2_mu4,Exp24 rho2/mu4,37.37996158818146,37.37996158818146,1.0,0.0,True,False,
18,6,hot-cold,0,0.25,4,frontier16_trim64,Frontier16 + adaptive trim64,37.37996158818146,37.37996158818146,1.0,0.0,True,False,
18,6,hot-cold,0,0.25,4,frontier16_trim256,Frontier16 + adaptive trim256,37.37996158818146,37.37996158818146,1.0,0.0,True,False,
18,6,hot-cold,0,0.25,4,frontier24_trim256_rho3,Frontier24 + adaptive trim256 + rho3,37.37996158818146,37.37996158818146,1.0,0.0,True,False,
18,6,hot-cold,1,0.5,9,top_r,Top-R,12.604517568106216,21.346534383760268,0.5904713777659062,40.95286222340938,True,False,
18,6,hot-cold,1,0.5,9,legacy_rho2_mu4,Exp24 rho2/mu4,21.346534383760268,21.346534383760268,1.0,0.0,True,False,
18,6,hot-cold,1,0.5,9,frontier16_trim64,Frontier16 + adaptive trim64,21.346534383760268,21.346534383760268,1.0,0.0,True,False,
18,6,hot-cold,1,0.5,9,frontier16_trim256,Frontier16 + adaptive trim256,21.346534383760268,21.346534383760268,1.0,0.0,True,False,
18,6,hot-cold,1,0.5,9,frontier24_trim256_rho3,Frontier24 + adaptive trim256 + rho3,21.346534383760268,21.346534383760268,1.0,0.0,True,False,
18,6,hot-cold,2,0.75,14,top_r,Top-R,10.822099882378456,13.722772125321992,0.7886234489319355,21.137655106806452,True,False,
18,6,hot-cold,2,0.75,14,legacy_rho2_mu4,Exp24 rho2/mu4,13.722772125321992,13.722772125321992,1.0,0.0,True,False,
18,6,hot-cold,2,0.75,14,frontier16_trim64,Frontier16 + adaptive trim64,13.722772125321992,13.722772125321992,1.0,0.0,True,False,
18,6,hot-cold,2,0.75,14,frontier16_trim256,Frontier16 + adaptive trim256,13.722772125321992,13.722772125321992,1.0,0.0,True,False,
18,6,hot-cold,2,0.75,14,frontier24_trim256_rho3,Frontier24 + adaptive trim256 + rho3,13.722772125321992,13.722772125321992,1.0,0.0,True,False,
18,7,random,0,0.25,4,top_r,Top-R,20.490131187565996,29.87240820426406,0.6859216387060881,31.407836129391185,True,False,
18,7,random,0,0.25,4,legacy_rho2_mu4,Exp24 rho2/mu4,29.872306025125415,29.87240820426406,0.9999965794810399,0.00034205189600733377,True,False,
18,7,random,0,0.25,4,frontier16_trim64,Frontier16 + adaptive trim64,29.872306025125415,29.87240820426406,0.9999965794810399,0.00034205189600733377,True,False,
18,7,random,0,0.25,4,frontier16_trim256,Frontier16 + adaptive trim256,29.872306025125415,29.87240820426406,0.9999965794810399,0.00034205189600733377,True,False,
18,7,random,0,0.25,4,frontier24_trim256_rho3,Frontier24 + adaptive trim256 + rho3,29.872306025125415,29.87240820426406,0.9999965794810399,0.00034205189600733377,True,False,
18,7,random,1,0.5,9,top_r,Top-R,11.059836318788522,21.346488016014167,0.518110347261405,48.188965273859495,True,False,
18,7,random,1,0.5,9,legacy_rho2_mu4,Exp24 rho2/mu4,21.346488016014167,21.346488016014167,1.0,0.0,True,False,
18,7,random,1,0.5,9,frontier16_trim64,Frontier16 + adaptive trim64,21.346488016014167,21.346488016014167,1.0,0.0,True,False,
18,7,random,1,0.5,9,frontier16_trim256,Frontier16 + adaptive trim256,21.346488016014167,21.346488016014167,1.0,0.0,True,False,
18,7,random,1,0.5,9,frontier24_trim256_rho3,Frontier24 + adaptive trim256 + rho3,21.346488016014167,21.346488016014167,1.0,0.0,True,False,
18,7,random,2,0.75,14,top_r,Top-R,9.039891697552246,13.722772104569298,0.65875113487764,34.124886512235996,True,False,
18,7,random,2,0.75,14,legacy_rho2_mu4,Exp24 rho2/mu4,13.722772104569298,13.722772104569298,1.0,0.0,True,False,
18,7,random,2,0.75,14,frontier16_trim64,Frontier16 + adaptive trim64,13.722772104569298,13.722772104569298,1.0,0.0,True,False,
18,7,random,2,0.75,14,frontier16_trim256,Frontier16 + adaptive trim256,13.722772104569298,13.722772104569298,1.0,0.0,True,False,
18,7,random,2,0.75,14,frontier24_trim256_rho3,Frontier24 + adaptive trim256 + rho3,13.722772104569298,13.722772104569298,1.0,0.0,True,False,
18,7,local,0,0.25,4,top_r,Top-R,37.53384418018888,37.53384418018888,1.0,0.0,True,False,
18,7,local,0,0.25,4,legacy_rho2_mu4,Exp24 rho2/mu4,37.53384418018888,37.53384418018888,1.0,0.0,True,False,
18,7,local,0,0.25,4,frontier16_trim64,Frontier16 + adaptive trim64,37.53384418018888,37.53384418018888,1.0,0.0,True,False,
18,7,local,0,0.25,4,frontier16_trim256,Frontier16 + adaptive trim256,37.53384418018888,37.53384418018888,1.0,0.0,True,False,
18,7,local,0,0.25,4,frontier24_trim256_rho3,Frontier24 + adaptive trim256 + rho3,37.53384418018888,37.53384418018888,1.0,0.0,True,False,
18,7,local,1,0.5,9,top_r,Top-R,14.650722944167688,21.34653438484607,0.6863279387668779,31.367206123312208,True,False,
18,7,local,1,0.5,9,legacy_rho2_mu4,Exp24 rho2/mu4,21.346534384844677,21.34653438484607,0.9999999999999347,6.5281113847959205e-12,True,False,
18,7,local,1,0.5,9,frontier16_trim64,Frontier16 + adaptive trim64,21.34653438484607,21.34653438484607,1.0,0.0,True,False,
18,7,local,1,0.5,9,frontier16_trim256,Frontier16 + adaptive trim256,21.34653438484607,21.34653438484607,1.0,0.0,True,False,
18,7,local,1,0.5,9,frontier24_trim256_rho3,Frontier24 + adaptive trim256 + rho3,21.34653438484607,21.34653438484607,1.0,0.0,True,False,
18,7,local,2,0.75,14,top_r,Top-R,13.722772104570822,13.722772104570822,1.0,0.0,True,False,
18,7,local,2,0.75,14,legacy_rho2_mu4,Exp24 rho2/mu4,13.722772104570822,13.722772104570822,1.0,0.0,True,False,
18,7,local,2,0.75,14,frontier16_trim64,Frontier16 + adaptive trim64,13.722772104570822,13.722772104570822,1.0,0.0,True,False,
18,7,local,2,0.75,14,frontier16_trim256,Frontier16 + adaptive trim256,13.722772104570822,13.722772104570822,1.0,0.0,True,False,
18,7,local,2,0.75,14,frontier24_trim256_rho3,Frontier24 + adaptive trim256 + rho3,13.722772104570822,13.722772104570822,1.0,0.0,True,False,
18,7,hot-cold,0,0.25,4,top_r,Top-R,20.490131187565996,35.81163190323336,0.5721641293234666,42.783587067653336,True,False,
18,7,hot-cold,0,0.25,4,legacy_rho2_mu4,Exp24 rho2/mu4,35.81155037194699,35.81163190323336,0.9999977233294872,0.00022766705127796882,True,False,
18,7,hot-cold,0,0.25,4,frontier16_trim64,Frontier16 + adaptive trim64,35.81155037194699,35.81163190323336,0.9999977233294872,0.00022766705127796882,True,False,
18,7,hot-cold,0,0.25,4,frontier16_trim256,Frontier16 + adaptive trim256,35.81155037194699,35.81163190323336,0.9999977233294872,0.00022766705127796882,True,False,
18,7,hot-cold,0,0.25,4,frontier24_trim256_rho3,Frontier24 + adaptive trim256 + rho3,35.81155037194699,35.81163190323336,0.9999977233294872,0.00022766705127796882,True,False,
18,7,hot-cold,1,0.5,9,top_r,Top-R,17.490039294289804,21.346525469494175,0.8193389279807815,18.066107201921856,True,False,
18,7,hot-cold,1,0.5,9,legacy_rho2_mu4,Exp24 rho2/mu4,21.346525469494175,21.346525469494175,1.0,0.0,True,False,
18,7,hot-cold,1,0.5,9,frontier16_trim64,Frontier16 + adaptive trim64,21.346525469494175,21.346525469494175,1.0,0.0,True,False,
18,7,hot-cold,1,0.5,9,frontier16_trim256,Frontier16 + adaptive trim256,21.346525469494175,21.346525469494175,1.0,0.0,True,False,
18,7,hot-cold,1,0.5,9,frontier24_trim256_rho3,Frontier24 + adaptive trim256 + rho3,21.346525469494175,21.346525469494175,1.0,0.0,True,False,
18,7,hot-cold,2,0.75,14,top_r,Top-R,9.101701554791163,13.722772104566875,0.6632553164503955,33.67446835496045,True,False,
18,7,hot-cold,2,0.75,14,legacy_rho2_mu4,Exp24 rho2/mu4,13.722772104566875,13.722772104566875,1.0,0.0,True,False,
18,7,hot-cold,2,0.75,14,frontier16_trim64,Frontier16 + adaptive trim64,13.722772104566875,13.722772104566875,1.0,0.0,True,False,
18,7,hot-cold,2,0.75,14,frontier16_trim256,Frontier16 + adaptive trim256,13.722772104566875,13.722772104566875,1.0,0.0,True,False,
18,7,hot-cold,2,0.75,14,frontier24_trim256_rho3,Frontier24 + adaptive trim256 + rho3,13.722772104566875,13.722772104566875,1.0,0.0,True,False,
18,8,random,0,0.25,4,top_r,Top-R,20.488119168141715,37.52063965403957,0.5460493039845047,45.39506960154953,True,False,
18,8,random,0,0.25,4,legacy_rho2_mu4,Exp24 rho2/mu4,37.52063965403957,37.52063965403957,1.0,0.0,True,False,
18,8,random,0,0.25,4,frontier16_trim64,Frontier16 + adaptive trim64,37.52063965403957,37.52063965403957,1.0,0.0,True,False,
18,8,random,0,0.25,4,frontier16_trim256,Frontier16 + adaptive trim256,37.52063965403957,37.52063965403957,1.0,0.0,True,False,
18,8,random,0,0.25,4,frontier24_trim256_rho3,Frontier24 + adaptive trim256 + rho3,37.52063965403957,37.52063965403957,1.0,0.0,True,False,
18,8,random,1,0.5,9,top_r,Top-R,9.852423515335065,21.34431597194076,0.46159471815761455,53.84052818423854,True,False,
18,8,random,1,0.5,9,legacy_rho2_mu4,Exp24 rho2/mu4,21.34431597194076,21.34431597194076,1.0,0.0,True,False,
18,8,random,1,0.5,9,frontier16_trim64,Frontier16 + adaptive trim64,21.34431597194076,21.34431597194076,1.0,0.0,True,False,
18,8,random,1,0.5,9,frontier16_trim256,Frontier16 + adaptive trim256,21.34431597194076,21.34431597194076,1.0,0.0,True,False,
18,8,random,1,0.5,9,frontier24_trim256_rho3,Frontier24 + adaptive trim256 + rho3,21.34431597194076,21.34431597194076,1.0,0.0,True,False,
18,8,random,2,0.75,14,top_r,Top-R,10.12258956929891,13.722634013831987,0.7376564556845031,26.23435443154969,True,False,
18,8,random,2,0.75,14,legacy_rho2_mu4,Exp24 rho2/mu4,13.722634013831989,13.722634013831987,1.0000000000000002,-2.220446049250313e-14,True,False,
18,8,random,2,0.75,14,frontier16_trim64,Frontier16 + adaptive trim64,13.722634013831989,13.722634013831987,1.0000000000000002,-2.220446049250313e-14,True,False,
18,8,random,2,0.75,14,frontier16_trim256,Frontier16 + adaptive trim256,13.722634013831989,13.722634013831987,1.0000000000000002,-2.220446049250313e-14,True,False,
18,8,random,2,0.75,14,frontier24_trim256_rho3,Frontier24 + adaptive trim256 + rho3,13.722634013831989,13.722634013831987,1.0000000000000002,-2.220446049250313e-14,True,False,
18,8,local,0,0.25,4,top_r,Top-R,26.506211183507435,37.52678666594093,0.7063277604731423,29.367223952685773,True,False,
18,8,local,0,0.25,4,legacy_rho2_mu4,Exp24 rho2/mu4,37.52678664753289,37.52678666594093,0.9999999995094692,4.905308381708551e-08,True,False,
18,8,local,0,0.25,4,frontier16_trim64,Frontier16 + adaptive trim64,37.52678664753289,37.52678666594093,0.9999999995094692,4.905308381708551e-08,True,False,
18,8,local,0,0.25,4,frontier16_trim256,Frontier16 + adaptive trim256,37.52678664753289,37.52678666594093,0.9999999995094692,4.905308381708551e-08,True,False,
18,8,local,0,0.25,4,frontier24_trim256_rho3,Frontier24 + adaptive trim256 + rho3,37.52678664753289,37.52678666594093,0.9999999995094692,4.905308381708551e-08,True,False,
18,8,local,1,0.5,9,top_r,Top-R,14.650722713762521,21.346318260995925,0.6863348767985146,31.366512320148544,True,False,
18,8,local,1,0.5,9,legacy_rho2_mu4,Exp24 rho2/mu4,21.346318250502556,21.346318260995925,0.9999999995084226,4.915774454161692e-08,True,False,
18,8,local,1,0.5,9,frontier16_trim64,Frontier16 + adaptive trim64,21.346318260995925,21.346318260995925,1.0,0.0,True,False,
18,8,local,1,0.5,9,frontier16_trim256,Frontier16 + adaptive trim256,21.346318260995925,21.346318260995925,1.0,0.0,True,False,
18,8,local,1,0.5,9,frontier24_trim256_rho3,Frontier24 + adaptive trim256 + rho3,21.346318260995925,21.346318260995925,1.0,0.0,True,False,
18,8,local,2,0.75,14,top_r,Top-R,12.923412254340517,13.722771897333056,0.9417494039124931,5.825059608750694,True,False,
18,8,local,2,0.75,14,legacy_rho2_mu4,Exp24 rho2/mu4,13.722771897333056,13.722771897333056,1.0,0.0,True,False,
18,8,local,2,0.75,14,frontier16_trim64,Frontier16 + adaptive trim64,13.722771897333056,13.722771897333056,1.0,0.0,True,False,
18,8,local,2,0.75,14,frontier16_trim256,Frontier16 + adaptive trim256,13.722771897333056,13.722771897333056,1.0,0.0,True,False,
18,8,local,2,0.75,14,frontier24_trim256_rho3,Frontier24 + adaptive trim256 + rho3,13.722771897333056,13.722771897333056,1.0,0.0,True,False,
18,8,hot-cold,0,0.25,4,top_r,Top-R,26.506211183507435,29.40877226955902,0.901302881349589,9.869711865041097,True,False,
18,8,hot-cold,0,0.25,4,legacy_rho2_mu4,Exp24 rho2/mu4,29.406801974289127,29.40877226955902,0.9999330031443736,0.006699685562638891,True,False,
18,8,hot-cold,0,0.25,4,frontier16_trim64,Frontier16 + adaptive trim64,29.406801974289127,29.40877226955902,0.9999330031443736,0.006699685562638891,True,False,
18,8,hot-cold,0,0.25,4,frontier16_trim256,Frontier16 + adaptive trim256,29.406801974289127,29.40877226955902,0.9999330031443736,0.006699685562638891,True,False,
18,8,hot-cold,0,0.25,4,frontier24_trim256_rho3,Frontier24 + adaptive trim256 + rho3,29.406801974289127,29.40877226955902,0.9999330031443736,0.006699685562638891,True,False,
18,8,hot-cold,1,0.5,9,top_r,Top-R,12.604517350941501,21.34631951480137,0.5904773111918253,40.95226888081746,True,False,
18,8,hot-cold,1,0.5,9,legacy_rho2_mu4,Exp24 rho2/mu4,21.34631951480137,21.34631951480137,1.0,0.0,True,False,
18,8,hot-cold,1,0.5,9,frontier16_trim64,Frontier16 + adaptive trim64,21.34631951480137,21.34631951480137,1.0,0.0,True,False,
18,8,hot-cold,1,0.5,9,frontier16_trim256,Frontier16 + adaptive trim256,21.34631951480137,21.34631951480137,1.0,0.0,True,False,
18,8,hot-cold,1,0.5,9,frontier24_trim256_rho3,Frontier24 + adaptive trim256 + rho3,21.34631951480137,21.34631951480137,1.0,0.0,True,False,
18,8,hot-cold,2,0.75,14,top_r,Top-R,11.304600443606526,13.722771904084002,0.8237840374102692,17.62159625897308,True,False,
18,8,hot-cold,2,0.75,14,legacy_rho2_mu4,Exp24 rho2/mu4,13.722771904084002,13.722771904084002,1.0,0.0,True,False,
18,8,hot-cold,2,0.75,14,frontier16_trim64,Frontier16 + adaptive trim64,13.722771904084002,13.722771904084002,1.0,0.0,True,False,
18,8,hot-cold,2,0.75,14,frontier16_trim256,Frontier16 + adaptive trim256,13.722771904084002,13.722771904084002,1.0,0.0,True,False,
18,8,hot-cold,2,0.75,14,frontier24_trim256_rho3,Frontier24 + adaptive trim256 + rho3,13.722771904084002,13.722771904084002,1.0,0.0,True,False,
18,9,random,0,0.25,4,top_r,Top-R,20.02047791178475,30.361248054544372,0.659408924027685,34.059107597231495,True,False,
18,9,random,0,0.25,4,legacy_rho2_mu4,Exp24 rho2/mu4,30.361248054544372,30.361248054544372,1.0,0.0,True,False,
18,9,random,0,0.25,4,frontier16_trim64,Frontier16 + adaptive trim64,30.361248054544372,30.361248054544372,1.0,0.0,True,False,
18,9,random,0,0.25,4,frontier16_trim256,Frontier16 + adaptive trim256,30.361248054544372,30.361248054544372,1.0,0.0,True,False,
18,9,random,0,0.25,4,frontier24_trim256_rho3,Frontier24 + adaptive trim256 + rho3,30.361248054544372,30.361248054544372,1.0,0.0,True,False,
18,9,random,1,0.5,9,top_r,Top-R,9.834471333974928,21.07091822582224,0.4667319776279547,53.32680223720453,True,False,
18,9,random,1,0.5,9,legacy_rho2_mu4,Exp24 rho2/mu4,21.07091822582224,21.07091822582224,1.0,0.0,True,False,
18,9,random,1,0.5,9,frontier16_trim64,Frontier16 + adaptive trim64,21.07091822582224,21.07091822582224,1.0,0.0,True,False,
18,9,random,1,0.5,9,frontier16_trim256,Frontier16 + adaptive trim256,21.07091822582224,21.07091822582224,1.0,0.0,True,False,
18,9,random,1,0.5,9,frontier24_trim256_rho3,Frontier24 + adaptive trim256 + rho3,21.07091822582224,21.07091822582224,1.0,0.0,True,False,
18,9,random,2,0.75,14,top_r,Top-R,9.098675802475091,13.58776197088206,0.6696228431122895,33.03771568877105,True,False,
18,9,random,2,0.75,14,legacy_rho2_mu4,Exp24 rho2/mu4,13.58776197088206,13.58776197088206,1.0,0.0,True,False,
18,9,random,2,0.75,14,frontier16_trim64,Frontier16 + adaptive trim64,13.58776197088206,13.58776197088206,1.0,0.0,True,False,
18,9,random,2,0.75,14,frontier16_trim256,Frontier16 + adaptive trim256,13.58776197088206,13.58776197088206,1.0,0.0,True,False,
18,9,random,2,0.75,14,frontier24_trim256_rho3,Frontier24 + adaptive trim256 + rho3,13.58776197088206,13.58776197088206,1.0,0.0,True,False,
18,9,local,0,0.25,4,top_r,Top-R,36.67353280831315,36.67353280831315,1.0,0.0,True,False,
18,9,local,0,0.25,4,legacy_rho2_mu4,Exp24 rho2/mu4,36.67353280831315,36.67353280831315,1.0,0.0,True,False,
18,9,local,0,0.25,4,frontier16_trim64,Frontier16 + adaptive trim64,36.67353280831315,36.67353280831315,1.0,0.0,True,False,
18,9,local,0,0.25,4,frontier16_trim256,Frontier16 + adaptive trim256,36.67353280831315,36.67353280831315,1.0,0.0,True,False,
18,9,local,0,0.25,4,frontier24_trim256_rho3,Frontier24 + adaptive trim256 + rho3,36.67353280831315,36.67353280831315,1.0,0.0,True,False,
18,9,local,1,0.5,9,top_r,Top-R,17.458170276279546,21.206514412961827,0.8232456280325247,17.675437196747534,True,False,
18,9,local,1,0.5,9,legacy_rho2_mu4,Exp24 rho2/mu4,21.206514412961827,21.206514412961827,1.0,0.0,True,False,
18,9,local,1,0.5,9,frontier16_trim64,Frontier16 + adaptive trim64,21.206514412961827,21.206514412961827,1.0,0.0,True,False,
18,9,local,1,0.5,9,frontier16_trim256,Frontier16 + adaptive trim256,21.206514412961827,21.206514412961827,1.0,0.0,True,False,
18,9,local,1,0.5,9,frontier24_trim256_rho3,Frontier24 + adaptive trim256 + rho3,21.206514412961827,21.206514412961827,1.0,0.0,True,False,
18,9,local,2,0.75,14,top_r,Top-R,12.29257272589925,13.71770883780035,0.8961097564650146,10.389024353498543,True,False,
18,9,local,2,0.75,14,legacy_rho2_mu4,Exp24 rho2/mu4,13.71770883780035,13.71770883780035,1.0,0.0,True,False,
18,9,local,2,0.75,14,frontier16_trim64,Frontier16 + adaptive trim64,13.71770883780035,13.71770883780035,1.0,0.0,True,False,
18,9,local,2,0.75,14,frontier16_trim256,Frontier16 + adaptive trim256,13.71770883780035,13.71770883780035,1.0,0.0,True,False,
18,9,local,2,0.75,14,frontier24_trim256_rho3,Frontier24 + adaptive trim256 + rho3,13.71770883780035,13.71770883780035,1.0,0.0,True,False,
18,9,hot-cold,0,0.25,4,top_r,Top-R,36.67353280831315,36.67353280831315,1.0,0.0,True,False,
18,9,hot-cold,0,0.25,4,legacy_rho2_mu4,Exp24 rho2/mu4,36.67353280831315,36.67353280831315,1.0,0.0,True,False,
18,9,hot-cold,0,0.25,4,frontier16_trim64,Frontier16 + adaptive trim64,36.67353280831315,36.67353280831315,1.0,0.0,True,False,
18,9,hot-cold,0,0.25,4,frontier16_trim256,Frontier16 + adaptive trim256,36.67353280831315,36.67353280831315,1.0,0.0,True,False,
18,9,hot-cold,0,0.25,4,frontier24_trim256_rho3,Frontier24 + adaptive trim256 + rho3,36.67353280831315,36.67353280831315,1.0,0.0,True,False,
18,9,hot-cold,1,0.5,9,top_r,Top-R,12.581550556924892,21.19487953456711,0.593612742002398,40.6387257997602,True,False,
18,9,hot-cold,1,0.5,9,legacy_rho2_mu4,Exp24 rho2/mu4,21.19487953456711,21.19487953456711,1.0,0.0,True,False,
18,9,hot-cold,1,0.5,9,frontier16_trim64,Frontier16 + adaptive trim64,21.19487953456711,21.19487953456711,1.0,0.0,True,False,
18,9,hot-cold,1,0.5,9,frontier16_trim256,Frontier16 + adaptive trim256,21.19487953456711,21.19487953456711,1.0,0.0,True,False,
18,9,hot-cold,1,0.5,9,frontier24_trim256_rho3,Frontier24 + adaptive trim256 + rho3,21.19487953456711,21.19487953456711,1.0,0.0,True,False,
18,9,hot-cold,2,0.75,14,top_r,Top-R,11.135353501732402,13.69392341733764,0.8131601997740197,18.683980022598035,True,False,
18,9,hot-cold,2,0.75,14,legacy_rho2_mu4,Exp24 rho2/mu4,13.69392341733764,13.69392341733764,1.0,0.0,True,False,
18,9,hot-cold,2,0.75,14,frontier16_trim64,Frontier16 + adaptive trim64,13.69392341733764,13.69392341733764,1.0,0.0,True,False,
18,9,hot-cold,2,0.75,14,frontier16_trim256,Frontier16 + adaptive trim256,13.69392341733764,13.69392341733764,1.0,0.0,True,False,
18,9,hot-cold,2,0.75,14,frontier24_trim256_rho3,Frontier24 + adaptive trim256 + rho3,13.69392341733764,13.69392341733764,1.0,0.0,True,False,
