method,method_label,budget_index,budget_fraction,cases,actual_total_ms,selector_ms,nonselector_ms,relative_l2_error,cosine_error,importance_retention,selected_fraction,row_match_rate,fallback_rate,cell_count,length_factor
c1_l1,C1 · 1s,0,0.1,189,0.30655409512277315,0.09277256878306878,0.21378152633970435,0.7822972870377637,0.3932216214755225,0.1389282820401368,0.10014984574870615,1.0,0.0,1.0,1.0
c1_l1,C1 · 1s,1,0.15,189,0.3573297248293937,0.09363130952380952,0.26369841530558413,0.7294601580453297,0.33071201440518494,0.19505181435554741,0.1498501542512938,1.0,0.0,1.0,1.0
c1_l1,C1 · 1s,2,0.2,189,0.3949300556300421,0.09506685185185185,0.29986320377819026,0.6860420031167528,0.2893002686046418,0.24994290994588655,0.19999060404664257,1.0,0.0,1.0,1.0
c1_l1,C1 · 1s,3,0.25,189,0.44047134913398256,0.09687672751322751,0.343594621620755,0.6392434468128221,0.24334770787960633,0.3064271489148417,0.25,1.0,0.0,1.0,1.0
c1_l1,C1 · 1s,4,0.3,189,0.487168944634857,0.09921719312169311,0.3879517515131638,0.5996124459203904,0.21242456082944514,0.35837113983416685,0.3000093959533574,1.0,0.0,1.0,1.0
c1_l1,C1 · 1s,5,0.35,189,0.526708928592848,0.09952348677248675,0.4271854418203613,0.5595351460650957,0.18358497455637288,0.4112371712449997,0.3501498457487061,1.0,0.0,1.0,1.0
c1_l1,C1 · 1s,6,0.4,189,0.5682762856670933,0.09866055026455026,0.4696157354025431,0.5298076647989176,0.16393335849519755,0.45940666397412616,0.3998501542512938,1.0,0.0,1.0,1.0
c1_l1,C1 · 1s,7,0.45,189,0.5953599204820514,0.09959879894179893,0.4957611215402525,0.4922486434212674,0.14137471573693408,0.5087864539295277,0.4499906040466426,1.0,0.0,1.0,1.0
c1_l1,C1 · 1s,8,0.5,189,0.6270909707275986,0.10023085449735449,0.5268601162302441,0.45322658658697806,0.12136162841130813,0.5595130570351131,0.5,1.0,0.0,1.0,1.0
c1_l1,C1 · 1s,9,0.55,189,0.6899346745574573,0.1010879947089947,0.5888466798484625,0.41900873296061364,0.10420198257638029,0.6076105019402882,0.5500093959533574,1.0,0.0,1.0,1.0
c1_l1,C1 · 1s,10,0.6,189,0.7467117087751409,0.10243897883597883,0.6442727299391621,0.383287300897772,0.08799605047892006,0.6557422873204347,0.6001498457487062,1.0,0.0,1.0,1.0
c1_l1,C1 · 1s,11,0.65,189,0.7822758678014949,0.10205440476190475,0.6802214630395902,0.3516446131641272,0.0745456940913326,0.7012052674772878,0.6498501542512938,1.0,0.0,1.0,1.0
c1_l1,C1 · 1s,12,0.7,189,0.8174240295331568,0.10393408994708993,0.713489939586067,0.31832677062117937,0.06133856912138596,0.7459776013616531,0.6999906040466426,1.0,0.0,1.0,1.0
c1_l1,C1 · 1s,13,0.75,189,0.8457220952634411,0.10357719841269838,0.7421448968507427,0.28270939870850825,0.049611070168712114,0.7901361685581308,0.75,1.0,0.0,1.0,1.0
c1_l1,C1 · 1s,14,0.8,189,0.8856785985673173,0.10246788359788359,0.7832107149694338,0.25184029790636875,0.039542024097745335,0.8334334539988685,0.8000093959533574,1.0,0.0,1.0,1.0
c1_l1,C1 · 1s,15,0.85,189,0.9528519182645531,0.10290688888888888,0.8499450293756642,0.21334322132465855,0.028911764974947282,0.8765047328181998,0.8501498457487062,1.0,0.0,1.0,1.0
c1_l1,C1 · 1s,16,0.9,189,0.991891701367523,0.10417725661375661,0.8877144447537664,0.17147787486291707,0.018999021520059528,0.9185182064298599,0.8998501542512938,1.0,0.0,1.0,1.0
c1_l1,C1 · 1s,17,0.95,189,1.0352804389798895,0.10112266666666664,0.9341577723132227,0.12290570942349925,0.01025216573129881,0.9587106537566614,0.9499906040466426,1.0,0.0,1.0,1.0
c1_l2,C1 · 2s,0,0.1,189,0.30397457934034405,0.09108325661375659,0.21289132272658742,0.7929800740940861,0.4031458039763113,0.13562021747468006,0.10014984574870615,1.0,0.0,1.0,2.0
c1_l2,C1 · 2s,1,0.15,189,0.3450297354007347,0.09296712169312168,0.252062613707613,0.7461592604322408,0.344548985440895,0.1908425383624576,0.1498501542512938,1.0,0.0,1.0,2.0
c1_l2,C1 · 2s,2,0.2,189,0.38178662176477396,0.09239500529100529,0.2893916164737687,0.7073542732134382,0.30322720480974386,0.24474122781286792,0.19999060404664257,1.0,0.0,1.0,2.0
c1_l2,C1 · 2s,3,0.25,189,0.42957755814003534,0.09463185449735449,0.33494570364268084,0.653095678135595,0.25155891943230196,0.2987607941425666,0.25,1.0,0.0,1.0,2.0
c1_l2,C1 · 2s,4,0.3,189,0.48159169865109935,0.09495988095238093,0.3866318176987184,0.6126698176893923,0.22109045332701746,0.3483357800062371,0.3000093959533574,1.0,0.0,1.0,2.0
c1_l2,C1 · 2s,5,0.35,189,0.533586957449445,0.09745191005291003,0.43613504739653497,0.5705565771078149,0.19082691145952413,0.40352525502916364,0.3501498457487061,1.0,0.0,1.0,2.0
c1_l2,C1 · 2s,6,0.4,189,0.5549930262803631,0.09873616402116402,0.45625686225919904,0.5380891627045693,0.168916244986196,0.45324674705979684,0.3998501542512938,1.0,0.0,1.0,2.0
c1_l2,C1 · 2s,7,0.45,189,0.5971522564136929,0.09983603174603173,0.49731622466766107,0.5026623054934793,0.14781570592254553,0.5015745394759707,0.4499906040466426,1.0,0.0,1.0,2.0
c1_l2,C1 · 2s,8,0.5,189,0.6328117008246918,0.09925957407407406,0.5335521267506178,0.47020494126808393,0.12826225839594682,0.5477998654047648,0.5,1.0,0.0,1.0,2.0
c1_l2,C1 · 2s,9,0.55,189,0.6870305796134172,0.10245268783068782,0.5845778917827293,0.43382782175171153,0.10967991118708612,0.5980042657524189,0.5500093959533574,1.0,0.0,1.0,2.0
c1_l2,C1 · 2s,10,0.6,189,0.7479330766280325,0.10061280423280422,0.6473202723952283,0.39842357706751613,0.09309385567115094,0.6454932557211982,0.6001498457487062,1.0,0.0,1.0,2.0
c1_l2,C1 · 2s,11,0.65,189,0.788429314749922,0.10194350264550263,0.6864858121044195,0.361286716703227,0.07767855427252547,0.6940499471608924,0.6498501542512938,1.0,0.0,1.0,2.0
c1_l2,C1 · 2s,12,0.7,189,0.8144087091134534,0.10121805555555553,0.7131906535578979,0.3298803096632202,0.0649222854583982,0.738368187947248,0.6999906040466426,1.0,0.0,1.0,2.0
c1_l2,C1 · 2s,13,0.75,189,0.850465021096741,0.10236606084656084,0.7480989602501803,0.29379013405679155,0.05299945010079274,0.7842742343428274,0.75,1.0,0.0,1.0,2.0
c1_l2,C1 · 2s,14,0.8,189,0.8889425347265163,0.10057941005291003,0.7883631246736063,0.2581035258031632,0.04109618241194059,0.8297191839369517,0.8000093959533574,1.0,0.0,1.0,2.0
c1_l2,C1 · 2s,15,0.85,189,0.9626750819848044,0.10363639947089946,0.8590386825139049,0.21907623463788278,0.030045193654519492,0.8742581353616462,0.8501498457487062,1.0,0.0,1.0,2.0
c1_l2,C1 · 2s,16,0.9,189,0.9869821295740072,0.10410900529100527,0.8828731242830019,0.17632486730217733,0.019880689010418236,0.9169403456506275,0.8998501542512938,1.0,0.0,1.0,2.0
c1_l2,C1 · 2s,17,0.95,189,1.0364412537752563,0.10361275396825395,0.9328284998070023,0.12232942574179516,0.010067347180906377,0.9589515423017835,0.9499906040466426,1.0,0.0,1.0,2.0
c1_l3,C1 · 3s,0,0.1,189,0.29756993375828494,0.0894552275132275,0.20811470624505746,0.7937514447661304,0.4069301205337363,0.1351582251449741,0.10014984574870615,1.0,0.0,1.0,3.0
c1_l3,C1 · 3s,1,0.15,189,0.34637365078369864,0.09241430423280422,0.25395934655089447,0.7552562758484215,0.35359689703694097,0.18734257372598795,0.1498501542512938,1.0,0.0,1.0,3.0
c1_l3,C1 · 3s,2,0.2,189,0.3841158784296815,0.09186071428571428,0.2922551641439672,0.7035701351940001,0.2996468755303236,0.24442148161312888,0.19999060404664257,1.0,0.0,1.0,3.0
c1_l3,C1 · 3s,3,0.25,189,0.4230834443389656,0.09391942328042327,0.32916402105854237,0.6611391334799389,0.2570598686813677,0.2945912485084836,0.25,1.0,0.0,1.0,3.0
c1_l3,C1 · 3s,4,0.3,189,0.4720716616431118,0.09422130687830686,0.37785035476480494,0.6226752320964816,0.2257974652386216,0.3434791345760305,0.3000093959533574,1.0,0.0,1.0,3.0
c1_l3,C1 · 3s,5,0.35,189,0.5244116427198184,0.09748983333333332,0.4269218093864851,0.582507304048964,0.19624145226503803,0.3968891173443466,0.3501498457487061,1.0,0.0,1.0,3.0
c1_l3,C1 · 3s,6,0.4,189,0.5527314653911691,0.09589002645502645,0.45684143893614265,0.5455044028915899,0.1729960378515657,0.4481528942231779,0.3998501542512938,1.0,0.0,1.0,3.0
c1_l3,C1 · 3s,7,0.45,189,0.5813599945490593,0.09573792857142856,0.48562206597763075,0.5125519462944891,0.15205087548210502,0.49513734585393676,0.4499906040466426,1.0,0.0,1.0,3.0
c1_l3,C1 · 3s,8,0.5,189,0.6302245078429046,0.09935684656084655,0.5308676612820581,0.4805910695423052,0.13289579291823045,0.5426502918440198,0.5,1.0,0.0,1.0,3.0
c1_l3,C1 · 3s,9,0.55,189,0.6812169232848888,0.1005056693121693,0.5807112539727196,0.44254889328860575,0.11309427559060391,0.5921212226625473,0.5500093959533574,1.0,0.0,1.0,3.0
c1_l3,C1 · 3s,10,0.6,189,0.728340841521195,0.09950579100529099,0.6288350505159039,0.4103825872014991,0.09732724434484245,0.6384828554259406,0.6001498457487062,1.0,0.0,1.0,3.0
c1_l3,C1 · 3s,11,0.65,189,0.7850043600443901,0.10363723544973544,0.6813671245946546,0.37378378610604657,0.08272956035755295,0.6868447995690442,0.6498501542512938,1.0,0.0,1.0,3.0
c1_l3,C1 · 3s,12,0.7,189,0.8166233231293203,0.10218842328042328,0.714434899848897,0.34194054578987776,0.06998485263693265,0.7313919732810328,0.6999906040466426,1.0,0.0,1.0,3.0
c1_l3,C1 · 3s,13,0.75,189,0.841739211647831,0.10205529365079365,0.7396839179970373,0.30836018054898845,0.058939697250487276,0.7774550047501054,0.75,1.0,0.0,1.0,3.0
c1_l3,C1 · 3s,14,0.8,189,0.8939267173619141,0.0999681058201058,0.7939586115418082,0.2648964075608149,0.04301268429983225,0.8263260119806521,0.8000093959533574,1.0,0.0,1.0,3.0
c1_l3,C1 · 3s,15,0.85,189,0.9677292008782982,0.10578661375661375,0.8619425871216844,0.2303968060234433,0.0336839288630813,0.8698297202902496,0.8501498457487062,1.0,0.0,1.0,3.0
c1_l3,C1 · 3s,16,0.9,189,0.9848108574653558,0.09813616666666666,0.8866746907986892,0.18478808838938157,0.021750027540499525,0.914454250108628,0.8998501542512938,1.0,0.0,1.0,3.0
c1_l3,C1 · 3s,17,0.95,189,1.0279320028079342,0.09898176455026453,0.9289502382576695,0.12533874493757524,0.010424529118512623,0.9577827778442827,0.9499906040466426,1.0,0.0,1.0,3.0
c1_l4,C1 · 4s,0,0.1,189,0.304324954961309,0.08941426984126982,0.21491068512003916,0.8089354345722805,0.42581935975917434,0.13123649484896782,0.10014984574870615,1.0,0.0,1.0,4.0
c1_l4,C1 · 4s,1,0.15,189,0.34596284129272464,0.0900253439153439,0.25593749737738075,0.7597550983545641,0.3582576216844024,0.1861810357009292,0.1498501542512938,1.0,0.0,1.0,4.0
c1_l4,C1 · 4s,2,0.2,189,0.38682917203776007,0.09210977513227511,0.29471939690548493,0.7209364947463784,0.31194767560908404,0.23996285006167392,0.19999060404664257,1.0,0.0,1.0,4.0
c1_l4,C1 · 4s,3,0.25,189,0.4251720897823645,0.0929488095238095,0.3322232802585549,0.6582890732913579,0.25511449796182134,0.29562416562327626,0.25,1.0,0.0,1.0,4.0
c1_l4,C1 · 4s,4,0.3,189,0.4879696508143733,0.09544194444444443,0.39252770636992884,0.6291434744560214,0.2309269346888103,0.34264194649994056,0.3000093959533574,1.0,0.0,1.0,4.0
c1_l4,C1 · 4s,5,0.35,189,0.5349774256978395,0.0958629841269841,0.4391144415708553,0.585161630507736,0.19956240042176823,0.3960020346616311,0.3501498457487061,1.0,0.0,1.0,4.0
c1_l4,C1 · 4s,6,0.4,189,0.5541253704927671,0.09308486507936506,0.46104050541340197,0.5511396999850318,0.17644180097277198,0.4464481949175476,0.3998501542512938,1.0,0.0,1.0,4.0
c1_l4,C1 · 4s,7,0.45,189,0.6014753489422704,0.09577851587301585,0.5056968330692544,0.5213203227108039,0.1551642670202507,0.49323817031093375,0.4499906040466426,1.0,0.0,1.0,4.0
c1_l4,C1 · 4s,8,0.5,189,0.6349949072642526,0.0965192619047619,0.5384756453594906,0.48090436448535273,0.13361763449573008,0.541529273229932,0.5,1.0,0.0,1.0,4.0
c1_l4,C1 · 4s,9,0.55,189,0.686762288236549,0.100282955026455,0.5864793332100939,0.45027982307075665,0.11647924134340232,0.5891817618930151,0.5500093959533574,1.0,0.0,1.0,4.0
c1_l4,C1 · 4s,10,0.6,189,0.7420333411893731,0.0955258201058201,0.646507521083553,0.41668703227190584,0.09920523627094487,0.6363990105018413,0.6001498457487062,1.0,0.0,1.0,4.0
c1_l4,C1 · 4s,11,0.65,189,0.7841372329498021,0.0998240132275132,0.6843132197222889,0.3753261860243227,0.08328526644479656,0.6859452311324064,0.6498501542512938,1.0,0.0,1.0,4.0
c1_l4,C1 · 4s,12,0.7,189,0.8065072039242532,0.09809031216931216,0.708416891754941,0.3440654374801963,0.07001458999341123,0.7306929728972218,0.6999906040466426,1.0,0.0,1.0,4.0
c1_l4,C1 · 4s,13,0.75,189,0.8417854073181849,0.09913528835978835,0.7426501189583965,0.30478212655467724,0.05556166424322377,0.7783410445092216,0.75,1.0,0.0,1.0,4.0
c1_l4,C1 · 4s,14,0.8,189,0.8886660454912721,0.09905835449735448,0.7896076909939177,0.26731890976113615,0.04339500236763521,0.8250921611432676,0.8000093959533574,1.0,0.0,1.0,4.0
c1_l4,C1 · 4s,15,0.85,189,0.9583793968852705,0.10086313227513226,0.8575162646101382,0.23051546741444515,0.032904231989825165,0.8691511043795833,0.8501498457487062,1.0,0.0,1.0,4.0
c1_l4,C1 · 4s,16,0.9,189,1.0024901569175042,0.09958060846560846,0.9029095484518956,0.18715458754671824,0.02227337650521087,0.913251882192319,0.8998501542512938,1.0,0.0,1.0,4.0
c1_l4,C1 · 4s,17,0.95,189,1.0290937377961358,0.09599428042328041,0.9330994573728553,0.1263117250276818,0.010769959795411885,0.9575838046099143,0.9499906040466426,1.0,0.0,1.0,4.0
c2_l1,C2 · 1s,0,0.1,189,0.3044312406683687,0.09026553703703702,0.21416570363133164,0.7681177244201381,0.37701192167070174,0.1434593858226897,0.10014984574870615,1.0,0.0,2.0,1.0
c2_l1,C2 · 1s,1,0.15,189,0.3538255634274962,0.09205150793650792,0.26177405549098826,0.7177551369916982,0.3186454864406081,0.19849419924947947,0.1498501542512938,1.0,0.0,2.0,1.0
c2_l1,C2 · 1s,2,0.2,189,0.3995244444792876,0.09527856084656082,0.30424588363272675,0.673863516095533,0.2770414875928687,0.25347409322463643,0.19999060404664257,1.0,0.0,2.0,1.0
c2_l1,C2 · 1s,3,0.25,189,0.4401844761235143,0.09763449735449735,0.3425499787690169,0.6275480845893817,0.23478176795616348,0.3115176793444093,0.25,1.0,0.0,2.0,1.0
c2_l1,C2 · 1s,4,0.3,189,0.49473312968522337,0.10012677777777777,0.39460635190744564,0.5902333369468729,0.20643839981190107,0.3654853047201873,0.3000093959533574,1.0,0.0,2.0,1.0
c2_l1,C2 · 1s,5,0.35,189,0.5372820765912296,0.10104580158730159,0.43623627500392803,0.5528349730545882,0.18007479679016836,0.41828362667371355,0.3501498457487061,1.0,0.0,2.0,1.0
c2_l1,C2 · 1s,6,0.4,189,0.5693562723298703,0.10305204232804233,0.46630423000182797,0.5216619752781101,0.15918603902140618,0.46798480471605974,0.3998501542512938,1.0,0.0,2.0,1.0
c2_l1,C2 · 1s,7,0.45,189,0.6013000659317591,0.10518654497354496,0.49611352095821415,0.48543669155271596,0.1374879479408264,0.517026594706944,0.4499906040466426,1.0,0.0,2.0,1.0
c2_l1,C2 · 1s,8,0.5,189,0.6411342485171011,0.10586713756613755,0.5352671109509635,0.4484929516221638,0.11934754142054801,0.562643014564716,0.5,1.0,0.0,2.0,1.0
c2_l1,C2 · 1s,9,0.55,189,0.6887178149810053,0.10486191269841269,0.5838559022825925,0.415284701416062,0.10249318079973652,0.6113289799639787,0.5500093959533574,1.0,0.0,2.0,1.0
c2_l1,C2 · 1s,10,0.6,189,0.73870068532242,0.10456935978835978,0.6341313255340603,0.37754263043423336,0.08583017379518536,0.6591918733384874,0.6001498457487062,1.0,0.0,2.0,1.0
c2_l1,C2 · 1s,11,0.65,189,0.7889660001900748,0.10465249206349204,0.6843135081265826,0.34597268432536454,0.07292293146173787,0.7047282725414902,0.6498501542512938,1.0,0.0,2.0,1.0
c2_l1,C2 · 1s,12,0.7,189,0.8118200452306227,0.10622798412698412,0.7055920611036385,0.3121949716165622,0.05987198453731633,0.7496978183272024,0.6999906040466426,1.0,0.0,2.0,1.0
c2_l1,C2 · 1s,13,0.75,189,0.8407519942843775,0.1067825238095238,0.7339694704748536,0.27693108787819265,0.04814795211509417,0.7936768276350838,0.75,1.0,0.0,2.0,1.0
c2_l1,C2 · 1s,14,0.8,189,0.8925806432550561,0.10572673809523808,0.7868539051598181,0.24544435686791538,0.03798907175265918,0.8368393220598735,0.8000093959533574,1.0,0.0,2.0,1.0
c2_l1,C2 · 1s,15,0.85,189,0.9655653094741922,0.10936876190476189,0.8561965475694303,0.20782375881921436,0.027818794603700944,0.8795082433513863,0.8501498457487062,1.0,0.0,2.0,1.0
c2_l1,C2 · 1s,16,0.9,189,1.0088490105779224,0.10942369312169312,0.8994253174562293,0.16738829482223577,0.018308159220155537,0.9205580237050536,0.8998501542512938,1.0,0.0,2.0,1.0
c2_l1,C2 · 1s,17,0.95,189,1.028416150843513,0.10521010317460315,0.9232060476689099,0.11870852620316241,0.009623822396394388,0.9602253512730674,0.9499906040466426,1.0,0.0,2.0,1.0
c2_l2,C2 · 2s,0,0.1,189,0.30982553430507764,0.08974241269841268,0.220083121606665,0.7812132362236894,0.3935039172727595,0.13961070145248733,0.10014984574870615,1.0,0.0,2.0,2.0
c2_l2,C2 · 2s,1,0.15,189,0.3456332698616846,0.09392737037037037,0.25170589949131417,0.7330229148051883,0.3316521426988026,0.19449624379791275,0.1498501542512938,1.0,0.0,2.0,2.0
c2_l2,C2 · 2s,2,0.2,189,0.38584888110216237,0.09202292328042327,0.2938259578217391,0.6932327311052374,0.29040965579804917,0.24814870937791447,0.19999060404664257,1.0,0.0,2.0,2.0
c2_l2,C2 · 2s,3,0.25,189,0.43387353167355786,0.09676039947089946,0.33711313220265837,0.6398185056550477,0.24266818244621233,0.30403709995052797,0.25,1.0,0.0,2.0,2.0
c2_l2,C2 · 2s,4,0.3,189,0.48333856098143413,0.09672870899470899,0.38660985198672515,0.6002462257448801,0.21250189391393506,0.3561037469793249,0.3000093959533574,1.0,0.0,2.0,2.0
c2_l2,C2 · 2s,5,0.35,189,0.5386990184419213,0.10035375925925925,0.4383452591826619,0.5607858266504038,0.18420634130952215,0.4099102512238518,0.3501498457487061,1.0,0.0,2.0,2.0
c2_l2,C2 · 2s,6,0.4,189,0.5549191851064303,0.09875276455026452,0.45616642055616585,0.5309271173226455,0.16402799080288596,0.458838275343022,0.3998501542512938,1.0,0.0,2.0,2.0
c2_l2,C2 · 2s,7,0.45,189,0.6055368862233569,0.10109909788359787,0.504437788339759,0.49135302746343235,0.14132315803457185,0.5085158072136067,0.4499906040466426,1.0,0.0,2.0,2.0
c2_l2,C2 · 2s,8,0.5,189,0.6390539812673283,0.10210843915343913,0.5369455421138891,0.46364148295233176,0.12577630571587373,0.5508940834847708,0.5,1.0,0.0,2.0,2.0
c2_l2,C2 · 2s,9,0.55,189,0.7003846560307851,0.10422094444444444,0.5961637115863407,0.42843603032823435,0.10809204345026971,0.6012510988447402,0.5500093959533574,1.0,0.0,2.0,2.0
c2_l2,C2 · 2s,10,0.6,189,0.7395756825964543,0.10847526984126983,0.6311004127551844,0.3940272182965326,0.09181301965915332,0.6485298074111736,0.6001498457487062,1.0,0.0,2.0,2.0
c2_l2,C2 · 2s,11,0.65,189,0.7865339023299811,0.10960288095238094,0.6769310213776001,0.3572811224650611,0.07677865879876268,0.6971079297166652,0.6498501542512938,1.0,0.0,2.0,2.0
c2_l2,C2 · 2s,12,0.7,189,0.8207921007694343,0.10443576984126983,0.7163563309281645,0.3275603726826529,0.06422738518033705,0.741023753055189,0.6999906040466426,1.0,0.0,2.0,2.0
c2_l2,C2 · 2s,13,0.75,189,0.8540865819860087,0.10625474338624337,0.7478318385997654,0.2906009594160846,0.05210426244786172,0.7872171408284909,0.75,1.0,0.0,2.0,2.0
c2_l2,C2 · 2s,14,0.8,189,0.8952815032537015,0.10248233862433861,0.792799164629363,0.2541629806919782,0.04034384123231994,0.8322684796398909,0.8000093959533574,1.0,0.0,2.0,2.0
c2_l2,C2 · 2s,15,0.85,189,0.9809609896329319,0.10820817989417988,0.872752809738752,0.21589731080851776,0.02982364413599484,0.8762286769019233,0.8501498457487062,1.0,0.0,2.0,2.0
c2_l2,C2 · 2s,16,0.9,189,0.998228939616534,0.10546649206349205,0.892762447553042,0.17404198442418223,0.01983410025399824,0.9184266748251738,0.8998501542512938,1.0,0.0,2.0,2.0
c2_l2,C2 · 2s,17,0.95,189,1.0409251825372337,0.10298949999999998,0.9379356825372337,0.12102884773125563,0.00995937131700057,0.9594367897069013,0.9499906040466426,1.0,0.0,2.0,2.0
c2_l3,C2 · 3s,0,0.1,189,0.29622624330141806,0.08839749470899469,0.20782874859242334,0.7814302526355262,0.3946835991566774,0.1386582929857824,0.10014984574870615,1.0,0.0,2.0,3.0
c2_l3,C2 · 3s,1,0.15,189,0.3455880185290673,0.09121917724867723,0.25436884128039,0.7438272245366264,0.3417609728202618,0.19047620474661464,0.1498501542512938,1.0,0.0,2.0,3.0
c2_l3,C2 · 3s,2,0.2,189,0.387108225004819,0.09175351587301586,0.2953547091318031,0.6944409425237349,0.2915317479264799,0.24712939245044865,0.19999060404664257,1.0,0.0,2.0,3.0
c2_l3,C2 · 3s,3,0.25,189,0.4231098041293381,0.09797968253968253,0.3251301215896556,0.6527772353242629,0.2521009568184141,0.2995992157825086,0.25,1.0,0.0,2.0,3.0
c2_l3,C2 · 3s,4,0.3,189,0.4744015821039891,0.10044217460317459,0.37395940750081447,0.6108757736723102,0.21924705196309968,0.35183044810774466,0.3000093959533574,1.0,0.0,2.0,3.0
c2_l3,C2 · 3s,5,0.35,189,0.5185103147192569,0.09730525925925924,0.4212050554599976,0.5752148615817229,0.19275585715732874,0.40302079679473995,0.3501498457487061,1.0,0.0,2.0,3.0
c2_l3,C2 · 3s,6,0.4,189,0.5582487725953359,0.09848990740740739,0.45975886518792847,0.537377517670393,0.16698927191830182,0.45424065403837377,0.3998501542512938,1.0,0.0,2.0,3.0
c2_l3,C2 · 3s,7,0.45,189,0.5931750844924905,0.09851211375661374,0.4946629707358766,0.49977604195317893,0.14533132945418986,0.5015734161334063,0.4499906040466426,1.0,0.0,2.0,3.0
c2_l3,C2 · 3s,8,0.5,189,0.6322976402267675,0.10008031216931217,0.5322173280574553,0.47237460915413165,0.1307408629901825,0.544855016564566,0.5,1.0,0.0,2.0,3.0
c2_l3,C2 · 3s,9,0.55,189,0.676891624296551,0.10049035449735448,0.5764012697991965,0.4358213765980311,0.11170604083903879,0.594794304282577,0.5500093959533574,1.0,0.0,2.0,3.0
c2_l3,C2 · 3s,10,0.6,189,0.734342754165934,0.10072619576719576,0.6336165583987381,0.4028775519272559,0.09564861103340427,0.6425524924797986,0.6001498457487062,1.0,0.0,2.0,3.0
c2_l3,C2 · 3s,11,0.65,189,0.778696516000982,0.1011093439153439,0.677587172085638,0.36244342955095427,0.07949987668839709,0.692185761751952,0.6498501542512938,1.0,0.0,2.0,3.0
c2_l3,C2 · 3s,12,0.7,189,0.8234972807603433,0.1043766111111111,0.7191206696492323,0.33024458971771375,0.06612679756507667,0.7372029653932682,0.6999906040466426,1.0,0.0,2.0,3.0
c2_l3,C2 · 3s,13,0.75,189,0.8339723835492238,0.10092994444444443,0.7330424391047793,0.2941313648138136,0.0537759491375514,0.7826992730615,0.75,1.0,0.0,2.0,3.0
c2_l3,C2 · 3s,14,0.8,189,0.8979686379064816,0.10409732539682538,0.7938713125096563,0.25671571878982435,0.04162734116195997,0.8290925539990581,0.8000093959533574,1.0,0.0,2.0,3.0
c2_l3,C2 · 3s,15,0.85,189,0.972161262014677,0.10633042592592591,0.8658308360887511,0.2235555833762403,0.03248178107397892,0.8722211945624578,0.8501498457487062,1.0,0.0,2.0,3.0
c2_l3,C2 · 3s,16,0.9,189,0.9970472329684654,0.10109925925925925,0.8959479737092061,0.1798442211876766,0.021216195727151492,0.915949216280034,0.8998501542512938,1.0,0.0,2.0,3.0
c2_l3,C2 · 3s,17,0.95,189,1.0313971270494944,0.10253258465608464,0.9288645423934097,0.12217045889270522,0.01011890362179464,0.9590578640579547,0.9499906040466426,1.0,0.0,2.0,3.0
c2_l4,C2 · 4s,0,0.1,189,0.300675798914816,0.0857876746031746,0.2148881243116414,0.7962758397515962,0.41347895507459287,0.13491245284282338,0.10014984574870615,1.0,0.0,2.0,4.0
c2_l4,C2 · 4s,1,0.15,189,0.34382470367799517,0.08950028306878306,0.25432442060921207,0.7481445376539514,0.34572776190187565,0.18920936991298007,0.1498501542512938,1.0,0.0,2.0,4.0
c2_l4,C2 · 4s,2,0.2,189,0.39013667986332323,0.09065179894179894,0.2994848809215243,0.7101224773716202,0.3021759390830993,0.24275600705197245,0.19999060404664257,1.0,0.0,2.0,4.0
c2_l4,C2 · 4s,3,0.25,189,0.4251599470097864,0.09361475925925926,0.3315451877505271,0.6518104393133726,0.25152347106782214,0.2998465879884346,0.25,1.0,0.0,2.0,4.0
c2_l4,C2 · 4s,4,0.3,189,0.4795116299084907,0.0944335238095238,0.38507810609896687,0.6165026150269326,0.22271591141110372,0.3503506536836977,0.3000093959533574,1.0,0.0,2.0,4.0
c2_l4,C2 · 4s,5,0.35,189,0.528129428450404,0.09420285449735448,0.4339265739530495,0.5782971116246054,0.19512434642781654,0.4020237009676676,0.3501498457487061,1.0,0.0,2.0,4.0
c2_l4,C2 · 4s,6,0.4,189,0.5800532405243405,0.09490614021164019,0.48514710031270036,0.5434513280276584,0.17079004913410809,0.4517828331737922,0.3998501542512938,1.0,0.0,2.0,4.0
c2_l4,C2 · 4s,7,0.45,189,0.6017940264331468,0.09675284920634919,0.5050411772267975,0.5104657032541813,0.1487870620041297,0.4994939083144778,0.4499906040466426,1.0,0.0,2.0,4.0
c2_l4,C2 · 4s,8,0.5,189,0.6381379892478715,0.09752050529100528,0.5406174839568662,0.4794967040991184,0.13276376200731466,0.5426605760105072,0.5,1.0,0.0,2.0,4.0
c2_l4,C2 · 4s,9,0.55,189,0.6935051878863803,0.10313669576719575,0.5903684921191845,0.4466000469302926,0.1145726782935006,0.5921989767639725,0.5500093959533574,1.0,0.0,2.0,4.0
c2_l4,C2 · 4s,10,0.6,189,0.7359277538300173,0.09783777248677247,0.6380899813432448,0.40926656668522843,0.09630236297688152,0.6407084953848017,0.6001498457487062,1.0,0.0,2.0,4.0
c2_l4,C2 · 4s,11,0.65,189,0.7877760000877752,0.09895369047619047,0.6888223096115847,0.36990433815058577,0.08070636520940785,0.6898570590549045,0.6498501542512938,1.0,0.0,2.0,4.0
c2_l4,C2 · 4s,12,0.7,189,0.8262402147458296,0.10293459788359786,0.7233056168622318,0.3374532066980406,0.06703440537528381,0.7352273461049196,0.6999906040466426,1.0,0.0,2.0,4.0
c2_l4,C2 · 4s,13,0.75,189,0.8406920767629613,0.10032874867724866,0.7403633280857126,0.3002848780920936,0.05448220236591556,0.7811223038289913,0.75,1.0,0.0,2.0,4.0
c2_l4,C2 · 4s,14,0.8,189,0.8989202331016198,0.10123212962962962,0.7976881034719903,0.2637008366386884,0.04260753544550089,0.82704347592813,0.8000093959533574,1.0,0.0,2.0,4.0
c2_l4,C2 · 4s,15,0.85,189,0.9693065210199164,0.10239823809523808,0.8669082829246783,0.2283649051527458,0.03245647117574374,0.8698749267865741,0.8501498457487062,1.0,0.0,2.0,4.0
c2_l4,C2 · 4s,16,0.9,189,1.003429942408059,0.10272877248677248,0.9007011699212865,0.18629658359802626,0.0221803469001931,0.9136684221565408,0.8998501542512938,1.0,0.0,2.0,4.0
c2_l4,C2 · 4s,17,0.95,189,1.0327539498601042,0.09802283333333331,0.9347311165267708,0.12539241111359342,0.010654653821672662,0.9579942935989016,0.9499906040466426,1.0,0.0,2.0,4.0
c4_l1,C4 · 1s,0,0.1,189,0.3066398067206327,0.09010899735449734,0.21653080936613534,0.7653822035444949,0.37480547756114335,0.14445518836300206,0.10014984574870615,1.0,0.0,4.0,1.0
c4_l1,C4 · 1s,1,0.15,189,0.3554581851702169,0.09224874074074073,0.2632094444294761,0.7148264372258117,0.31524726669624364,0.1991079077518806,0.1498501542512938,1.0,0.0,4.0,1.0
c4_l1,C4 · 1s,2,0.2,189,0.407728849343895,0.09889967724867724,0.3088291720952177,0.6695489814534547,0.27409561222823203,0.25496019367818473,0.19999060404664257,1.0,0.0,4.0,1.0
c4_l1,C4 · 1s,3,0.25,189,0.4447292168694003,0.09986194444444443,0.34486727242495585,0.6145141556977279,0.22827428011667156,0.31626926086567064,0.25,1.0,0.0,4.0,1.0
c4_l1,C4 · 1s,4,0.3,189,0.4874554605076827,0.10097341798941797,0.38648204251826473,0.5824786834517326,0.2032691637674967,0.3682224422535568,0.3000093959533574,1.0,0.0,4.0,1.0
c4_l1,C4 · 1s,5,0.35,189,0.5300338942071215,0.10330505555555554,0.42672883865156597,0.5407865240420929,0.17460329665078053,0.42136759906218796,0.3501498457487061,1.0,0.0,4.0,1.0
c4_l1,C4 · 1s,6,0.4,189,0.5781980871667045,0.10413876190476189,0.47405932526194255,0.5110486038423404,0.15414776026256496,0.4705249384912864,0.3998501542512938,1.0,0.0,4.0,1.0
c4_l1,C4 · 1s,7,0.45,189,0.6021109946005848,0.10597165343915342,0.4961393411614314,0.4761901791330683,0.13408876443035384,0.5203890563949706,0.4499906040466426,1.0,0.0,4.0,1.0
c4_l1,C4 · 1s,8,0.5,189,0.6445477803610415,0.11105492592592592,0.5334928544351155,0.44522655846935416,0.11892244077864143,0.5658864252781742,0.5,1.0,0.0,4.0,1.0
c4_l1,C4 · 1s,9,0.55,189,0.6981776295931166,0.11276380952380952,0.5854138200693071,0.41166410966722106,0.10234186762855163,0.6149345671058332,0.5500093959533574,1.0,0.0,4.0,1.0
c4_l1,C4 · 1s,10,0.6,189,0.745174211627307,0.110274291005291,0.6348999206220161,0.37127891058230367,0.08456323481110666,0.6634538299822933,0.6001498457487062,1.0,0.0,4.0,1.0
c4_l1,C4 · 1s,11,0.65,189,0.7850286561793556,0.11122039153439152,0.673808264644964,0.3396157652100243,0.07101787019658967,0.7083799725487119,0.6498501542512938,1.0,0.0,4.0,1.0
c4_l1,C4 · 1s,12,0.7,189,0.8415794128582524,0.11575797354497354,0.7258214393132789,0.3048190267524982,0.05778040362413593,0.7532369027692805,0.6999906040466426,1.0,0.0,4.0,1.0
c4_l1,C4 · 1s,13,0.75,189,0.8506011534072074,0.10993370370370369,0.7406674497035038,0.2734702424116669,0.04754163348485548,0.7953424633495392,0.75,1.0,0.0,4.0,1.0
c4_l1,C4 · 1s,14,0.8,189,0.9179442437701733,0.1160916798941799,0.8018525638759934,0.23706607403795393,0.0360967185762193,0.8403486335088336,0.8000093959533574,1.0,0.0,4.0,1.0
c4_l1,C4 · 1s,15,0.85,189,0.9723970765747639,0.11826671164021162,0.8541303649345523,0.20210347539700918,0.026618164683145144,0.8817813282921201,0.8501498457487062,1.0,0.0,4.0,1.0
c4_l1,C4 · 1s,16,0.9,189,1.0222975455328995,0.11711605820105819,0.9051814873318412,0.16285907657368587,0.01760300126656018,0.922799356715389,0.8998501542512938,1.0,0.0,4.0,1.0
c4_l1,C4 · 1s,17,0.95,189,1.054584425833024,0.11577893915343915,0.9388054866795849,0.11164733468094176,0.0084779681982817,0.9623186600902093,0.9499906040466426,1.0,0.0,4.0,1.0
c4_l2,C4 · 2s,0,0.1,189,0.30765614539604275,0.09125566137566136,0.21640048402038134,0.7787881016475026,0.3899172396256179,0.14041996163823614,0.10014984574870615,1.0,0.0,4.0,2.0
c4_l2,C4 · 2s,1,0.15,189,0.34217002119535334,0.09259205820105817,0.2495779629942951,0.7252697970757567,0.3245031565585464,0.19584204997650526,0.1498501542512938,1.0,0.0,4.0,2.0
c4_l2,C4 · 2s,2,0.2,189,0.38938611117512495,0.09317646825396825,0.29620964292115665,0.686847458411225,0.2869569463704629,0.2494207214583795,0.19999060404664257,1.0,0.0,4.0,2.0
c4_l2,C4 · 2s,3,0.25,189,0.42994797614000807,0.09580987037037036,0.3341381057696377,0.6368247223475938,0.24146609962301907,0.3047598299210664,0.25,1.0,0.0,4.0,2.0
c4_l2,C4 · 2s,4,0.3,189,0.47591391297470576,0.09679268783068783,0.3791212251440179,0.597925355579093,0.21282234551414608,0.3567945944569098,0.3000093959533574,1.0,0.0,4.0,2.0
c4_l2,C4 · 2s,5,0.35,189,0.5216000793037486,0.10019174338624336,0.4214083359175053,0.5573532665099101,0.18318732390328055,0.4106802519351717,0.3501498457487061,1.0,0.0,4.0,2.0
c4_l2,C4 · 2s,6,0.4,189,0.5701379232057532,0.10279339417989418,0.467344529025859,0.526370563637958,0.16227556883342678,0.4603410642298441,0.3998501542512938,1.0,0.0,4.0,2.0
c4_l2,C4 · 2s,7,0.45,189,0.6048433067277642,0.10227149206349205,0.5025718146642721,0.48542275094481374,0.13898919719867603,0.5102008637927827,0.4499906040466426,1.0,0.0,4.0,2.0
c4_l2,C4 · 2s,8,0.5,189,0.6352827750217092,0.10274976719576719,0.5325330078259419,0.45774570664282516,0.12351448163784366,0.5542248995215805,0.5,1.0,0.0,4.0,2.0
c4_l2,C4 · 2s,9,0.55,189,0.6931205398543846,0.10826807142857141,0.5848524684258131,0.4234067131937654,0.10694726938923826,0.6042296375547137,0.5500093959533574,1.0,0.0,4.0,2.0
c4_l2,C4 · 2s,10,0.6,189,0.7415314683242821,0.10579197354497354,0.6357394947793086,0.38899823802981587,0.09060628294314023,0.6518809234023725,0.6001498457487062,1.0,0.0,4.0,2.0
c4_l2,C4 · 2s,11,0.65,189,0.782422907307201,0.10831655026455025,0.6741063570426507,0.35120440602657343,0.0747152175852861,0.7008510465344424,0.6498501542512938,1.0,0.0,4.0,2.0
c4_l2,C4 · 2s,12,0.7,189,0.8313911459465099,0.10929475396825396,0.722096391978256,0.3187989942093808,0.06140367600022166,0.7454682610653065,0.6999906040466426,1.0,0.0,4.0,2.0
c4_l2,C4 · 2s,13,0.75,189,0.848517560980507,0.10798615343915342,0.7405314075413536,0.2845593193945075,0.050088828518277076,0.7902793385995128,0.75,1.0,0.0,4.0,2.0
c4_l2,C4 · 2s,14,0.8,189,0.8996374608264556,0.10920896560846559,0.79042849521799,0.24786568603049663,0.03834721304121467,0.8354562707048244,0.8000093959533574,1.0,0.0,4.0,2.0
c4_l2,C4 · 2s,15,0.85,189,0.9770499844697708,0.1137643968253968,0.8632855876443739,0.21017445212170952,0.02812862459313928,0.8791137832813162,0.8501498457487062,1.0,0.0,4.0,2.0
c4_l2,C4 · 2s,16,0.9,189,1.0058377626001314,0.11025711904761903,0.8955806435525124,0.16899867023085116,0.01872644727192223,0.9204577983371796,0.8998501542512938,1.0,0.0,4.0,2.0
c4_l2,C4 · 2s,17,0.95,189,1.050224613873492,0.10958376719576719,0.940640846677725,0.11532792885462557,0.00887777092595575,0.9611079342781551,0.9499906040466426,1.0,0.0,4.0,2.0
c4_l3,C4 · 3s,0,0.1,189,0.3045535951968986,0.0907047037037037,0.2138488914931949,0.7832381673965347,0.3979242765714252,0.1387454495622367,0.10014984574870615,1.0,0.0,4.0,3.0
c4_l3,C4 · 3s,1,0.15,189,0.34418630683808726,0.08941268783068783,0.2547736190073994,0.7389677480828983,0.33658966027870374,0.1913449522994813,0.1498501542512938,1.0,0.0,4.0,3.0
c4_l3,C4 · 3s,2,0.2,189,0.38989000008653457,0.09409588888888888,0.2957941111976457,0.6905972442082154,0.28899892770424085,0.24779303017116724,0.19999060404664257,1.0,0.0,4.0,3.0
c4_l3,C4 · 3s,3,0.25,189,0.4332285713490169,0.09511707936507935,0.3381114919839375,0.6466726158701238,0.24785276600923484,0.3014108962798244,0.25,1.0,0.0,4.0,3.0
c4_l3,C4 · 3s,4,0.3,189,0.4631185452894628,0.09720112962962961,0.3659174156598332,0.6097662036834413,0.21864357732591172,0.3527390745581773,0.3000093959533574,1.0,0.0,4.0,3.0
c4_l3,C4 · 3s,5,0.35,189,0.5237487168652422,0.09985533862433862,0.42389337824090356,0.5731953621580803,0.1913631675104615,0.40410791282300595,0.3501498457487061,1.0,0.0,4.0,3.0
c4_l3,C4 · 3s,6,0.4,189,0.5622185159050678,0.09909005820105819,0.46312845770400946,0.53591151943519,0.16595033552280805,0.4546150461075798,0.3998501542512938,1.0,0.0,4.0,3.0
c4_l3,C4 · 3s,7,0.45,189,0.5923473623458992,0.09808633333333332,0.49426102901256586,0.4977114139489396,0.14481371010422073,0.5026656911171302,0.4499906040466426,1.0,0.0,4.0,3.0
c4_l3,C4 · 3s,8,0.5,189,0.6390752856681571,0.10269098148148147,0.5363843041866756,0.4661336025252702,0.12828405729677309,0.54846995122849,0.5,1.0,0.0,4.0,3.0
c4_l3,C4 · 3s,9,0.55,189,0.6916525871993687,0.10162215608465608,0.5900304311147128,0.4315050485686808,0.11070151682253233,0.5988281545815645,0.5500093959533574,1.0,0.0,4.0,3.0
c4_l3,C4 · 3s,10,0.6,189,0.7369369838392028,0.10183361375661375,0.6351033700825891,0.3987767296897435,0.09394111141325932,0.6461121190792669,0.6001498457487062,1.0,0.0,4.0,3.0
c4_l3,C4 · 3s,11,0.65,189,0.794153394164597,0.10490737037037036,0.6892460237942265,0.36006367115905047,0.0784419320878528,0.6941128461449234,0.6498501542512938,1.0,0.0,4.0,3.0
c4_l3,C4 · 3s,12,0.7,189,0.8265286671464513,0.10727344179894177,0.7192552253475094,0.3261452713838369,0.06443572138983102,0.7397937159689646,0.6999906040466426,1.0,0.0,4.0,3.0
c4_l3,C4 · 3s,13,0.75,189,0.8469839918986941,0.1038949841269841,0.7430890077717099,0.2899781250316038,0.052373926790933716,0.7847541375134988,0.75,1.0,0.0,4.0,3.0
c4_l3,C4 · 3s,14,0.8,189,0.9014349770251225,0.1056449259259259,0.7957900510991965,0.2524258075577635,0.04053627120123964,0.8313068192471903,0.8000093959533574,1.0,0.0,4.0,3.0
c4_l3,C4 · 3s,15,0.85,189,0.9684829732855073,0.10890868518518518,0.8595742881003221,0.2189784855631096,0.03087696259614647,0.8738333958166616,0.8501498457487062,1.0,0.0,4.0,3.0
c4_l3,C4 · 3s,16,0.9,189,1.0376508468217758,0.10642654232804231,0.9312243044937335,0.17684322338743458,0.020714386430366914,0.9173100710545898,0.8998501542512938,1.0,0.0,4.0,3.0
c4_l3,C4 · 3s,17,0.95,189,1.0475708889465278,0.10355144973544972,0.9440194392110781,0.1198135268943453,0.009708655258965825,0.9599019418317805,0.9499906040466426,1.0,0.0,4.0,3.0
c4_l4,C4 · 4s,0,0.1,189,0.3062788967670189,0.08658729629629629,0.21969160047072264,0.7955070230124331,0.41251103335587436,0.1356955011764531,0.10014984574870615,1.0,0.0,4.0,4.0
c4_l4,C4 · 4s,1,0.15,189,0.34596782528631365,0.090113664021164,0.2558541612651496,0.7430573872256058,0.3422153178976957,0.19056129912850714,0.1498501542512938,1.0,0.0,4.0,4.0
c4_l4,C4 · 4s,2,0.2,189,0.3885692011464809,0.09066982539682539,0.29789937574965547,0.7053612811717564,0.29883295329159526,0.24365303440699498,0.19999060404664257,1.0,0.0,4.0,4.0
c4_l4,C4 · 4s,3,0.25,189,0.4333961480375115,0.0939376455026455,0.339458502534866,0.6529824577823833,0.2531176458590875,0.30010857058580587,0.25,1.0,0.0,4.0,4.0
c4_l4,C4 · 4s,4,0.3,189,0.4796777699708295,0.09508169312169311,0.3845960768491363,0.6175986030804259,0.22357858583409945,0.3510030172173939,0.3000093959533574,1.0,0.0,4.0,4.0
c4_l4,C4 · 4s,5,0.35,189,0.5232013252967107,0.09496601058201058,0.4282353147147001,0.5790311061634273,0.19560479171692374,0.40236442177383985,0.3501498457487061,1.0,0.0,4.0,4.0
c4_l4,C4 · 4s,6,0.4,189,0.5651133440035029,0.09630068253968253,0.4688126614638204,0.5412288408864427,0.16864488869117047,0.4521740294953503,0.3998501542512938,1.0,0.0,4.0,4.0
c4_l4,C4 · 4s,7,0.45,189,0.6052124655372753,0.09828445767195765,0.5069280078653176,0.5080325775360935,0.14746861829959523,0.5002085274804837,0.4499906040466426,1.0,0.0,4.0,4.0
c4_l4,C4 · 4s,8,0.5,189,0.6461480554284601,0.09946435449735448,0.5466837009311056,0.47836861419417553,0.1317961386271885,0.5446849667206013,0.5,1.0,0.0,4.0,4.0
c4_l4,C4 · 4s,9,0.55,189,0.6965640290682602,0.10159220634920633,0.5949718227190539,0.44076454435430823,0.11250195963672856,0.5955032034525796,0.5500093959533574,1.0,0.0,4.0,4.0
c4_l4,C4 · 4s,10,0.6,189,0.7286328254687578,0.0996522275132275,0.6289805979555303,0.4061288912903774,0.0954731564042429,0.6429539423771006,0.6001498457487062,1.0,0.0,4.0,4.0
c4_l4,C4 · 4s,11,0.65,189,0.787361135131208,0.10181852645502644,0.6855426086761817,0.36538188187060533,0.07925527026413606,0.6908466648803187,0.6498501542512938,1.0,0.0,4.0,4.0
c4_l4,C4 · 4s,12,0.7,189,0.8260694051268005,0.10309715873015873,0.7229722463966419,0.334212431716166,0.06608932548099089,0.7362755158590892,0.6999906040466426,1.0,0.0,4.0,4.0
c4_l4,C4 · 4s,13,0.75,189,0.8497088781947549,0.10015685449735448,0.7495520236974005,0.29875575029907164,0.05453138155911961,0.7813466645422436,0.75,1.0,0.0,4.0,4.0
c4_l4,C4 · 4s,14,0.8,189,0.8971826887429301,0.10375046031746031,0.7934322284254697,0.2614163404143361,0.042386169471437925,0.8277701820646014,0.8000093959533574,1.0,0.0,4.0,4.0
c4_l4,C4 · 4s,15,0.85,189,0.9606598779911052,0.1058146296296296,0.8548452483614756,0.22603665195927808,0.03228789536410535,0.8705984467551822,0.8501498457487062,1.0,0.0,4.0,4.0
c4_l4,C4 · 4s,16,0.9,189,1.0227023815300071,0.10721430158730157,0.9154880799427054,0.18440481991921032,0.022204307336655828,0.9138327020185965,0.8998501542512938,1.0,0.0,4.0,4.0
c4_l4,C4 · 4s,17,0.95,189,1.0362746903373499,0.10266912433862434,0.9336055659987255,0.12595072914673772,0.010939832402284766,0.9578085204280874,0.9499906040466426,1.0,0.0,4.0,4.0
c8_l1,C8 · 1s,0,0.1,189,0.3088713703443405,0.09299199999999998,0.21587937034434043,0.7643424807382482,0.3724456060500372,0.14507742297081716,0.10014984574870615,1.0,0.0,8.0,1.0
c8_l1,C8 · 1s,1,0.15,189,0.36170680936331817,0.0957566455026455,0.26595016386067266,0.7136228948772426,0.31451919627568076,0.20059453258438711,0.1498501542512938,1.0,0.0,8.0,1.0
c8_l1,C8 · 1s,2,0.2,189,0.4115326269175823,0.09981782804232803,0.3117147988752543,0.6647647072181657,0.2681578438748758,0.257235675971344,0.19999060404664257,1.0,0.0,8.0,1.0
c8_l1,C8 · 1s,3,0.25,189,0.44409465859608327,0.09976934656084656,0.34432531203523664,0.6153822331516831,0.22913788582282088,0.3171695652146818,0.25,1.0,0.0,8.0,1.0
c8_l1,C8 · 1s,4,0.3,189,0.5017136191675805,0.11112049999999998,0.39059311916758044,0.5728205541671111,0.19682600195445707,0.37170189287927413,0.3000093959533574,1.0,0.0,8.0,1.0
c8_l1,C8 · 1s,5,0.35,189,0.5372947140488934,0.1101887566137566,0.42710595743513674,0.5386138554642755,0.17389056796119323,0.42319348533317525,0.3501498457487061,1.0,0.0,8.0,1.0
c8_l1,C8 · 1s,6,0.4,189,0.5727405024555183,0.10964711111111111,0.46309339134440725,0.5065560517881913,0.15261646269490475,0.47294589482917987,0.3998501542512938,1.0,0.0,8.0,1.0
c8_l1,C8 · 1s,7,0.45,189,0.6134791903582733,0.11345129894179892,0.5000278914164743,0.474022934597636,0.13370367301204214,0.5218175104055455,0.4499906040466426,1.0,0.0,8.0,1.0
c8_l1,C8 · 1s,8,0.5,189,0.637566055334304,0.11155923280423279,0.5260068225300712,0.4409397885636993,0.11650057034517719,0.5684067985368153,0.5,1.0,0.0,8.0,1.0
c8_l1,C8 · 1s,9,0.55,189,0.7091435187218086,0.11981906349206348,0.589324455229745,0.4105492445477654,0.10063460642698577,0.61543215046484,0.5500093959533574,1.0,0.0,8.0,1.0
c8_l1,C8 · 1s,10,0.6,189,0.7582421900545107,0.12379710582010581,0.6344450842344048,0.3770038552690672,0.08619819652466543,0.6622112636212949,0.6001498457487062,1.0,0.0,8.0,1.0
c8_l1,C8 · 1s,11,0.65,189,0.7959610454767021,0.12440857142857141,0.6715524740481308,0.34389166507337776,0.07195456002755135,0.7074078305688485,0.6498501542512938,1.0,0.0,8.0,1.0
c8_l1,C8 · 1s,12,0.7,189,0.8502439869121587,0.1302894259259259,0.7199545609862329,0.30523271522874,0.05771686002690951,0.7542649655745773,0.6999906040466426,1.0,0.0,8.0,1.0
c8_l1,C8 · 1s,13,0.75,189,0.8530705740342177,0.11239467989417987,0.7406758941400379,0.27386532862616514,0.0474721578063157,0.7968574901106497,0.75,1.0,0.0,8.0,1.0
c8_l1,C8 · 1s,14,0.8,189,0.9265742971351238,0.12999323809523808,0.7965810590398857,0.23536442754366407,0.03551074342122149,0.8421490356404945,0.8000093959533574,1.0,0.0,8.0,1.0
c8_l1,C8 · 1s,15,0.85,189,0.9849642197279207,0.13813750793650792,0.8468267117914128,0.20041715576579525,0.026179009644442718,0.883669789506014,0.8501498457487062,1.0,0.0,8.0,1.0
c8_l1,C8 · 1s,16,0.9,189,1.0403029687645915,0.13711367989417989,0.9031892888704116,0.16084859397129286,0.017227443122359135,0.9240404931956498,0.8998501542512938,1.0,0.0,8.0,1.0
c8_l1,C8 · 1s,17,0.95,189,1.0733324366667192,0.1357802037037037,0.9375522329630154,0.10842902977364478,0.008027154301840117,0.9634215396548075,0.9499906040466426,1.0,0.0,8.0,1.0
c8_l2,C8 · 2s,0,0.1,189,0.30843784648751044,0.09255917724867724,0.21587866923883317,0.7781093393664353,0.39034580900555566,0.14049779686820565,0.10014984574870615,1.0,0.0,8.0,2.0
c8_l2,C8 · 2s,1,0.15,189,0.34829534918629895,0.0953949312169312,0.2529004179693678,0.7256060620405214,0.32618055993287015,0.19679163080989995,0.1498501542512938,1.0,0.0,8.0,2.0
c8_l2,C8 · 2s,2,0.2,189,0.39384199196499897,0.09657507407407405,0.2972669178909249,0.6835488232848033,0.28337984772586317,0.2511401833207519,0.19999060404664257,1.0,0.0,8.0,2.0
c8_l2,C8 · 2s,3,0.25,189,0.42729218786355966,0.09503809788359788,0.3322540899799617,0.6395313087358045,0.24454715106853098,0.30458615428556207,0.25,1.0,0.0,8.0,2.0
c8_l2,C8 · 2s,4,0.3,189,0.4750400505078602,0.10002430423280421,0.37501574627505596,0.5944263533289943,0.210032961986683,0.35876166189789144,0.3000093959533574,1.0,0.0,8.0,2.0
c8_l2,C8 · 2s,5,0.35,189,0.5302444204453945,0.10391960846560845,0.42632481197978606,0.5553869900919458,0.1828585859959718,0.4117871913960371,0.3501498457487061,1.0,0.0,8.0,2.0
c8_l2,C8 · 2s,6,0.4,189,0.5704598067461757,0.10234847354497353,0.46811133320120213,0.5235352912158878,0.16093809610952142,0.46140338693346294,0.3998501542512938,1.0,0.0,8.0,2.0
c8_l2,C8 · 2s,7,0.45,189,0.6054305050780678,0.10683921957671957,0.4985912855013483,0.484271256538926,0.1387953398719666,0.5110764580744284,0.4499906040466426,1.0,0.0,8.0,2.0
c8_l2,C8 · 2s,8,0.5,189,0.6298773807321125,0.10227845767195765,0.5275989230601548,0.4558098186497335,0.12170305706205818,0.55605469210438,0.5,1.0,0.0,8.0,2.0
c8_l2,C8 · 2s,9,0.55,189,0.699881285565223,0.11419215873015871,0.5856891268350642,0.41782301964445245,0.10359298552154861,0.6064725726369827,0.5500093959533574,1.0,0.0,8.0,2.0
c8_l2,C8 · 2s,10,0.6,189,0.7456292857714204,0.11053926984126983,0.6350900159301506,0.38674578384530767,0.09020555555505093,0.6531436667240486,0.6001498457487062,1.0,0.0,8.0,2.0
c8_l2,C8 · 2s,11,0.65,189,0.790037381111162,0.11460342328042328,0.6754339578307388,0.35021831023275224,0.07439877431859411,0.7013699737175432,0.6498501542512938,1.0,0.0,8.0,2.0
c8_l2,C8 · 2s,12,0.7,189,0.8368913310978933,0.12089862698412698,0.7159927041137663,0.3170752252708312,0.06120822070136899,0.7462390604473296,0.6999906040466426,1.0,0.0,8.0,2.0
c8_l2,C8 · 2s,13,0.75,189,0.8446029366967215,0.10893136243386242,0.735671574262859,0.28414078201931064,0.050027623063042,0.7909661714362088,0.75,1.0,0.0,8.0,2.0
c8_l2,C8 · 2s,14,0.8,189,0.9197988709133096,0.11664097354497353,0.8031578973683361,0.24607061650653284,0.037764933058824446,0.8362662328614129,0.8000093959533574,1.0,0.0,8.0,2.0
c8_l2,C8 · 2s,15,0.85,189,0.9766193678650603,0.12081413227513227,0.8558052355899282,0.20785997430522918,0.027562739672484175,0.8797059178983093,0.8501498457487062,1.0,0.0,8.0,2.0
c8_l2,C8 · 2s,16,0.9,189,1.024142706560017,0.11792751587301586,0.9062151906870011,0.16845033561352576,0.018418587389446392,0.9209322087348454,0.8998501542512938,1.0,0.0,8.0,2.0
c8_l2,C8 · 2s,17,0.95,189,1.0500392066945676,0.11939664550264548,0.9306425611919221,0.11421619457003002,0.00874800309933047,0.9617069798802572,0.9499906040466426,1.0,0.0,8.0,2.0
c8_l3,C8 · 3s,0,0.1,189,0.3043936163271101,0.08943347883597882,0.21496013749113124,0.7876255227124722,0.40447130058177566,0.13813052149046032,0.10014984574870615,1.0,0.0,8.0,3.0
c8_l3,C8 · 3s,1,0.15,189,0.3499430793483125,0.0916855767195767,0.25825750262873576,0.7376129168859392,0.3351909108262844,0.19250760239268103,0.1498501542512938,1.0,0.0,8.0,3.0
c8_l3,C8 · 3s,2,0.2,189,0.39352999728821664,0.09503437301587299,0.2984956242723436,0.6895913924509413,0.286152786678738,0.24856566373633326,0.19999060404664257,1.0,0.0,8.0,3.0
c8_l3,C8 · 3s,3,0.25,189,0.4282123121170628,0.09732723280423279,0.33088507931283,0.6442773987061132,0.24634767587853484,0.30173825366156437,0.25,1.0,0.0,8.0,3.0
c8_l3,C8 · 3s,4,0.3,189,0.48283721185196044,0.09751180158730158,0.3853254102646588,0.6038938019937151,0.21363128398461312,0.35405291325200805,0.3000093959533574,1.0,0.0,8.0,3.0
c8_l3,C8 · 3s,5,0.35,189,0.5270319867520427,0.09920141005291004,0.4278305766991326,0.5710827546026657,0.1897422734391752,0.40514105936837574,0.3501498457487061,1.0,0.0,8.0,3.0
c8_l3,C8 · 3s,6,0.4,189,0.5689797725616781,0.10104642328042326,0.46793334928125485,0.5340796285875575,0.1651256406117999,0.45511919780383037,0.3998501542512938,1.0,0.0,8.0,3.0
c8_l3,C8 · 3s,7,0.45,189,0.5975612671407858,0.09948423015873015,0.4980770369820557,0.49806064670836486,0.14480870110648014,0.5033482592257242,0.4499906040466426,1.0,0.0,8.0,3.0
c8_l3,C8 · 3s,8,0.5,189,0.6371642194077493,0.10520498412698412,0.531959235280765,0.46571779487625004,0.1278381962624807,0.5498773402007169,0.5,1.0,0.0,8.0,3.0
c8_l3,C8 · 3s,9,0.55,189,0.694023203898445,0.10755288359788358,0.5864703203005615,0.42819905074599085,0.10779833667492737,0.6006571644197696,0.5500093959533574,1.0,0.0,8.0,3.0
c8_l3,C8 · 3s,10,0.6,189,0.7423101321737946,0.10648003174603174,0.6358301004277628,0.398308716206836,0.0942455309408682,0.6464581117428169,0.6001498457487062,1.0,0.0,8.0,3.0
c8_l3,C8 · 3s,11,0.65,189,0.787959566197998,0.10651404497354496,0.681445521224453,0.36007123673088337,0.07812457393716878,0.6939900602613177,0.6498501542512938,1.0,0.0,8.0,3.0
c8_l3,C8 · 3s,12,0.7,189,0.8356708072649389,0.11215477248677248,0.7235160347781663,0.3255880613042603,0.06464202347255883,0.7400186430840265,0.6999906040466426,1.0,0.0,8.0,3.0
c8_l3,C8 · 3s,13,0.75,189,0.839204991815006,0.10332338888888887,0.735881602926117,0.29142158682256064,0.052771899750623706,0.7846617563060982,0.75,1.0,0.0,8.0,3.0
c8_l3,C8 · 3s,14,0.8,189,0.9129906483992486,0.11229231481481479,0.8006983335844339,0.2520784962449282,0.04043897339906637,0.8312518987706099,0.8000093959533574,1.0,0.0,8.0,3.0
c8_l3,C8 · 3s,15,0.85,189,0.9758681827493414,0.11600395502645502,0.8598642277228864,0.2183307302701804,0.030689228464055893,0.8738605020538209,0.8501498457487062,1.0,0.0,8.0,3.0
c8_l3,C8 · 3s,16,0.9,189,0.9989479181105932,0.11239289417989418,0.8865550239306991,0.1756939088159472,0.02043116029608182,0.9174588593856368,0.8998501542512938,1.0,0.0,8.0,3.0
c8_l3,C8 · 3s,17,0.95,189,1.0595892382923828,0.11323580687830687,0.946353431414076,0.1167383656538924,0.00904631614685054,0.9601240646902216,0.9499906040466426,1.0,0.0,8.0,3.0
c8_l4,C8 · 4s,0,0.1,189,0.30775848138713485,0.08566948941798941,0.22208899196914547,0.7947141626189468,0.41141257998804565,0.1360763148971335,0.10014984574870615,1.0,0.0,8.0,4.0
c8_l4,C8 · 4s,1,0.15,189,0.3523728517791726,0.09079245238095236,0.26158039939822025,0.7406332455476914,0.33906833583084994,0.1915346275246332,0.1498501542512938,1.0,0.0,8.0,4.0
c8_l4,C8 · 4s,2,0.2,189,0.39285871957867324,0.09167973544973544,0.3011789841289378,0.7009543506182218,0.2948627263780624,0.24538569712134262,0.19999060404664257,1.0,0.0,8.0,4.0
c8_l4,C8 · 4s,3,0.25,189,0.4392428648490587,0.09458519047619046,0.3446576743728682,0.6543542054831666,0.2539178643907819,0.29898065486282266,0.25,1.0,0.0,8.0,4.0
c8_l4,C8 · 4s,4,0.3,189,0.4863417092851224,0.09733959523809523,0.3890021140470271,0.6096051432212036,0.21783124612121982,0.3530322113049724,0.3000093959533574,1.0,0.0,8.0,4.0
c8_l4,C8 · 4s,5,0.35,189,0.5285232274208311,0.09856355555555554,0.4299596718652756,0.5778011375515865,0.194825253789387,0.40334270823569524,0.3501498457487061,1.0,0.0,8.0,4.0
c8_l4,C8 · 4s,6,0.4,189,0.5765062590334002,0.09751960582010581,0.4789866532132944,0.5423550661948938,0.1692061477868014,0.45243932535408665,0.3998501542512938,1.0,0.0,8.0,4.0
c8_l4,C8 · 4s,7,0.45,189,0.6102630394847756,0.10011102910052908,0.5101520103842464,0.5053735500763333,0.1464785599203967,0.5011996614239204,0.4499906040466426,1.0,0.0,8.0,4.0
c8_l4,C8 · 4s,8,0.5,189,0.6405558780265482,0.09856727248677247,0.5419886055397757,0.47653910773929464,0.1299683085825077,0.5468553468663856,0.5,1.0,0.0,8.0,4.0
c8_l4,C8 · 4s,9,0.55,189,0.7070603649788515,0.10307668253968252,0.6039836824391689,0.43884609307029415,0.11011861934863697,0.5971021841442774,0.5500093959533574,1.0,0.0,8.0,4.0
c8_l4,C8 · 4s,10,0.6,189,0.7444206956304501,0.10473780687830686,0.6396828887521432,0.40802536978233583,0.09619015549856515,0.6433686222979631,0.6001498457487062,1.0,0.0,8.0,4.0
c8_l4,C8 · 4s,11,0.65,189,0.7982274685694124,0.10533130687830687,0.6928961616911056,0.36771413971665046,0.07960101946321109,0.6907556981005997,0.6498501542512938,1.0,0.0,8.0,4.0
c8_l4,C8 · 4s,12,0.7,189,0.8267136326159854,0.1069047857142857,0.7198088469016997,0.33354292291822646,0.06585323242914104,0.7367698871900165,0.6999906040466426,1.0,0.0,8.0,4.0
c8_l4,C8 · 4s,13,0.75,189,0.8567331773390776,0.1056131746031746,0.751120002735903,0.29901030514556814,0.054215366878206724,0.7819916265351432,0.75,1.0,0.0,8.0,4.0
c8_l4,C8 · 4s,14,0.8,189,0.9046339792950955,0.10694974338624337,0.797684235908852,0.2575717779842239,0.04126792767691229,0.8290387937631557,0.8000093959533574,1.0,0.0,8.0,4.0
c8_l4,C8 · 4s,15,0.85,189,0.9688285922402203,0.10920293915343914,0.8596256530867812,0.22359438868554887,0.03155863221990994,0.8719322466976428,0.8501498457487062,1.0,0.0,8.0,4.0
c8_l4,C8 · 4s,16,0.9,189,1.008904542507272,0.10890873280423279,0.899995809703039,0.1830133519458175,0.021633884578785526,0.9144388828328047,0.8998501542512938,1.0,0.0,8.0,4.0
c8_l4,C8 · 4s,17,0.95,189,1.0362843885304545,0.11010055026455025,0.926183838265904,0.12257683412640022,0.010029489085787774,0.9583788693897308,0.9499906040466426,1.0,0.0,8.0,4.0
paper,Paper,0,0.1,189,0.528325624332029,0.2908079470899471,0.23751767724208192,0.7183071054005749,0.3366793113410788,0.16132307099917575,0.09651415851926895,0.5714285714285714,0.0,,
paper,Paper,1,0.15,189,0.5766750368858525,0.2915887619047619,0.28508627498109057,0.6665883669876075,0.2801467274862622,0.22064042414622329,0.14876618672289488,0.5238095238095238,0.0,,
paper,Paper,2,0.2,189,0.614424634914689,0.2976173492063492,0.3168072857083397,0.6280965101190661,0.24810947911449208,0.2748080776639716,0.19717734881033752,0.6666666666666666,0.0,,
paper,Paper,3,0.25,189,0.6603001057841705,0.29555490740740736,0.36474519837676306,0.5815292873947078,0.21054106099264958,0.3322546425319853,0.2499608395989975,0.9523809523809523,0.0,,
paper,Paper,4,0.3,189,0.7054760662265269,0.30306876984126985,0.402407296385257,0.548415205781422,0.18644053311575023,0.38300107175080234,0.2982324927578687,0.6666666666666666,0.0,,
paper,Paper,5,0.35,189,0.7468053385161325,0.3086338835978836,0.4381714549182489,0.510802703411885,0.1624531853135931,0.43368031833537674,0.34647499811826643,0.5238095238095238,0.0,,
paper,Paper,6,0.4,189,0.7751553969614159,0.3043751216931217,0.4707802752682942,0.47238317254201445,0.1394320899847323,0.4870171923801382,0.3987857669233961,0.5238095238095238,0.0,,
paper,Paper,7,0.45,189,0.8193746322111863,0.30696378042328043,0.5124108517879058,0.4451630905112892,0.12305137057783738,0.5327523390136698,0.44713818840933506,0.6666666666666666,0.0,,
paper,Paper,8,0.5,189,0.8448409417795864,0.3052609312169312,0.5395800105626551,0.4138078459947513,0.10745297064856874,0.581167476833182,0.49998041979949875,0.9523809523809523,0.0,,
paper,Paper,9,0.55,189,0.9100629259056152,0.32104865343915345,0.5890142724664618,0.3798140349191806,0.09171561557779863,0.6269513302379184,0.5481933323568662,0.6666666666666666,0.0,,
paper,Paper,10,0.6,189,0.9674676612232935,0.32789809788359786,0.6395695633396957,0.3540717818128763,0.08016890791988873,0.6691939341958868,0.5964945783187677,0.5238095238095238,0.0,,
paper,Paper,11,0.65,189,1.0080141511368619,0.3278246296296296,0.6801895215072323,0.32310674008888696,0.06666940955257916,0.7155648223937504,0.6488053471238974,0.5714285714285714,0.0,,
paper,Paper,12,0.7,189,1.0460283229814704,0.32237094179894177,0.7236573811825286,0.2939420915873987,0.05547855045429609,0.757969564546353,0.6971577686098364,0.6666666666666666,0.0,,
paper,Paper,13,0.75,189,1.1053015318766704,0.33837279894179895,0.7669287329348714,0.25661335332151597,0.043054050869411845,0.8027556585887122,0.75,1.0,0.0,,
paper,Paper,14,0.8,189,1.161560497504411,0.35059471428571426,0.8109657832186966,0.2238820696473811,0.03314786865597675,0.8438678071612403,0.7982129125573674,0.6666666666666666,0.0,,
paper,Paper,15,0.85,189,1.2171819951300207,0.3564847063492063,0.8606972887808144,0.1927976546754873,0.025194071903430554,0.881920819560056,0.8465141585192689,0.5714285714285714,0.0,,
paper,Paper,16,0.9,189,1.2798653121953727,0.3684647592592592,0.9114005529361133,0.1504729148838176,0.015254045605028702,0.9246951023106853,0.898766186722895,0.5238095238095238,0.0,,
paper,Paper,17,0.95,189,1.3221201588476668,0.37735506084656084,0.9447650980011058,0.10231865124645141,0.007264797334317764,0.9621348081442415,0.9471773488103374,0.6666666666666666,0.0,,
