model,prompt,situation,method,method_label,score_kind,budget_index,budget_fraction,logit_relative_l2_error,logit_cosine_error,dense_to_sparse_kl,top1_agreement,dense_nll,sparse_nll,nll_delta,projection_calls,selected_fraction_mean,fallback_calls
smol360,test_short_korean,short,paper,Paper |x|,abs,0,0.1,1.4550331830978394,1.2581766843795776,13.3734712600708,0.0,2.2992043495178223,14.83187198638916,12.53266716003418,224,0.1,0
smol360,test_short_korean,short,paper,Paper |x|,abs,1,0.15,1.3088048696517944,0.8602938652038574,14.009166717529297,0.0,2.2992043495178223,15.384810447692871,13.08560562133789,224,0.14999999999999997,0
smol360,test_short_korean,short,paper,Paper |x|,abs,2,0.2,1.497231125831604,0.9537933468818665,13.960890769958496,0.0,2.2992043495178223,15.572006225585938,13.272802352905273,224,0.2,0
smol360,test_short_korean,short,paper,Paper |x|,abs,3,0.25,1.518850564956665,1.0472666025161743,14.233654975891113,0.0,2.2992043495178223,15.615250587463379,13.316045761108398,224,0.25,0
smol360,test_short_korean,short,paper,Paper |x|,abs,4,0.3,1.3111202716827393,0.907960057258606,14.435826301574707,0.010101010091602802,2.2992043495178223,15.67151165008545,13.372306823730469,224,0.29999999999999993,0
smol360,test_short_korean,short,paper,Paper |x|,abs,5,0.35,1.2996090650558472,0.791459321975708,14.244318008422852,0.0,2.2992043495178223,15.653108596801758,13.353904724121094,224,0.35,0
smol360,test_short_korean,short,paper,Paper |x|,abs,6,0.4,1.3404430150985718,0.9031746983528137,15.617695808410645,0.0,2.2992043495178223,16.898778915405273,14.59957504272461,224,0.4,0
smol360,test_short_korean,short,paper,Paper |x|,abs,7,0.45,1.2857282161712646,0.9236397743225098,16.30095672607422,0.010101010091602802,2.2992043495178223,17.93090057373047,15.631696701049805,224,0.4500000000000001,0
smol360,test_short_korean,short,paper,Paper |x|,abs,8,0.5,1.4669774770736694,0.7042027115821838,14.236993789672852,0.0,2.2992043495178223,15.639744758605957,13.340539932250977,224,0.5,0
smol360,test_short_korean,short,paper,Paper |x|,abs,9,0.55,1.139840841293335,0.8208562135696411,9.342373847961426,0.03030303120613098,2.2992043495178223,10.781543731689453,8.482339859008789,224,0.5499999999999999,0
smol360,test_short_korean,short,paper,Paper |x|,abs,10,0.6,1.0782774686813354,0.7177953720092773,10.070685386657715,0.010101010091602802,2.2992043495178223,11.586241722106934,9.287036895751953,224,0.5999999999999999,0
smol360,test_short_korean,short,paper,Paper |x|,abs,11,0.65,1.224058985710144,0.6946475505828857,10.338674545288086,0.0,2.2992043495178223,11.782575607299805,9.48337173461914,224,0.6500000000000001,0
smol360,test_short_korean,short,paper,Paper |x|,abs,12,0.7,1.0653458833694458,0.6878488063812256,7.18440055847168,0.03030303120613098,2.2992043495178223,8.669768333435059,6.370563983917236,224,0.7,0
smol360,test_short_korean,short,paper,Paper |x|,abs,13,0.75,1.0008243322372437,0.6179604530334473,5.745967388153076,0.08080808073282242,2.2992043495178223,7.227728366851807,4.928524017333984,224,0.75,0
smol360,test_short_korean,short,paper,Paper |x|,abs,14,0.8,0.8585012555122375,0.45901429653167725,2.7995901107788086,0.24242424964904785,2.2992043495178223,4.414678573608398,2.115474224090576,224,0.8,0
smol360,test_short_korean,short,paper,Paper |x|,abs,15,0.85,0.7584019303321838,0.33964991569519043,2.208177089691162,0.2626262605190277,2.2992043495178223,3.717890501022339,1.4186861515045166,224,0.8499999999999998,0
smol360,test_short_korean,short,paper,Paper |x|,abs,16,0.9,0.666277289390564,0.2510749101638794,1.3974162340164185,0.38383838534355164,2.2992043495178223,3.063467025756836,0.7642626762390137,224,0.9000000000000002,0
smol360,test_short_korean,short,paper,Paper |x|,abs,17,0.95,0.47970154881477356,0.12120687961578369,0.6668841242790222,0.5858585834503174,2.2992043495178223,2.636380672454834,0.3371763229370117,224,0.9499999999999998,0
smol360,test_short_korean,short,cell1_abs,Cell-1 |x|,abs,0,0.1,1.339895486831665,0.879148006439209,23.533432006835938,0.0,2.2992043495178223,24.867691040039062,22.5684871673584,224,0.1,0
smol360,test_short_korean,short,cell1_abs,Cell-1 |x|,abs,1,0.15,1.3400720357894897,0.7338352203369141,12.306607246398926,0.0,2.2992043495178223,13.461551666259766,11.162347793579102,224,0.14999999999999997,0
smol360,test_short_korean,short,cell1_abs,Cell-1 |x|,abs,2,0.2,2.3635966777801514,1.2935348749160767,23.964305877685547,0.0,2.2992043495178223,25.52550506591797,23.226301193237305,224,0.2,0
smol360,test_short_korean,short,cell1_abs,Cell-1 |x|,abs,3,0.25,1.407318115234375,0.7950224280357361,15.859108924865723,0.0,2.2992043495178223,17.340805053710938,15.041601181030273,224,0.25,0
smol360,test_short_korean,short,cell1_abs,Cell-1 |x|,abs,4,0.3,1.1974103450775146,0.747939944267273,13.328445434570312,0.0,2.2992043495178223,14.467098236083984,12.16789436340332,224,0.29999999999999993,0
smol360,test_short_korean,short,cell1_abs,Cell-1 |x|,abs,5,0.35,1.4845772981643677,1.0277763605117798,15.142228126525879,0.0,2.2992043495178223,16.343311309814453,14.044107437133789,224,0.35,0
smol360,test_short_korean,short,cell1_abs,Cell-1 |x|,abs,6,0.4,1.312055230140686,0.819044291973114,12.982621192932129,0.0,2.2992043495178223,13.836254119873047,11.537050247192383,224,0.4,0
smol360,test_short_korean,short,cell1_abs,Cell-1 |x|,abs,7,0.45,1.5617249011993408,1.1372504234313965,17.292612075805664,0.0,2.2992043495178223,18.573162078857422,16.273958206176758,224,0.4500000000000001,0
smol360,test_short_korean,short,cell1_abs,Cell-1 |x|,abs,8,0.5,1.370144248008728,0.7835391759872437,10.898202896118164,0.010101010091602802,2.2992043495178223,11.70292854309082,9.403724670410156,224,0.5,0
smol360,test_short_korean,short,cell1_abs,Cell-1 |x|,abs,9,0.55,2.0650205612182617,0.7170131802558899,14.592622756958008,0.010101010091602802,2.2992043495178223,16.41309356689453,14.113889694213867,224,0.5499999999999999,0
smol360,test_short_korean,short,cell1_abs,Cell-1 |x|,abs,10,0.6,1.0932862758636475,0.6630410552024841,12.1097993850708,0.020202020183205605,2.2992043495178223,13.530467987060547,11.231264114379883,224,0.5999999999999999,0
smol360,test_short_korean,short,cell1_abs,Cell-1 |x|,abs,11,0.65,0.9705795645713806,0.6489561796188354,7.373139381408691,0.010101010091602802,2.2992043495178223,8.69681453704834,6.397610187530518,224,0.6500000000000001,0
smol360,test_short_korean,short,cell1_abs,Cell-1 |x|,abs,12,0.7,1.128211259841919,0.6440767645835876,9.009394645690918,0.010101010091602802,2.2992043495178223,10.50919246673584,8.20998764038086,224,0.7,0
smol360,test_short_korean,short,cell1_abs,Cell-1 |x|,abs,13,0.75,1.0636342763900757,0.5567403435707092,7.001789093017578,0.07070706784725189,2.2992043495178223,8.48412799835205,6.1849236488342285,224,0.75,0
smol360,test_short_korean,short,cell1_abs,Cell-1 |x|,abs,14,0.8,0.9712996482849121,0.5523922443389893,5.429798603057861,0.1111111119389534,2.2992043495178223,6.893719673156738,4.594515323638916,224,0.8,0
smol360,test_short_korean,short,cell1_abs,Cell-1 |x|,abs,15,0.85,0.8165684938430786,0.38763272762298584,2.999155282974243,0.1111111119389534,2.2992043495178223,4.5007643699646,2.2015600204467773,224,0.8499999999999998,0
smol360,test_short_korean,short,cell1_abs,Cell-1 |x|,abs,16,0.9,0.6846409440040588,0.25962305068969727,1.6854873895645142,0.4141414165496826,2.2992043495178223,3.164228677749634,0.8650243282318115,224,0.9000000000000002,0
smol360,test_short_korean,short,cell1_abs,Cell-1 |x|,abs,17,0.95,0.5720126628875732,0.1750333309173584,0.9154502153396606,0.5555555820465088,2.2992043495178223,2.766472101211548,0.4672677516937256,224,0.9499999999999998,0
smol360,test_short_korean,short,cell1_x2,Cell-1 X²,x2,0,0.1,1.8571784496307373,1.2666020393371582,18.46418571472168,0.0,2.2992043495178223,19.47747802734375,17.178274154663086,224,0.1,0
smol360,test_short_korean,short,cell1_x2,Cell-1 X²,x2,1,0.15,1.256676197052002,0.8007365465164185,13.372234344482422,0.0,2.2992043495178223,14.662626266479492,12.363422393798828,224,0.14999999999999997,0
smol360,test_short_korean,short,cell1_x2,Cell-1 X²,x2,2,0.2,1.6236881017684937,1.1317336559295654,21.526762008666992,0.0,2.2992043495178223,23.013858795166016,20.71465492248535,224,0.2,0
smol360,test_short_korean,short,cell1_x2,Cell-1 X²,x2,3,0.25,1.3047152757644653,0.8932163119316101,13.678064346313477,0.0,2.2992043495178223,15.228784561157227,12.929580688476562,224,0.25,0
smol360,test_short_korean,short,cell1_x2,Cell-1 X²,x2,4,0.3,1.2877196073532104,0.7940558195114136,16.82331085205078,0.0,2.2992043495178223,18.039352416992188,15.740148544311523,224,0.29999999999999993,0
smol360,test_short_korean,short,cell1_x2,Cell-1 X²,x2,5,0.35,1.384376883506775,0.928272008895874,14.06937026977539,0.0,2.2992043495178223,15.631942749023438,13.332738876342773,224,0.35,0
smol360,test_short_korean,short,cell1_x2,Cell-1 X²,x2,6,0.4,1.4242630004882812,0.9881495833396912,13.489105224609375,0.0,2.2992043495178223,14.416048049926758,12.116844177246094,224,0.4,0
smol360,test_short_korean,short,cell1_x2,Cell-1 X²,x2,7,0.45,1.4472410678863525,0.9616303443908691,12.503119468688965,0.0,2.2992043495178223,13.796915054321289,11.497711181640625,224,0.4500000000000001,0
smol360,test_short_korean,short,cell1_x2,Cell-1 X²,x2,8,0.5,1.3517980575561523,0.7036742568016052,14.94048023223877,0.0,2.2992043495178223,16.106494903564453,13.807291030883789,224,0.5,0
smol360,test_short_korean,short,cell1_x2,Cell-1 X²,x2,9,0.55,1.0908511877059937,0.8119406700134277,11.367971420288086,0.05050504952669144,2.2992043495178223,12.706825256347656,10.407621383666992,224,0.5499999999999999,0
smol360,test_short_korean,short,cell1_x2,Cell-1 X²,x2,10,0.6,1.2263990640640259,0.6956510543823242,11.406595230102539,0.03030303120613098,2.2992043495178223,12.81274127960205,10.51353645324707,224,0.5999999999999999,0
smol360,test_short_korean,short,cell1_x2,Cell-1 X²,x2,11,0.65,1.0328878164291382,0.7109094858169556,12.411739349365234,0.03030303120613098,2.2992043495178223,13.899446487426758,11.600242614746094,224,0.6500000000000001,0
smol360,test_short_korean,short,cell1_x2,Cell-1 X²,x2,12,0.7,1.0273338556289673,0.5980336666107178,8.101460456848145,0.020202020183205605,2.2992043495178223,9.536038398742676,7.2368340492248535,224,0.7,0
smol360,test_short_korean,short,cell1_x2,Cell-1 X²,x2,13,0.75,1.0786994695663452,0.6270248293876648,7.535038948059082,0.0,2.2992043495178223,9.047128677368164,6.747924327850342,224,0.75,0
smol360,test_short_korean,short,cell1_x2,Cell-1 X²,x2,14,0.8,0.8799996972084045,0.48381924629211426,4.76417875289917,0.09090909361839294,2.2992043495178223,6.3701090812683105,4.070904731750488,224,0.8,0
smol360,test_short_korean,short,cell1_x2,Cell-1 X²,x2,15,0.85,0.8025984764099121,0.39148736000061035,2.9360733032226562,0.23232322931289673,2.2992043495178223,4.512928485870361,2.213724136352539,224,0.8499999999999998,0
smol360,test_short_korean,short,cell1_x2,Cell-1 X²,x2,16,0.9,0.7307171821594238,0.3080286979675293,1.6875040531158447,0.3232323229312897,2.2992043495178223,3.214168071746826,0.9149637222290039,224,0.9000000000000002,0
smol360,test_short_korean,short,cell1_x2,Cell-1 X²,x2,17,0.95,0.5824170708656311,0.18542975187301636,0.8599430918693542,0.5454545617103577,2.2992043495178223,2.7596652507781982,0.460460901260376,224,0.9499999999999998,0
smol360,test_short_korean,short,wcell1,WCell-1 X²·W²,weighted,0,0.1,1.46749746799469,1.0294740200042725,18.933326721191406,0.0,2.2992043495178223,20.66080093383789,18.361597061157227,224,0.1,0
smol360,test_short_korean,short,wcell1,WCell-1 X²·W²,weighted,1,0.15,1.384848952293396,0.9188089370727539,16.302289962768555,0.0,2.2992043495178223,17.669267654418945,15.370063781738281,224,0.14999999999999997,0
smol360,test_short_korean,short,wcell1,WCell-1 X²·W²,weighted,2,0.2,1.5848236083984375,1.104587197303772,19.487279891967773,0.0,2.2992043495178223,20.441635131835938,18.142431259155273,224,0.2,0
smol360,test_short_korean,short,wcell1,WCell-1 X²·W²,weighted,3,0.25,1.3147860765457153,1.0304043292999268,15.361581802368164,0.0,2.2992043495178223,16.50695037841797,14.207746505737305,224,0.25,0
smol360,test_short_korean,short,wcell1,WCell-1 X²·W²,weighted,4,0.3,1.3479355573654175,0.8836339712142944,15.268060684204102,0.0,2.2992043495178223,16.412616729736328,14.113412857055664,224,0.29999999999999993,0
smol360,test_short_korean,short,wcell1,WCell-1 X²·W²,weighted,5,0.35,1.3567092418670654,0.8426882028579712,15.161561965942383,0.0,2.2992043495178223,16.259967803955078,13.960763931274414,224,0.35,0
smol360,test_short_korean,short,wcell1,WCell-1 X²·W²,weighted,6,0.4,1.3951598405838013,0.7914063930511475,17.29473876953125,0.0,2.2992043495178223,18.35394859313965,16.054744720458984,224,0.4,0
smol360,test_short_korean,short,wcell1,WCell-1 X²·W²,weighted,7,0.45,1.38595449924469,1.0106539726257324,15.782125473022461,0.0,2.2992043495178223,17.20565414428711,14.906450271606445,224,0.4500000000000001,0
smol360,test_short_korean,short,wcell1,WCell-1 X²·W²,weighted,8,0.5,1.2477141618728638,0.879938542842865,13.997637748718262,0.010101010091602802,2.2992043495178223,15.461068153381348,13.161863327026367,224,0.5,0
smol360,test_short_korean,short,wcell1,WCell-1 X²·W²,weighted,9,0.55,1.4060174226760864,0.8286068439483643,13.133439064025879,0.0,2.2992043495178223,14.492015838623047,12.192811965942383,224,0.5499999999999999,0
smol360,test_short_korean,short,wcell1,WCell-1 X²·W²,weighted,10,0.6,1.0748341083526611,0.7263431549072266,10.82524299621582,0.020202020183205605,2.2992043495178223,12.267921447753906,9.968717575073242,224,0.5999999999999999,0
smol360,test_short_korean,short,wcell1,WCell-1 X²·W²,weighted,11,0.65,1.0896775722503662,0.6800312399864197,9.442914009094238,0.010101010091602802,2.2992043495178223,10.850334167480469,8.551130294799805,224,0.6500000000000001,0
smol360,test_short_korean,short,wcell1,WCell-1 X²·W²,weighted,12,0.7,0.9737986326217651,0.6289196014404297,8.595088958740234,0.04040404036641121,2.2992043495178223,10.110115051269531,7.810910701751709,224,0.7,0
smol360,test_short_korean,short,wcell1,WCell-1 X²·W²,weighted,13,0.75,1.005202054977417,0.5972325801849365,7.193014621734619,0.07070706784725189,2.2992043495178223,8.664924621582031,6.365720272064209,224,0.75,0
smol360,test_short_korean,short,wcell1,WCell-1 X²·W²,weighted,14,0.8,0.8319367170333862,0.42454999685287476,3.9974594116210938,0.1111111119389534,2.2992043495178223,5.530320644378662,3.23111629486084,224,0.8,0
smol360,test_short_korean,short,wcell1,WCell-1 X²·W²,weighted,15,0.85,0.7923168540000916,0.36364996433258057,2.5979974269866943,0.2525252401828766,2.2992043495178223,4.104061126708984,1.804856777191162,224,0.8499999999999998,0
smol360,test_short_korean,short,wcell1,WCell-1 X²·W²,weighted,16,0.9,0.7235085368156433,0.29756855964660645,1.655991554260254,0.4444444477558136,2.2992043495178223,3.247910261154175,0.9487059116363525,224,0.9000000000000002,0
smol360,test_short_korean,short,wcell1,WCell-1 X²·W²,weighted,17,0.95,0.5685420036315918,0.17476487159729004,0.7678866982460022,0.6262626051902771,2.2992043495178223,2.7282145023345947,0.42901015281677246,224,0.9499999999999998,0
smol360,test_medium_code,medium,paper,Paper |x|,abs,0,0.1,1.3739253282546997,0.946611225605011,15.538248062133789,0.012500000186264515,3.893587112426758,17.897075653076172,14.003488540649414,224,0.1,0
smol360,test_medium_code,medium,paper,Paper |x|,abs,1,0.15,1.405239462852478,1.0959469079971313,17.886962890625,0.0,3.893587112426758,19.770065307617188,15.87647819519043,224,0.14999999999999997,0
smol360,test_medium_code,medium,paper,Paper |x|,abs,2,0.2,1.3441003561019897,1.0288716554641724,18.117996215820312,0.0,3.893587112426758,20.084760665893555,16.191173553466797,224,0.2,0
smol360,test_medium_code,medium,paper,Paper |x|,abs,3,0.25,1.2327501773834229,0.785429060459137,11.17435359954834,0.0,3.893587112426758,14.421553611755371,10.527966499328613,224,0.25,0
smol360,test_medium_code,medium,paper,Paper |x|,abs,4,0.3,1.1207631826400757,0.6597398519515991,10.100098609924316,0.012500000186264515,3.893587112426758,13.005889892578125,9.112302780151367,224,0.29999999999999993,0
smol360,test_medium_code,medium,paper,Paper |x|,abs,5,0.35,1.531731367111206,1.0234832763671875,11.568953514099121,0.0,3.893587112426758,14.23045825958252,10.336871147155762,224,0.35,0
smol360,test_medium_code,medium,paper,Paper |x|,abs,6,0.4,1.3144034147262573,0.7956250309944153,9.871655464172363,0.012500000186264515,3.893587112426758,13.059995651245117,9.16640853881836,224,0.4,0
smol360,test_medium_code,medium,paper,Paper |x|,abs,7,0.45,1.2320140600204468,0.9338467121124268,8.394180297851562,0.012500000186264515,3.893587112426758,11.361696243286133,7.468109130859375,224,0.4500000000000001,0
smol360,test_medium_code,medium,paper,Paper |x|,abs,8,0.5,1.2977832555770874,0.9840437769889832,8.061030387878418,0.012500000186264515,3.893587112426758,10.475419044494629,6.581831932067871,224,0.5,0
smol360,test_medium_code,medium,paper,Paper |x|,abs,9,0.55,1.0997018814086914,0.8608698844909668,6.459144592285156,0.0625,3.893587112426758,8.978192329406738,5.0846052169799805,224,0.5499999999999999,0
smol360,test_medium_code,medium,paper,Paper |x|,abs,10,0.6,1.1358833312988281,0.8492436408996582,6.400573253631592,0.012500000186264515,3.893587112426758,9.101015090942383,5.207427978515625,224,0.5999999999999999,0
smol360,test_medium_code,medium,paper,Paper |x|,abs,11,0.65,0.9379249811172485,0.6114920377731323,6.296706676483154,0.05000000074505806,3.893587112426758,8.929597854614258,5.0360107421875,224,0.6500000000000001,0
smol360,test_medium_code,medium,paper,Paper |x|,abs,12,0.7,0.9359131455421448,0.6036369204521179,5.587758541107178,0.07500000298023224,3.893587112426758,8.190018653869629,4.296431541442871,224,0.7,0
smol360,test_medium_code,medium,paper,Paper |x|,abs,13,0.75,1.044083595275879,0.6439232230186462,4.870817184448242,0.16250000894069672,3.893587112426758,7.4845404624938965,3.5909533500671387,224,0.75,0
smol360,test_medium_code,medium,paper,Paper |x|,abs,14,0.8,1.1144614219665527,0.604978084564209,4.081352233886719,0.1875,3.893587112426758,6.849841117858887,2.956254005432129,224,0.8,0
smol360,test_medium_code,medium,paper,Paper |x|,abs,15,0.85,0.795220136642456,0.32662761211395264,1.8808956146240234,0.3499999940395355,3.893587112426758,4.927586555480957,1.0339994430541992,224,0.8499999999999998,0
smol360,test_medium_code,medium,paper,Paper |x|,abs,16,0.9,0.5987569689750671,0.182023286819458,1.1646932363510132,0.6000000238418579,3.893587112426758,4.537467956542969,0.6438808441162109,224,0.9000000000000002,0
smol360,test_medium_code,medium,paper,Paper |x|,abs,17,0.95,0.37473756074905396,0.07177513837814331,0.3107428252696991,0.7875000238418579,3.893587112426758,3.840885877609253,-0.05270123481750488,224,0.9499999999999998,0
smol360,test_medium_code,medium,cell1_abs,Cell-1 |x|,abs,0,0.1,1.2851428985595703,0.938795804977417,16.326208114624023,0.0,3.893587112426758,17.449384689331055,13.555797576904297,224,0.1,0
smol360,test_medium_code,medium,cell1_abs,Cell-1 |x|,abs,1,0.15,1.7163265943527222,1.19752037525177,22.473209381103516,0.0,3.893587112426758,23.676525115966797,19.78293800354004,224,0.14999999999999997,0
smol360,test_medium_code,medium,cell1_abs,Cell-1 |x|,abs,2,0.2,1.3909204006195068,1.0120909214019775,16.136667251586914,0.0,3.893587112426758,17.033910751342773,13.140323638916016,224,0.2,0
smol360,test_medium_code,medium,cell1_abs,Cell-1 |x|,abs,3,0.25,1.293992519378662,0.9282511472702026,14.629490852355957,0.0,3.893587112426758,16.50189208984375,12.608304977416992,224,0.25,0
smol360,test_medium_code,medium,cell1_abs,Cell-1 |x|,abs,4,0.3,1.2320713996887207,0.9158352613449097,10.765912055969238,0.0,3.893587112426758,13.239280700683594,9.345693588256836,224,0.29999999999999993,0
smol360,test_medium_code,medium,cell1_abs,Cell-1 |x|,abs,5,0.35,1.5699042081832886,0.7652671933174133,11.993708610534668,0.03750000149011612,3.893587112426758,15.238632202148438,11.34504508972168,224,0.35,0
smol360,test_medium_code,medium,cell1_abs,Cell-1 |x|,abs,6,0.4,1.4857107400894165,0.7811780571937561,10.427228927612305,0.0,3.893587112426758,13.202751159667969,9.309164047241211,224,0.4,0
smol360,test_medium_code,medium,cell1_abs,Cell-1 |x|,abs,7,0.45,1.1904032230377197,0.8103212118148804,10.709391593933105,0.0,3.893587112426758,13.319478034973145,9.425890922546387,224,0.4500000000000001,0
smol360,test_medium_code,medium,cell1_abs,Cell-1 |x|,abs,8,0.5,1.2782886028289795,0.7507995367050171,11.235320091247559,0.012500000186264515,3.893587112426758,14.10395336151123,10.210366249084473,224,0.5,0
smol360,test_medium_code,medium,cell1_abs,Cell-1 |x|,abs,9,0.55,1.081885814666748,0.7212505340576172,7.830722332000732,0.02500000037252903,3.893587112426758,10.845383644104004,6.951796531677246,224,0.5499999999999999,0
smol360,test_medium_code,medium,cell1_abs,Cell-1 |x|,abs,10,0.6,0.9893325567245483,0.6820208430290222,7.582248210906982,0.03750000149011612,3.893587112426758,10.372468948364258,6.4788818359375,224,0.5999999999999999,0
smol360,test_medium_code,medium,cell1_abs,Cell-1 |x|,abs,11,0.65,1.031982183456421,0.7224555015563965,6.185259819030762,0.0625,3.893587112426758,9.144819259643555,5.251232147216797,224,0.6500000000000001,0
smol360,test_medium_code,medium,cell1_abs,Cell-1 |x|,abs,12,0.7,1.0049015283584595,0.6265983581542969,6.553589820861816,0.05000000074505806,3.893587112426758,9.659207344055176,5.765620231628418,224,0.7,0
smol360,test_medium_code,medium,cell1_abs,Cell-1 |x|,abs,13,0.75,0.9501755237579346,0.5895524024963379,5.727264881134033,0.03750000149011612,3.893587112426758,8.607643127441406,4.714056015014648,224,0.75,0
smol360,test_medium_code,medium,cell1_abs,Cell-1 |x|,abs,14,0.8,0.8518343567848206,0.45649439096450806,4.6279754638671875,0.125,3.893587112426758,7.623013019561768,3.7294259071350098,224,0.8,0
smol360,test_medium_code,medium,cell1_abs,Cell-1 |x|,abs,15,0.85,0.7263773679733276,0.31107938289642334,3.39786696434021,0.26250001788139343,3.893587112426758,6.438841342926025,2.5452542304992676,224,0.8499999999999998,0
smol360,test_medium_code,medium,cell1_abs,Cell-1 |x|,abs,16,0.9,0.5795044898986816,0.17362219095230103,1.3601866960525513,0.5625,3.893587112426758,4.605278491973877,0.7116913795471191,224,0.9000000000000002,0
smol360,test_medium_code,medium,cell1_abs,Cell-1 |x|,abs,17,0.95,0.5310073494911194,0.1491277813911438,0.637890636920929,0.675000011920929,3.893587112426758,4.085578441619873,0.19199132919311523,224,0.9499999999999998,0
smol360,test_medium_code,medium,cell1_x2,Cell-1 X²,x2,0,0.1,1.3732733726501465,1.0099899768829346,16.305219650268555,0.0,3.893587112426758,17.670822143554688,13.77723503112793,224,0.1,0
smol360,test_medium_code,medium,cell1_x2,Cell-1 X²,x2,1,0.15,1.2894091606140137,0.9581932425498962,16.618192672729492,0.0,3.893587112426758,18.51325035095215,14.61966323852539,224,0.14999999999999997,0
smol360,test_medium_code,medium,cell1_x2,Cell-1 X²,x2,2,0.2,1.261716365814209,0.9084133505821228,14.467974662780762,0.0,3.893587112426758,16.54709243774414,12.653505325317383,224,0.2,0
smol360,test_medium_code,medium,cell1_x2,Cell-1 X²,x2,3,0.25,1.2110488414764404,0.7538160085678101,13.429590225219727,0.0,3.893587112426758,16.498157501220703,12.604570388793945,224,0.25,0
smol360,test_medium_code,medium,cell1_x2,Cell-1 X²,x2,4,0.3,1.225032091140747,0.7741647958755493,11.026707649230957,0.012500000186264515,3.893587112426758,13.624771118164062,9.731184005737305,224,0.29999999999999993,0
smol360,test_medium_code,medium,cell1_x2,Cell-1 X²,x2,5,0.35,1.2893353700637817,0.8120808601379395,11.609588623046875,0.0,3.893587112426758,14.33820629119873,10.444619178771973,224,0.35,0
smol360,test_medium_code,medium,cell1_x2,Cell-1 X²,x2,6,0.4,1.5087451934814453,0.8138954043388367,10.970797538757324,0.02500000037252903,3.893587112426758,13.703638076782227,9.810050964355469,224,0.4,0
smol360,test_medium_code,medium,cell1_x2,Cell-1 X²,x2,7,0.45,1.1520130634307861,0.7811918258666992,11.542142868041992,0.0,3.893587112426758,14.058695793151855,10.165108680725098,224,0.4500000000000001,0
smol360,test_medium_code,medium,cell1_x2,Cell-1 X²,x2,8,0.5,1.1926559209823608,0.800580620765686,9.854347229003906,0.0,3.893587112426758,12.571816444396973,8.678229331970215,224,0.5,0
smol360,test_medium_code,medium,cell1_x2,Cell-1 X²,x2,9,0.55,1.4557136297225952,0.9525426030158997,8.706608772277832,0.03750000149011612,3.893587112426758,11.550637245178223,7.657050132751465,224,0.5499999999999999,0
smol360,test_medium_code,medium,cell1_x2,Cell-1 X²,x2,10,0.6,0.9282330870628357,0.5832551717758179,6.7466888427734375,0.05000000074505806,3.893587112426758,9.606894493103027,5.7133073806762695,224,0.5999999999999999,0
smol360,test_medium_code,medium,cell1_x2,Cell-1 X²,x2,11,0.65,0.8909024000167847,0.5272455215454102,6.669614315032959,0.10000000149011612,3.893587112426758,9.865572929382324,5.971985816955566,224,0.6500000000000001,0
smol360,test_medium_code,medium,cell1_x2,Cell-1 X²,x2,12,0.7,0.9457675814628601,0.5832045078277588,5.9447832107543945,0.05000000074505806,3.893587112426758,8.925411224365234,5.031824111938477,224,0.7,0
smol360,test_medium_code,medium,cell1_x2,Cell-1 X²,x2,13,0.75,0.8897136449813843,0.4959689974784851,5.509686470031738,0.07500000298023224,3.893587112426758,8.511737823486328,4.61815071105957,224,0.75,0
smol360,test_medium_code,medium,cell1_x2,Cell-1 X²,x2,14,0.8,0.832450807094574,0.4366822838783264,4.639044284820557,0.15000000596046448,3.893587112426758,7.702642917633057,3.809055805206299,224,0.8,0
smol360,test_medium_code,medium,cell1_x2,Cell-1 X²,x2,15,0.85,0.7129471898078918,0.2895054817199707,2.7207345962524414,0.3375000059604645,3.893587112426758,5.792280197143555,1.8986930847167969,224,0.8499999999999998,0
smol360,test_medium_code,medium,cell1_x2,Cell-1 X²,x2,16,0.9,0.5979363322257996,0.18314218521118164,1.446974754333496,0.5375000238418579,3.893587112426758,4.587768077850342,0.694180965423584,224,0.9000000000000002,0
smol360,test_medium_code,medium,cell1_x2,Cell-1 X²,x2,17,0.95,0.4417966902256012,0.10242712497711182,0.6541733741760254,0.6875,3.893587112426758,4.048377513885498,0.15479040145874023,224,0.9499999999999998,0
smol360,test_medium_code,medium,wcell1,WCell-1 X²·W²,weighted,0,0.1,1.2776947021484375,0.9931129813194275,13.06201171875,0.0,3.893587112426758,15.016138076782227,11.122550964355469,224,0.1,0
smol360,test_medium_code,medium,wcell1,WCell-1 X²·W²,weighted,1,0.15,1.3749490976333618,1.0280128717422485,17.128395080566406,0.0,3.893587112426758,19.088960647583008,15.19537353515625,224,0.14999999999999997,0
smol360,test_medium_code,medium,wcell1,WCell-1 X²·W²,weighted,2,0.2,1.4380611181259155,0.9350156784057617,14.440787315368652,0.0,3.893587112426758,16.553184509277344,12.659597396850586,224,0.2,0
smol360,test_medium_code,medium,wcell1,WCell-1 X²·W²,weighted,3,0.25,1.285068154335022,0.9236275553703308,16.31307029724121,0.0,3.893587112426758,17.91883659362793,14.025249481201172,224,0.25,0
smol360,test_medium_code,medium,wcell1,WCell-1 X²·W²,weighted,4,0.3,1.3503859043121338,0.9908867478370667,17.987472534179688,0.0,3.893587112426758,19.77190589904785,15.878318786621094,224,0.29999999999999993,0
smol360,test_medium_code,medium,wcell1,WCell-1 X²·W²,weighted,5,0.35,1.3628376722335815,0.8981708884239197,12.923449516296387,0.0,3.893587112426758,14.936062812805176,11.042475700378418,224,0.35,0
smol360,test_medium_code,medium,wcell1,WCell-1 X²·W²,weighted,6,0.4,1.5982270240783691,1.1554412841796875,21.99081039428711,0.0,3.893587112426758,23.122833251953125,19.229246139526367,224,0.4,0
smol360,test_medium_code,medium,wcell1,WCell-1 X²·W²,weighted,7,0.45,1.3780570030212402,0.8165703415870667,12.104994773864746,0.0,3.893587112426758,14.451987266540527,10.55840015411377,224,0.4500000000000001,0
smol360,test_medium_code,medium,wcell1,WCell-1 X²·W²,weighted,8,0.5,1.1048011779785156,0.7382791042327881,11.10327434539795,0.0,3.893587112426758,13.622790336608887,9.729203224182129,224,0.5,0
smol360,test_medium_code,medium,wcell1,WCell-1 X²·W²,weighted,9,0.55,1.2337616682052612,0.8339939713478088,11.84062385559082,0.0,3.893587112426758,14.516782760620117,10.62319564819336,224,0.5499999999999999,0
smol360,test_medium_code,medium,wcell1,WCell-1 X²·W²,weighted,10,0.6,0.9755951762199402,0.5924025774002075,8.4675931930542,0.0625,3.893587112426758,11.632221221923828,7.73863410949707,224,0.5999999999999999,0
smol360,test_medium_code,medium,wcell1,WCell-1 X²·W²,weighted,11,0.65,0.9092804193496704,0.516571044921875,7.610788822174072,0.05000000074505806,3.893587112426758,10.827275276184082,6.933688163757324,224,0.6500000000000001,0
smol360,test_medium_code,medium,wcell1,WCell-1 X²·W²,weighted,12,0.7,0.9027816653251648,0.5351280570030212,6.430188179016113,0.10000000149011612,3.893587112426758,9.32701587677002,5.433428764343262,224,0.7,0
smol360,test_medium_code,medium,wcell1,WCell-1 X²·W²,weighted,13,0.75,0.932706356048584,0.5483759641647339,5.5484514236450195,0.17499999701976776,3.893587112426758,8.741206169128418,4.84761905670166,224,0.75,0
smol360,test_medium_code,medium,wcell1,WCell-1 X²·W²,weighted,14,0.8,0.8670719861984253,0.461264967918396,4.283396244049072,0.23749999701976776,3.893587112426758,7.073503494262695,3.1799163818359375,224,0.8,0
smol360,test_medium_code,medium,wcell1,WCell-1 X²·W²,weighted,15,0.85,0.6684918403625488,0.2514878511428833,2.4598166942596436,0.36250001192092896,3.893587112426758,5.532275676727295,1.638688564300537,224,0.8499999999999998,0
smol360,test_medium_code,medium,wcell1,WCell-1 X²·W²,weighted,16,0.9,0.5712213516235352,0.1755896806716919,1.271349310874939,0.6000000238418579,3.893587112426758,4.705146312713623,0.8115592002868652,224,0.9000000000000002,0
smol360,test_medium_code,medium,wcell1,WCell-1 X²·W²,weighted,17,0.95,0.4587447941303253,0.11025553941726685,0.5838541388511658,0.675000011920929,3.893587112426758,3.9729864597320557,0.07939934730529785,224,0.9499999999999998,0
smol360,test_long_structured,long,paper,Paper |x|,abs,0,0.1,1.524248480796814,0.9352774620056152,19.83700942993164,0.0,4.5072455406188965,21.960575103759766,17.45332908630371,224,0.1,0
smol360,test_long_structured,long,paper,Paper |x|,abs,1,0.15,1.8250036239624023,1.0427331924438477,12.04861068725586,0.011560693383216858,4.5072455406188965,15.469313621520996,10.962068557739258,224,0.14999999999999997,0
smol360,test_long_structured,long,paper,Paper |x|,abs,2,0.2,1.6493419408798218,1.161864995956421,15.86351490020752,0.0,4.5072455406188965,18.535682678222656,14.028436660766602,224,0.2,0
smol360,test_long_structured,long,paper,Paper |x|,abs,3,0.25,1.4474859237670898,0.9507280588150024,10.650129318237305,0.023121386766433716,4.5072455406188965,13.914590835571289,9.407344818115234,224,0.25,0
smol360,test_long_structured,long,paper,Paper |x|,abs,4,0.3,1.4411132335662842,1.0341649055480957,12.89897632598877,0.0,4.5072455406188965,16.16183090209961,11.654584884643555,224,0.29999999999999993,0
smol360,test_long_structured,long,paper,Paper |x|,abs,5,0.35,1.8101140260696411,0.9911956191062927,10.004257202148438,0.0,4.5072455406188965,13.217164039611816,8.709918975830078,224,0.35,0
smol360,test_long_structured,long,paper,Paper |x|,abs,6,0.4,1.184144377708435,0.83230060338974,11.482501029968262,0.0,4.5072455406188965,14.364362716674805,9.85711669921875,224,0.4,0
smol360,test_long_structured,long,paper,Paper |x|,abs,7,0.45,1.681997299194336,1.0758297443389893,12.230039596557617,0.0,4.5072455406188965,15.337267875671387,10.830022811889648,224,0.4500000000000001,0
smol360,test_long_structured,long,paper,Paper |x|,abs,8,0.5,1.0653847455978394,0.7357277274131775,7.324801445007324,0.05780346691608429,4.5072455406188965,10.907987594604492,6.400742053985596,224,0.5,0
smol360,test_long_structured,long,paper,Paper |x|,abs,9,0.55,0.9545590281486511,0.6300299167633057,6.069340705871582,0.034682080149650574,4.5072455406188965,9.400626182556152,4.893380641937256,224,0.5499999999999999,0
smol360,test_long_structured,long,paper,Paper |x|,abs,10,0.6,1.1913255453109741,0.802436113357544,8.706589698791504,0.005780346691608429,4.5072455406188965,12.411267280578613,7.904021739959717,224,0.5999999999999999,0
smol360,test_long_structured,long,paper,Paper |x|,abs,11,0.65,0.9738653898239136,0.5839742422103882,5.052419662475586,0.08670520037412643,4.5072455406188965,8.434210777282715,3.9269652366638184,224,0.6500000000000001,0
smol360,test_long_structured,long,paper,Paper |x|,abs,12,0.7,0.9270983934402466,0.5121874809265137,4.793400287628174,0.13294798135757446,4.5072455406188965,8.160399436950684,3.653153896331787,224,0.7,0
smol360,test_long_structured,long,paper,Paper |x|,abs,13,0.75,0.8906402587890625,0.46538305282592773,4.187613487243652,0.17341040074825287,4.5072455406188965,7.61224365234375,3.1049981117248535,224,0.75,0
smol360,test_long_structured,long,paper,Paper |x|,abs,14,0.8,0.8573260307312012,0.3751283884048462,3.5811526775360107,0.20809248089790344,4.5072455406188965,7.2222700119018555,2.715024471282959,224,0.8,0
smol360,test_long_structured,long,paper,Paper |x|,abs,15,0.85,0.7836576700210571,0.2747257947921753,2.262528657913208,0.3641618490219116,4.5072455406188965,5.90038537979126,1.3931398391723633,224,0.8499999999999998,0
smol360,test_long_structured,long,paper,Paper |x|,abs,16,0.9,0.6074366569519043,0.16604620218276978,1.0582983493804932,0.5028901696205139,4.5072455406188965,4.909732818603516,0.40248727798461914,224,0.9000000000000002,0
smol360,test_long_structured,long,paper,Paper |x|,abs,17,0.95,0.33960533142089844,0.0587119460105896,0.373807430267334,0.676300585269928,4.5072455406188965,4.510552406311035,0.003306865692138672,224,0.9499999999999998,0
smol360,test_long_structured,long,cell1_abs,Cell-1 |x|,abs,0,0.1,1.657105565071106,1.1677401065826416,14.967021942138672,0.0,4.5072455406188965,17.81525421142578,13.308008193969727,224,0.1,0
smol360,test_long_structured,long,cell1_abs,Cell-1 |x|,abs,1,0.15,1.3060837984085083,0.9487132430076599,16.12816047668457,0.0,4.5072455406188965,19.03938865661621,14.532142639160156,224,0.14999999999999997,0
smol360,test_long_structured,long,cell1_abs,Cell-1 |x|,abs,2,0.2,1.4557780027389526,1.0578316450119019,13.502647399902344,0.0,4.5072455406188965,16.827547073364258,12.320301055908203,224,0.2,0
smol360,test_long_structured,long,cell1_abs,Cell-1 |x|,abs,3,0.25,1.4973887205123901,0.9512726664543152,14.132525444030762,0.023121386766433716,4.5072455406188965,16.545257568359375,12.03801155090332,224,0.25,0
smol360,test_long_structured,long,cell1_abs,Cell-1 |x|,abs,4,0.3,1.5163012742996216,1.0327929258346558,11.240735054016113,0.0,4.5072455406188965,14.196846961975098,9.68960189819336,224,0.29999999999999993,0
smol360,test_long_structured,long,cell1_abs,Cell-1 |x|,abs,5,0.35,1.3142591714859009,0.9854591488838196,9.509546279907227,0.0,4.5072455406188965,12.392657279968262,7.885411739349365,224,0.35,0
smol360,test_long_structured,long,cell1_abs,Cell-1 |x|,abs,6,0.4,1.4971096515655518,0.9644639492034912,10.96180248260498,0.0,4.5072455406188965,14.449762344360352,9.942516326904297,224,0.4,0
smol360,test_long_structured,long,cell1_abs,Cell-1 |x|,abs,7,0.45,1.2698559761047363,0.8685324192047119,11.752631187438965,0.0,4.5072455406188965,15.342884063720703,10.835638046264648,224,0.4500000000000001,0
smol360,test_long_structured,long,cell1_abs,Cell-1 |x|,abs,8,0.5,1.506138801574707,0.7028099894523621,8.41830825805664,0.005780346691608429,4.5072455406188965,11.55202579498291,7.044780254364014,224,0.5,0
smol360,test_long_structured,long,cell1_abs,Cell-1 |x|,abs,9,0.55,1.2296133041381836,0.7513066530227661,9.584419250488281,0.0,4.5072455406188965,13.072169303894043,8.564924240112305,224,0.5499999999999999,0
smol360,test_long_structured,long,cell1_abs,Cell-1 |x|,abs,10,0.6,0.9449208378791809,0.5323718190193176,6.709909915924072,0.05780346691608429,4.5072455406188965,10.339640617370605,5.832395076751709,224,0.5999999999999999,0
smol360,test_long_structured,long,cell1_abs,Cell-1 |x|,abs,11,0.65,0.9608434438705444,0.5858644843101501,6.3415608406066895,0.04624277353286743,4.5072455406188965,9.999855041503906,5.49260950088501,224,0.6500000000000001,0
smol360,test_long_structured,long,cell1_abs,Cell-1 |x|,abs,12,0.7,0.9002201557159424,0.537422776222229,5.881937503814697,0.06936416029930115,4.5072455406188965,9.539631843566895,5.032386302947998,224,0.7,0
smol360,test_long_structured,long,cell1_abs,Cell-1 |x|,abs,13,0.75,0.8356770277023315,0.43441998958587646,5.095815181732178,0.08670520037412643,4.5072455406188965,8.69622802734375,4.1889824867248535,224,0.75,0
smol360,test_long_structured,long,cell1_abs,Cell-1 |x|,abs,14,0.8,0.8069409132003784,0.3922489285469055,4.338438510894775,0.15606936812400818,4.5072455406188965,7.8485846519470215,3.341339111328125,224,0.8,0
smol360,test_long_structured,long,cell1_abs,Cell-1 |x|,abs,15,0.85,0.7387270331382751,0.31677955389022827,3.219789981842041,0.236994206905365,4.5072455406188965,6.8743414878845215,2.367095947265625,224,0.8499999999999998,0
smol360,test_long_structured,long,cell1_abs,Cell-1 |x|,abs,16,0.9,0.6510189175605774,0.19820433855056763,1.5728191137313843,0.4046242833137512,4.5072455406188965,5.389094352722168,0.8818488121032715,224,0.9000000000000002,0
smol360,test_long_structured,long,cell1_abs,Cell-1 |x|,abs,17,0.95,0.40070322155952454,0.08204853534698486,0.5465345978736877,0.6011560559272766,4.5072455406188965,4.663156986236572,0.15591144561767578,224,0.9499999999999998,0
smol360,test_long_structured,long,cell1_x2,Cell-1 X²,x2,0,0.1,1.5376214981079102,0.9468319416046143,17.461261749267578,0.0,4.5072455406188965,19.952617645263672,15.445371627807617,224,0.1,0
smol360,test_long_structured,long,cell1_x2,Cell-1 X²,x2,1,0.15,1.3147664070129395,0.9870108962059021,14.751542091369629,0.0,4.5072455406188965,17.774646759033203,13.267400741577148,224,0.14999999999999997,0
smol360,test_long_structured,long,cell1_x2,Cell-1 X²,x2,2,0.2,1.2586824893951416,0.9013707041740417,12.241791725158691,0.0,4.5072455406188965,15.546540260314941,11.039295196533203,224,0.2,0
smol360,test_long_structured,long,cell1_x2,Cell-1 X²,x2,3,0.25,1.3746442794799805,0.9726809859275818,18.00787353515625,0.0,4.5072455406188965,20.716449737548828,16.209203720092773,224,0.25,0
smol360,test_long_structured,long,cell1_x2,Cell-1 X²,x2,4,0.3,1.3544855117797852,0.9976696968078613,12.868552207946777,0.0,4.5072455406188965,15.84387493133545,11.336629867553711,224,0.29999999999999993,0
smol360,test_long_structured,long,cell1_x2,Cell-1 X²,x2,5,0.35,1.6528335809707642,0.9986949563026428,10.508689880371094,0.0,4.5072455406188965,13.949674606323242,9.442428588867188,224,0.35,0
smol360,test_long_structured,long,cell1_x2,Cell-1 X²,x2,6,0.4,1.2061057090759277,0.7435274124145508,11.042065620422363,0.028901733458042145,4.5072455406188965,14.863482475280762,10.356237411499023,224,0.4,0
smol360,test_long_structured,long,cell1_x2,Cell-1 X²,x2,7,0.45,1.2736176252365112,0.8966319561004639,13.182950973510742,0.0,4.5072455406188965,16.59158706665039,12.084341049194336,224,0.4500000000000001,0
smol360,test_long_structured,long,cell1_x2,Cell-1 X²,x2,8,0.5,1.3669140338897705,0.8281177878379822,9.605669975280762,0.05202312022447586,4.5072455406188965,13.437474250793457,8.930229187011719,224,0.5,0
smol360,test_long_structured,long,cell1_x2,Cell-1 X²,x2,9,0.55,1.8387491703033447,1.1188771724700928,10.750221252441406,0.005780346691608429,4.5072455406188965,13.926806449890137,9.419561386108398,224,0.5499999999999999,0
smol360,test_long_structured,long,cell1_x2,Cell-1 X²,x2,10,0.6,0.9638941884040833,0.6315885782241821,6.4970011711120605,0.10982658714056015,4.5072455406188965,9.952404022216797,5.4451584815979,224,0.5999999999999999,0
smol360,test_long_structured,long,cell1_x2,Cell-1 X²,x2,11,0.65,0.8931729197502136,0.5246090888977051,5.75153112411499,0.09826589375734329,4.5072455406188965,9.332326889038086,4.8250813484191895,224,0.6500000000000001,0
smol360,test_long_structured,long,cell1_x2,Cell-1 X²,x2,12,0.7,0.9092183113098145,0.5240999460220337,4.812884330749512,0.06358381360769272,4.5072455406188965,8.157754898071289,3.6505093574523926,224,0.7,0
smol360,test_long_structured,long,cell1_x2,Cell-1 X²,x2,13,0.75,0.8894612789154053,0.47098660469055176,4.392536163330078,0.13294798135757446,4.5072455406188965,7.837907791137695,3.330662250518799,224,0.75,0
smol360,test_long_structured,long,cell1_x2,Cell-1 X²,x2,14,0.8,0.8054563999176025,0.3999044895172119,4.383562088012695,0.15028901398181915,4.5072455406188965,7.9674248695373535,3.460179328918457,224,0.8,0
smol360,test_long_structured,long,cell1_x2,Cell-1 X²,x2,15,0.85,0.7337394952774048,0.3054475784301758,3.056717872619629,0.24277456104755402,4.5072455406188965,6.768768310546875,2.2615227699279785,224,0.8499999999999998,0
smol360,test_long_structured,long,cell1_x2,Cell-1 X²,x2,16,0.9,0.6405431628227234,0.18396764993667603,1.6412137746810913,0.4161849617958069,4.5072455406188965,5.383720874786377,0.8764753341674805,224,0.9000000000000002,0
smol360,test_long_structured,long,cell1_x2,Cell-1 X²,x2,17,0.95,0.37842538952827454,0.07382994890213013,0.6052666902542114,0.6069363951683044,4.5072455406188965,4.669125080108643,0.1618795394897461,224,0.9499999999999998,0
smol360,test_long_structured,long,wcell1,WCell-1 X²·W²,weighted,0,0.1,1.3442206382751465,0.9526457786560059,11.587884902954102,0.0,4.5072455406188965,14.928426742553711,10.421180725097656,224,0.1,0
smol360,test_long_structured,long,wcell1,WCell-1 X²·W²,weighted,1,0.15,1.316119909286499,0.9292906522750854,12.110958099365234,0.0,4.5072455406188965,14.863383293151855,10.356138229370117,224,0.14999999999999997,0
smol360,test_long_structured,long,wcell1,WCell-1 X²·W²,weighted,2,0.2,1.327729344367981,1.015745997428894,16.143163681030273,0.0,4.5072455406188965,18.934429168701172,14.427183151245117,224,0.2,0
smol360,test_long_structured,long,wcell1,WCell-1 X²·W²,weighted,3,0.25,1.533385157585144,1.0225419998168945,12.671919822692871,0.0,4.5072455406188965,15.764052391052246,11.256807327270508,224,0.25,0
smol360,test_long_structured,long,wcell1,WCell-1 X²·W²,weighted,4,0.3,1.4634569883346558,0.9952573776245117,20.937562942504883,0.0,4.5072455406188965,23.700803756713867,19.193557739257812,224,0.29999999999999993,0
smol360,test_long_structured,long,wcell1,WCell-1 X²·W²,weighted,5,0.35,1.5646048784255981,0.9811822772026062,10.502455711364746,0.0,4.5072455406188965,13.920697212219238,9.4134521484375,224,0.35,0
smol360,test_long_structured,long,wcell1,WCell-1 X²·W²,weighted,6,0.4,1.4342966079711914,1.04076087474823,13.154609680175781,0.0,4.5072455406188965,16.466554641723633,11.959308624267578,224,0.4,0
smol360,test_long_structured,long,wcell1,WCell-1 X²·W²,weighted,7,0.45,1.2976741790771484,0.9042662382125854,12.600179672241211,0.005780346691608429,4.5072455406188965,15.646366119384766,11.139120101928711,224,0.4500000000000001,0
smol360,test_long_structured,long,wcell1,WCell-1 X²·W²,weighted,8,0.5,1.4184966087341309,1.0460666418075562,13.037701606750488,0.005780346691608429,4.5072455406188965,16.05731964111328,11.550073623657227,224,0.5,0
smol360,test_long_structured,long,wcell1,WCell-1 X²·W²,weighted,9,0.55,2.040825843811035,1.1215541362762451,11.270196914672852,0.040462426841259,4.5072455406188965,14.413086891174316,9.905841827392578,224,0.5499999999999999,0
smol360,test_long_structured,long,wcell1,WCell-1 X²·W²,weighted,10,0.6,1.0471309423446655,0.6765364408493042,7.889088153839111,0.034682080149650574,4.5072455406188965,11.531909942626953,7.024664402008057,224,0.5999999999999999,0
smol360,test_long_structured,long,wcell1,WCell-1 X²·W²,weighted,11,0.65,0.8666886687278748,0.46621644496917725,6.468026638031006,0.05780346691608429,4.5072455406188965,10.144628524780273,5.637382984161377,224,0.6500000000000001,0
smol360,test_long_structured,long,wcell1,WCell-1 X²·W²,weighted,12,0.7,0.8327639102935791,0.44122618436813354,5.024777889251709,0.13294798135757446,4.5072455406188965,8.478423118591309,3.971177577972412,224,0.7,0
smol360,test_long_structured,long,wcell1,WCell-1 X²·W²,weighted,13,0.75,0.7993347644805908,0.3895965814590454,4.8746256828308105,0.15028901398181915,4.5072455406188965,8.383268356323242,3.8760228157043457,224,0.75,0
smol360,test_long_structured,long,wcell1,WCell-1 X²·W²,weighted,14,0.8,0.7699801325798035,0.3571372628211975,4.228428840637207,0.17341040074825287,4.5072455406188965,7.733475208282471,3.226229667663574,224,0.8,0
smol360,test_long_structured,long,wcell1,WCell-1 X²·W²,weighted,15,0.85,0.7720329761505127,0.3143211603164673,3.055595636367798,0.2774566411972046,4.5072455406188965,6.6668572425842285,2.159611701965332,224,0.8499999999999998,0
smol360,test_long_structured,long,wcell1,WCell-1 X²·W²,weighted,16,0.9,0.5873315334320068,0.16595977544784546,1.6637001037597656,0.4046242833137512,4.5072455406188965,5.392199516296387,0.8849539756774902,224,0.9000000000000002,0
smol360,test_long_structured,long,wcell1,WCell-1 X²·W²,weighted,17,0.95,0.38441598415374756,0.07574421167373657,0.5606899857521057,0.6127167344093323,4.5072455406188965,4.696922779083252,0.18967723846435547,224,0.9499999999999998,0
