model,prompt,paper_budget_index,paper_budget_fraction,method,method_label,objective,feasible,target_mean_importance_loss,target_mean_error,cases,total_time_ms,mean_time_ms,total_loss,mean_loss,mean_error,mean_selected_fraction
tiny11,test_long_structured,0,0.1,paper,Paper |x|,importance_bound,True,0.8250929887096087,0.7386446854188329,21.0,15.47991600345373,0.7371388573073205,16.802454002201557,0.8001168572476932,0.7235099563286418,0.11995654085497835
tiny11,test_long_structured,0,0.1,paper,Paper |x|,error_oracle,True,0.8250929887096087,0.7386446854188329,21.0,15.47991600345373,0.7371388573073205,15.193709082901478,0.7235099563286418,0.7235099563286418,0.11995654085497835
tiny11,test_long_structured,0,0.1,cell1_x2,Cell-1 X²,importance_bound,True,0.8250929887096087,0.7386446854188329,21.0,10.276683511792362,0.48936588151392196,16.990912206470966,0.8090910574509984,0.7416694472943034,0.140525652732684
tiny11,test_long_structured,0,0.1,cell1_x2,Cell-1 X²,error_oracle,True,0.8250929887096087,0.7386446854188329,21.0,10.293979011496008,0.49018947673790514,15.462236009538174,0.7362969528351512,0.7362969528351512,0.14289730451839827
tiny11,test_long_structured,0,0.1,shifted8_x2,Shifted-8 X²,importance_bound,True,0.8250929887096087,0.7386446854188329,21.0,11.627308000584485,0.553681333361166,17.29308618605137,0.8234802945738747,0.7585586933862596,0.12623655641233766
tiny11,test_long_structured,0,0.1,shifted8_x2,Shifted-8 X²,error_oracle,True,0.8250929887096087,0.7386446854188329,21.0,11.793230501182437,0.5615824048182113,15.17007078975439,0.7223843233216376,0.7223843233216376,0.16671739718614717
tiny11,test_long_structured,0,0.1,adaptive8_x2,Adaptive-8 X²,importance_bound,True,0.8250929887096087,0.7386446854188329,21.0,12.467743507241607,0.5937020717734098,17.294120028614998,0.8235295251721427,0.7488518939131782,0.12388815611471861
tiny11,test_long_structured,0,0.1,adaptive8_x2,Adaptive-8 X²,error_oracle,True,0.8250929887096087,0.7386446854188329,21.0,12.507529506641271,0.5955966431733939,15.466573625802994,0.7365035059906188,0.7365035059906188,0.13100311147186147
tiny11,test_long_structured,1,0.15,paper,Paper |x|,importance_bound,True,0.7662179995150793,0.6870195177339372,21.0,15.6031920044567,0.7430091430693666,15.655532740056515,0.7455015590503102,0.6721046201529957,0.17250490395021645
tiny11,test_long_structured,1,0.15,paper,Paper |x|,error_oracle,True,0.7662179995150793,0.6870195177339372,21.0,15.557434506367684,0.7408302145889374,14.315399833023548,0.6816857063344547,0.6816857063344547,0.1532991747835498
tiny11,test_long_structured,1,0.15,cell1_x2,Cell-1 X²,importance_bound,True,0.7662179995150793,0.6870195177339372,21.0,10.49225751048565,0.4996313100231262,15.626017563045025,0.7440960744307155,0.683394373527595,0.20007271374458874
tiny11,test_long_structured,1,0.15,cell1_x2,Cell-1 X²,error_oracle,True,0.7662179995150793,0.6870195177339372,21.0,10.509553010189297,0.5004549052471093,14.238459460437298,0.6780218790684428,0.6780218790684428,0.202444365530303
tiny11,test_long_structured,1,0.15,shifted8_x2,Shifted-8 X²,importance_bound,True,0.7662179995150793,0.6870195177339372,21.0,11.9631930031237,0.5696758572916047,15.642999239265919,0.7449047256793294,0.686567692174798,0.20959314123376624
tiny11,test_long_structured,1,0.15,shifted8_x2,Shifted-8 X²,error_oracle,True,0.7662179995150793,0.6870195177339372,21.0,11.9631930031237,0.5696758572916047,14.417921535670757,0.686567692174798,0.686567692174798,0.20959314123376624
tiny11,test_long_structured,1,0.15,adaptive8_x2,Adaptive-8 X²,importance_bound,True,0.7662179995150793,0.6870195177339372,21.0,12.799388009786487,0.6094946671326898,15.679780550301075,0.7466562166810036,0.6779969430395535,0.20484983766233766
tiny11,test_long_structured,1,0.15,adaptive8_x2,Adaptive-8 X²,error_oracle,True,0.7662179995150793,0.6870195177339372,21.0,12.833770509110808,0.6111319290052766,14.020890854299068,0.6676614692523366,0.6676614692523366,0.20959314123376624
tiny11,test_long_structured,2,0.2,paper,Paper |x|,importance_bound,True,0.710356871287028,0.6453553933118071,21.0,15.72807300559622,0.7489558574093438,14.768470227718353,0.7032604870342073,0.6333570352622441,0.21312736742424243
tiny11,test_long_structured,2,0.2,paper,Paper |x|,error_oracle,True,0.710356871287028,0.6453553933118071,21.0,15.687767005054893,0.747036524050233,13.494879819452763,0.6426133247358459,0.6426133247358459,0.19861843885281386
tiny11,test_long_structured,2,0.2,cell1_x2,Cell-1 X²,importance_bound,True,0.710356871287028,0.6453553933118071,21.0,10.722845010247232,0.5106116671546301,14.42299259454012,0.6868091711685771,0.6372268776453677,0.25482996820887444
tiny11,test_long_structured,2,0.2,cell1_x2,Cell-1 X²,error_oracle,True,0.710356871287028,0.6453553933118071,21.0,10.672131010345879,0.5081967147783752,13.452458545565605,0.6405932640745526,0.6405932640745526,0.24532010957792205
tiny11,test_long_structured,2,0.2,shifted8_x2,Shifted-8 X²,importance_bound,True,0.710356871287028,0.6453553933118071,21.0,12.324367001391947,0.5868746191139023,14.208170659840107,0.6765795552304813,0.6301839251426005,0.28102171266233766
tiny11,test_long_structured,2,0.2,shifted8_x2,Shifted-8 X²,error_oracle,True,0.710356871287028,0.6453553933118071,21.0,12.277078000344991,0.58462276192119,13.307006597518921,0.6336669808342343,0.6336669808342343,0.26195549242424243
tiny11,test_long_structured,2,0.2,adaptive8_x2,Adaptive-8 X²,importance_bound,True,0.710356871287028,0.6453553933118071,21.0,13.209167009683727,0.6290079528420822,14.144032053649426,0.6735253358880678,0.6161955778620073,0.2810449641504329
tiny11,test_long_structured,2,0.2,adaptive8_x2,Adaptive-8 X²,error_oracle,True,0.710356871287028,0.6453553933118071,21.0,13.049718509536087,0.621415167120766,13.300932742655277,0.6333777496502513,0.6333777496502513,0.24770233022186147
tiny11,test_long_structured,3,0.25,paper,Paper |x|,importance_bound,True,0.6529119468870617,0.5907168700581505,21.0,15.956323507159473,0.7598249289123559,13.61339196562767,0.6482567602679843,0.5893445940954345,0.26604775432900435
tiny11,test_long_structured,3,0.25,paper,Paper |x|,error_oracle,True,0.6529119468870617,0.5907168700581505,21.0,16.0316980051235,0.7634141907201666,11.9205901324749,0.5676471491654714,0.5676471491654714,0.2871601055194805
tiny11,test_long_structured,3,0.25,cell1_x2,Cell-1 X²,importance_bound,True,0.6529119468870617,0.5907168700581505,21.0,10.890766009764494,0.5186079052268807,13.644248209893703,0.6497261052330335,0.6039091822292123,0.30007736404220775
tiny11,test_long_structured,3,0.25,cell1_x2,Cell-1 X²,error_oracle,True,0.6529119468870617,0.5907168700581505,21.0,11.00215051191175,0.5239119291386548,12.192713420838118,0.5806054009922913,0.5806054009922913,0.3215152360660173
tiny11,test_long_structured,3,0.25,shifted8_x2,Shifted-8 X²,importance_bound,True,0.6529119468870617,0.5907168700581505,21.0,12.549935502044558,0.5976159762878361,13.41868794709444,0.6389851403378305,0.5970419364138728,0.31913090165043284
tiny11,test_long_structured,3,0.25,shifted8_x2,Shifted-8 X²,error_oracle,True,0.6529119468870617,0.5907168700581505,21.0,12.746506999394535,0.6069765237806921,11.964501477777958,0.5697381656084742,0.5697381656084742,0.33338406385281383
tiny11,test_long_structured,3,0.25,adaptive8_x2,Adaptive-8 X²,importance_bound,True,0.6529119468870617,0.5907168700581505,21.0,13.416825008344352,0.6388964289687786,13.397078208625317,0.6379561051726341,0.5841884466686419,0.3167592498647186
tiny11,test_long_structured,3,0.25,adaptive8_x2,Adaptive-8 X²,error_oracle,True,0.6529119468870617,0.5907168700581505,21.0,13.360834010058044,0.636230190955145,12.291963994503021,0.5853316187858582,0.5853316187858582,0.2929264745670996
tiny11,test_long_structured,4,0.3,paper,Paper |x|,importance_bound,True,0.599775241953986,0.5441081406814712,21.0,16.227805006009103,0.7727526193337668,12.580463320016861,0.5990696819055648,0.541972834971689,0.32519954004329
tiny11,test_long_structured,4,0.3,paper,Paper |x|,error_oracle,True,0.599775241953986,0.5441081406814712,21.0,16.216701006042424,0.7722238574305916,11.299078539013863,0.5380513590006601,0.5380513590006601,0.3061798227813852
tiny11,test_long_structured,4,0.3,cell1_x2,Cell-1 X²,importance_bound,True,0.599775241953986,0.5441081406814712,21.0,11.256762011413993,0.5360362862578092,12.528038330376148,0.5965732538274356,0.5644036535883233,0.35722952178030304
tiny11,test_long_structured,4,0.3,cell1_x2,Cell-1 X²,error_oracle,True,0.599775241953986,0.5441081406814712,21.0,11.65364200625092,0.5549353336309961,11.035685580223799,0.5255088371535143,0.5255088371535143,0.3619728253517316
tiny11,test_long_structured,4,0.3,shifted8_x2,Shifted-8 X²,importance_bound,True,0.599775241953986,0.5441081406814712,21.0,12.857221502233147,0.6122486429634831,12.541050218045712,0.5971928675259862,0.5630452820055541,0.3572400906385281
tiny11,test_long_structured,4,0.3,shifted8_x2,Shifted-8 X²,error_oracle,True,0.599775241953986,0.5441081406814712,21.0,13.104002003137706,0.6240000953875098,11.416492557153106,0.5436425027215764,0.5436425027215764,0.3690983495670995
tiny11,test_long_structured,4,0.3,adaptive8_x2,Adaptive-8 X²,importance_bound,True,0.599775241953986,0.5441081406814712,21.0,13.724268005865929,0.6535365717079014,12.535695038735867,0.5969378589874222,0.5431998466984147,0.3548451873647186
tiny11,test_long_structured,4,0.3,adaptive8_x2,Adaptive-8 X²,error_oracle,True,0.599775241953986,0.5441081406814712,21.0,13.738813505694326,0.6542292145568727,11.337458424270153,0.539878972584293,0.539878972584293,0.3405222706980519
tiny11,test_long_structured,5,0.35,paper,Paper |x|,importance_bound,True,0.550821324189504,0.5065852635140929,21.0,16.986968500798586,0.8089032619427898,11.323706313967705,0.5392241101889383,0.4883302627131343,0.3868159834956709
tiny11,test_long_structured,5,0.35,paper,Paper |x|,error_oracle,True,0.550821324189504,0.5065852635140929,21.0,16.48532650087041,0.7850155476604957,10.614786140620708,0.5054660066962242,0.5054660066962242,0.3414755817099567
tiny11,test_long_structured,5,0.35,cell1_x2,Cell-1 X²,importance_bound,True,0.550821324189504,0.5065852635140929,21.0,12.538489510424196,0.5970709290678189,10.870988763868809,0.5176661316128004,0.4933948620621647,0.4310064935064935
tiny11,test_long_structured,5,0.35,cell1_x2,Cell-1 X²,error_oracle,True,0.550821324189504,0.5065852635140929,21.0,12.34456100691861,0.5878362384246957,10.290801084600389,0.49003814688573283,0.49003814688573283,0.41433517654220775
tiny11,test_long_structured,5,0.35,shifted8_x2,Shifted-8 X²,importance_bound,True,0.550821324189504,0.5065852635140929,21.0,13.816821997962892,0.6579439046648996,11.376937665045261,0.5417589364307267,0.5180154920866092,0.4048126352813852
tiny11,test_long_structured,5,0.35,shifted8_x2,Shifted-8 X²,error_oracle,True,0.550821324189504,0.5065852635140929,21.0,13.900223505489707,0.6619154050233194,10.476563489064574,0.49888397566974163,0.49888397566974163,0.40957919034090906
tiny11,test_long_structured,5,0.35,adaptive8_x2,Adaptive-8 X²,importance_bound,True,0.550821324189504,0.5065852635140929,21.0,14.365970011207637,0.6840938100575065,11.484084948897362,0.5468611880427315,0.5000380202240887,0.3976871110660173
tiny11,test_long_structured,5,0.35,adaptive8_x2,Adaptive-8 X²,error_oracle,True,0.550821324189504,0.5065852635140929,21.0,14.17072501516306,0.674796429293479,10.585130637511611,0.5040538398815053,0.5040538398815053,0.3833874458874459
tiny11,test_long_structured,6,0.4,paper,Paper |x|,importance_bound,True,0.4999359264260247,0.4616387277131989,21.0,17.95987749183536,0.8552322615159695,10.431199207901955,0.496723771804855,0.4511376086711174,0.42989042207792205
tiny11,test_long_structured,6,0.4,paper,Paper |x|,error_oracle,True,0.4999359264260247,0.4616387277131989,21.0,18.29227599662328,0.8710607617439659,9.05636068340391,0.4312552706382814,0.4312552706382814,0.43444771374458874
tiny11,test_long_structured,6,0.4,cell1_x2,Cell-1 X²,importance_bound,True,0.4999359264260247,0.4616387277131989,21.0,13.660098507958887,0.6504808813313756,9.731635548174381,0.46341121657973244,0.4590870792134887,0.48815865124458874
tiny11,test_long_structured,6,0.4,cell1_x2,Cell-1 X²,error_oracle,True,0.4999359264260247,0.4616387277131989,21.0,13.246585002607405,0.6307897620289241,9.500350966118276,0.45239766505325124,0.45239766505325124,0.45242111404220775
tiny11,test_long_structured,6,0.4,shifted8_x2,Shifted-8 X²,importance_bound,True,0.4999359264260247,0.4616387277131989,21.0,14.962317492621544,0.7124913091724545,10.278081186115742,0.48943243743408293,0.4808776853162618,0.4571982379599567
tiny11,test_long_structured,6,0.4,shifted8_x2,Shifted-8 X²,error_oracle,True,0.4999359264260247,0.4616387277131989,21.0,15.142219502478719,0.7210580715466056,9.389110466465354,0.4471004984031121,0.4471004984031121,0.46912625135281383
tiny11,test_long_structured,6,0.4,adaptive8_x2,Adaptive-8 X²,importance_bound,True,0.4999359264260247,0.4616387277131989,21.0,16.78941351397806,0.7994958816180029,9.290080949664116,0.4423848071268627,0.40894673578441143,0.5095965232683982
tiny11,test_long_structured,6,0.4,adaptive8_x2,Adaptive-8 X²,error_oracle,True,0.4999359264260247,0.4616387277131989,21.0,15.260485023430522,0.726689763020501,9.533106064423919,0.45395743163923424,0.45395743163923424,0.4405396036255411
tiny11,test_long_structured,7,0.45,paper,Paper |x|,importance_bound,True,0.45520398588407607,0.43592354256127563,21.0,19.155975990356687,0.912189332874128,9.50218902528286,0.4524851916801362,0.41643557444747004,0.47750946969696967
tiny11,test_long_structured,7,0.45,paper,Paper |x|,error_oracle,True,0.45520398588407607,0.43592354256127563,21.0,18.29227599662328,0.8710607617439659,9.05636068340391,0.4312552706382814,0.4312552706382814,0.43444771374458874
tiny11,test_long_structured,7,0.45,cell1_x2,Cell-1 X²,importance_bound,True,0.45520398588407607,0.43592354256127563,21.0,14.069539008704066,0.6699780480335269,9.376920320093632,0.4465200152425539,0.44180377581644625,0.5072016199945887
tiny11,test_long_structured,7,0.45,cell1_x2,Cell-1 X²,error_oracle,True,0.45520398588407607,0.43592354256127563,21.0,14.031598504885137,0.6681713573754827,8.895326509140432,0.42358697662573486,0.42358697662573486,0.4952736066017316
tiny11,test_long_structured,7,0.45,shifted8_x2,Shifted-8 X²,importance_bound,True,0.45520398588407607,0.43592354256127563,21.0,16.15728949385953,0.7693947378028347,9.303545899689198,0.4430259952232951,0.43749117718211245,0.5143736471861471
tiny11,test_long_structured,7,0.45,shifted8_x2,Shifted-8 X²,error_oracle,True,0.45520398588407607,0.43592354256127563,21.0,15.478651502701284,0.7370786429857754,9.122880002483726,0.4344228572611298,0.4344228572611298,0.4810310132575757
tiny11,test_long_structured,7,0.45,adaptive8_x2,Adaptive-8 X²,importance_bound,True,0.45520398588407607,0.43592354256127563,21.0,16.78941351397806,0.7994958816180029,9.290080949664116,0.4423848071268627,0.40894673578441143,0.5095965232683982
tiny11,test_long_structured,7,0.45,adaptive8_x2,Adaptive-8 X²,error_oracle,True,0.45520398588407607,0.43592354256127563,21.0,16.135627512457425,0.768363214878925,8.814235335215926,0.41972549215313937,0.41972549215313937,0.4786720441017316
tiny11,test_long_structured,8,0.5,paper,Paper |x|,importance_bound,True,0.40722159828458515,0.40355569408053443,21.0,20.9540379999004,0.9978113333285905,8.411886557936668,0.4005660265684128,0.3698629664611958,0.5416603253517316
tiny11,test_long_structured,8,0.5,paper,Paper |x|,error_oracle,True,0.40722159828458515,0.40355569408053443,21.0,19.57017049219561,0.9319128805807434,8.187236494384706,0.3898684044945098,0.3898684044945098,0.49164637445887444
tiny11,test_long_structured,8,0.5,cell1_x2,Cell-1 X²,importance_bound,True,0.40722159828458515,0.40355569408053443,21.0,15.612387010819196,0.7434470005151999,8.491762086749077,0.4043696231785275,0.3956542150117457,0.5715046672077922
tiny11,test_long_structured,8,0.5,cell1_x2,Cell-1 X²,error_oracle,True,0.40722159828458515,0.40355569408053443,21.0,14.958722001800536,0.7123200953238351,8.298726418055594,0.3951774484788378,0.3951774484788378,0.5357776988636364
tiny11,test_long_structured,8,0.5,shifted8_x2,Shifted-8 X²,importance_bound,True,0.40722159828458515,0.40355569408053443,21.0,17.40033349997973,0.8285873095228443,8.535498224198818,0.4064522963904199,0.3887996349838518,0.562009604978355
tiny11,test_long_structured,8,0.5,shifted8_x2,Shifted-8 X²,error_oracle,True,0.40722159828458515,0.40355569408053443,21.0,16.59949649112809,0.7904522138632424,8.42131150700152,0.401014833666739,0.401014833666739,0.5310682156385281
tiny11,test_long_structured,8,0.5,adaptive8_x2,Adaptive-8 X²,importance_bound,True,0.40722159828458515,0.40355569408053443,21.0,17.91945101806706,0.8533071913365268,8.508473739027977,0.4051654161441894,0.3882020151774798,0.5596104741612554
tiny11,test_long_structured,8,0.5,adaptive8_x2,Adaptive-8 X²,error_oracle,True,0.40722159828458515,0.40355569408053443,21.0,16.910406007987916,0.8052574289518055,8.349235339090228,0.39758263519477277,0.39758263519477277,0.5096197747564934
tiny11,test_long_structured,9,0.55,paper,Paper |x|,importance_bound,True,0.36208499045599074,0.36587738365467104,21.0,22.916090016850298,1.091242381754776,7.558084420859814,0.3599087819457054,0.343694183709366,0.589260349025974
tiny11,test_long_structured,9,0.55,paper,Paper |x|,error_oracle,True,0.36208499045599074,0.36587738365467104,21.0,20.837005997175694,0.9922383808178902,7.654681912623346,0.3645086625058736,0.3645086625058736,0.5225962188852813
tiny11,test_long_structured,9,0.55,cell1_x2,Cell-1 X²,importance_bound,True,0.36208499045599074,0.36587738365467104,21.0,17.929991005931438,0.8538090955205446,7.599868334829807,0.3618984921347527,0.35301880114933565,0.6167774283008659
tiny11,test_long_structured,9,0.55,cell1_x2,Cell-1 X²,error_oracle,True,0.36208499045599074,0.36587738365467104,21.0,16.610042509103117,0.7909544051953865,7.673767217434943,0.3654174865445211,0.3654174865445211,0.5738826603084416
tiny11,test_long_structured,9,0.55,shifted8_x2,Shifted-8 X²,importance_bound,True,0.36208499045599074,0.36587738365467104,21.0,19.960176988522893,0.9504846185010901,7.530321300029755,0.35858672857284546,0.35169520097163814,0.6215355282738095
tiny11,test_long_structured,9,0.55,shifted8_x2,Shifted-8 X²,error_oracle,True,0.36208499045599074,0.36587738365467104,21.0,18.703584993915857,0.8906469044721836,7.610984465107322,0.3624278316717772,0.3624278316717772,0.5857958772997836
tiny11,test_long_structured,9,0.55,adaptive8_x2,Adaptive-8 X²,importance_bound,True,0.36208499045599074,0.36587738365467104,21.0,20.337236517853377,0.9684398341834941,7.513566672801971,0.35778888918104623,0.34770528302483616,0.6096265388257576
tiny11,test_long_structured,9,0.55,adaptive8_x2,Adaptive-8 X²,error_oracle,True,0.36208499045599074,0.36587738365467104,21.0,18.468876018385885,0.8794702865898041,7.6828300300985575,0.36584904905231225,0.36584904905231225,0.5644002807088745
tiny11,test_long_structured,10,0.6,paper,Paper |x|,importance_bound,True,0.318444413798196,0.33725432417399825,21.0,27.159445494922043,1.293306928329621,6.19074684381485,0.2947974687530881,0.296301577611649,0.6700698390151516
tiny11,test_long_structured,10,0.6,paper,Paper |x|,error_oracle,True,0.318444413798196,0.33725432417399825,21.0,22.623832984497188,1.0773253802141518,7.080884068273008,0.337184955632048,0.337184955632048,0.5559473079004329
tiny11,test_long_structured,10,0.6,cell1_x2,Cell-1 X²,importance_bound,True,0.318444413798196,0.33725432417399825,21.0,21.597842517749434,1.0284686913214016,6.382699340581894,0.30393806383723304,0.31269923635270624,0.6739105620941558
tiny11,test_long_structured,10,0.6,cell1_x2,Cell-1 X²,error_oracle,True,0.318444413798196,0.33725432417399825,21.0,20.140221508071605,0.9590581670510288,6.67344179097563,0.31778294242741095,0.31778294242741095,0.6333811045725108
tiny11,test_long_structured,10,0.6,shifted8_x2,Shifted-8 X²,importance_bound,True,0.318444413798196,0.33725432417399825,21.0,23.559409500406385,1.1218766428764946,6.2966548204422,0.2998407057353428,0.31011185308341827,0.6786517518939393
tiny11,test_long_structured,10,0.6,shifted8_x2,Shifted-8 X²,error_oracle,True,0.318444413798196,0.33725432417399825,21.0,20.606927511092184,0.9812822624329611,7.058434532955289,0.33611593014072805,0.33611593014072805,0.6191279423701298
tiny11,test_long_structured,10,0.6,adaptive8_x2,Adaptive-8 X²,importance_bound,True,0.318444413798196,0.33725432417399825,21.0,23.85335503220117,1.1358740491524366,6.359699636697769,0.3028428398427509,0.3067608745768666,0.6667448762175324
tiny11,test_long_structured,10,0.6,adaptive8_x2,Adaptive-8 X²,error_oracle,True,0.318444413798196,0.33725432417399825,21.0,21.87310201106,1.0415762862409523,6.701096968725324,0.31909985565358684,0.31909985565358684,0.6215418695887446
tiny11,test_long_structured,11,0.65,paper,Paper |x|,importance_bound,True,0.2750991299038842,0.3075304102329981,21.0,30.00836548701322,1.4289697850958676,5.366854280233383,0.255564489534923,0.26996893100329633,0.7081515489718615
tiny11,test_long_structured,11,0.65,paper,Paper |x|,error_oracle,True,0.2750991299038842,0.3075304102329981,21.0,25.691678482146028,1.2234132610545727,6.264696798287332,0.29831889515653964,0.29831889515653964,0.6083117728625541
tiny11,test_long_structured,11,0.65,cell1_x2,Cell-1 X²,importance_bound,True,0.2750991299038842,0.3075304102329981,21.0,24.72507749902881,1.1773846428108956,5.430601000785828,0.258600047656468,0.2736685879395476,0.7191093411796536
tiny11,test_long_structured,11,0.65,cell1_x2,Cell-1 X²,error_oracle,True,0.2750991299038842,0.3075304102329981,21.0,22.654850497129505,1.0788024046252145,6.056967646814883,0.2884270308007087,0.2884270308007087,0.6714733833874459
tiny11,test_long_structured,11,0.65,shifted8_x2,Shifted-8 X²,importance_bound,True,0.2750991299038842,0.3075304102329981,21.0,25.53054551047575,1.215740262403607,5.672914206981659,0.2701387717610314,0.2849936411782567,0.7072109205898268
tiny11,test_long_structured,11,0.65,shifted8_x2,Shifted-8 X²,error_oracle,True,0.2750991299038842,0.3075304102329981,21.0,23.883243022356627,1.137297286778887,6.245867403224111,0.2974222572963862,0.2974222572963862,0.6691270968614719
tiny11,test_long_structured,11,0.65,adaptive8_x2,Adaptive-8 X²,importance_bound,True,0.2750991299038842,0.3075304102329981,21.0,26.002132025609253,1.23819676312425,5.708777964115143,0.2718465697197687,0.28605510299980996,0.7000705999729437
tiny11,test_long_structured,11,0.65,adaptive8_x2,Adaptive-8 X²,error_oracle,True,0.2750991299038842,0.3075304102329981,21.0,22.83824299604237,1.0875353807639225,6.446963684633374,0.30699827069682734,0.30699827069682734,0.6358119419642857
tiny11,test_long_structured,12,0.7,paper,Paper |x|,importance_bound,True,0.23323304596401395,0.2745164381783633,21.0,34.59954447308517,1.6475973558611985,4.101606339216232,0.19531458758172535,0.22475904032831923,0.7700723755411254
tiny11,test_long_structured,12,0.7,paper,Paper |x|,error_oracle,True,0.23323304596401395,0.2745164381783633,21.0,28.128411986486793,1.3394481898327044,5.715893789194524,0.2721854185330726,0.2721854185330726,0.6416565205627704
tiny11,test_long_structured,12,0.7,cell1_x2,Cell-1 X²,importance_bound,True,0.23323304596401395,0.2745164381783633,21.0,30.59970597993899,1.4571288561875708,3.759279638528824,0.17901331612042018,0.21607122111267277,0.8000815915854977
tiny11,test_long_structured,12,0.7,cell1_x2,Cell-1 X²,error_oracle,True,0.23323304596401395,0.2745164381783633,21.0,24.32664199564386,1.1584115236020887,5.671821744181216,0.270086749722915,0.270086749722915,0.6952829071969697
tiny11,test_long_structured,12,0.7,shifted8_x2,Shifted-8 X²,importance_bound,True,0.23323304596401395,0.2745164381783633,21.0,30.72457898755503,1.463075189883573,4.217178046703339,0.2008180022239685,0.2359989187125826,0.7786585159632035
tiny11,test_long_structured,12,0.7,shifted8_x2,Shifted-8 X²,error_oracle,True,0.23323304596401395,0.2745164381783633,21.0,26.974533493925453,1.284501594948831,5.5135512594133615,0.2625500599720648,0.2625500599720648,0.7095889136904762
tiny11,test_long_structured,12,0.7,adaptive8_x2,Adaptive-8 X²,importance_bound,True,0.23323304596401395,0.2745164381783633,21.0,29.579480017519355,1.4085466675009217,4.668973952531815,0.22233209297770545,0.24895307143396211,0.7500549580627707
tiny11,test_long_structured,12,0.7,adaptive8_x2,Adaptive-8 X²,error_oracle,True,0.23323304596401395,0.2745164381783633,21.0,26.0585589943794,1.2408837616371142,5.667410643771291,0.2698766973224424,0.2698766973224424,0.6834309895833334
tiny11,test_long_structured,13,0.75,paper,Paper |x|,importance_bound,True,0.1902812889644078,0.24166687682182303,21.0,37.381793983342895,1.7800854277782332,3.362059563398361,0.160098074447541,0.20277871494735808,0.8081604268127704
tiny11,test_long_structured,13,0.75,paper,Paper |x|,error_oracle,True,0.1902812889644078,0.24166687682182303,21.0,33.43762298318088,1.5922677611038514,4.659546292386949,0.2218831567803309,0.2218831567803309,0.7154334922889609
tiny11,test_long_structured,13,0.75,cell1_x2,Cell-1 X²,importance_bound,True,0.1902812889644078,0.24166687682182303,21.0,30.59970597993899,1.4571288561875708,3.759279638528824,0.17901331612042018,0.21607122111267277,0.8000815915854977
tiny11,test_long_structured,13,0.75,cell1_x2,Cell-1 X²,error_oracle,True,0.1902812889644078,0.24166687682182303,21.0,27.104849499242547,1.2907071190115498,5.060471297241747,0.24097482367817843,0.24097482367817843,0.7286255411255411
tiny11,test_long_structured,13,0.75,shifted8_x2,Shifted-8 X²,importance_bound,True,0.1902812889644078,0.24166687682182303,21.0,31.839368990638857,1.5161604281256598,3.916729897260666,0.18651094748860314,0.22540591596182258,0.792958181141775
tiny11,test_long_structured,13,0.75,shifted8_x2,Shifted-8 X²,error_oracle,True,0.1902812889644078,0.24166687682182303,21.0,35.096973983145965,1.671284475387903,3.8760870564728975,0.18457557411775702,0.18457557411775702,0.8072557325487013
tiny11,test_long_structured,13,0.75,adaptive8_x2,Adaptive-8 X²,importance_bound,True,0.1902812889644078,0.24166687682182303,21.0,32.69023650114738,1.556677928626066,3.79297411441803,0.18061781497228713,0.21465838883471275,0.7929053368506493
tiny11,test_long_structured,13,0.75,adaptive8_x2,Adaptive-8 X²,error_oracle,True,0.1902812889644078,0.24166687682182303,21.0,29.242578991306186,1.3925037614907707,4.984241919592023,0.23734485331390584,0.23734485331390584,0.7262644581980519
tiny11,test_long_structured,14,0.8,paper,Paper |x|,importance_bound,True,0.1513156294822693,0.21103638148910941,21.0,38.304253989373336,1.8240120947320637,3.1245255172252655,0.1487869293916793,0.19403693312224707,0.8200651887175324
tiny11,test_long_structured,14,0.8,paper,Paper |x|,error_oracle,True,0.1513156294822693,0.21103638148910941,21.0,37.11133149007941,1.7672062614323527,3.9763200944289565,0.18934857592518842,0.18934857592518842,0.7630525399080086
tiny11,test_long_structured,14,0.8,cell1_x2,Cell-1 X²,importance_bound,True,0.1513156294822693,0.21103638148910941,21.0,33.050066988031155,1.5738127137157694,3.1062020361423492,0.1479143826734452,0.19443961518949693,0.8334347943722943
tiny11,test_long_structured,14,0.8,cell1_x2,Cell-1 X²,error_oracle,True,0.1513156294822693,0.21103638148910941,21.0,32.312058015877014,1.5386694293274767,3.9944061348214746,0.19020981594387973,0.19020981594387973,0.7976888020833334
tiny11,test_long_structured,14,0.8,shifted8_x2,Shifted-8 X²,importance_bound,True,0.1513156294822693,0.21103638148910941,21.0,34.924371504255184,1.6630653097264374,3.1193076372146606,0.14853845891498385,0.20050785806961358,0.8334390219155845
tiny11,test_long_structured,14,0.8,shifted8_x2,Shifted-8 X²,error_oracle,True,0.1513156294822693,0.21103638148910941,21.0,35.096973983145965,1.671284475387903,3.8760870564728975,0.18457557411775702,0.18457557411775702,0.8072557325487013
tiny11,test_long_structured,14,0.8,adaptive8_x2,Adaptive-8 X²,importance_bound,True,0.1513156294822693,0.21103638148910941,21.0,36.87240801383293,1.7558289530396634,2.718784838914871,0.12946594471023196,0.1802542891375543,0.84766047754329
tiny11,test_long_structured,14,0.8,adaptive8_x2,Adaptive-8 X²,error_oracle,True,0.1513156294822693,0.21103638148910941,21.0,32.79570648479188,1.5617003087996133,4.265015201643109,0.2030959619830052,0.2030959619830052,0.7738835058170995
tiny11,test_long_structured,15,0.85,paper,Paper |x|,importance_bound,True,0.11308159146990095,0.17878501807960367,21.0,41.891991485711095,1.994856737414814,2.257084369659424,0.10748020807902019,0.16646472774335136,0.8653146983225108
tiny11,test_long_structured,15,0.85,paper,Paper |x|,error_oracle,True,0.11308159146990095,0.17878501807960367,21.0,39.25131798163689,1.869110380077947,3.5886981999501586,0.17089039047381707,0.17089039047381707,0.7892316017316016
tiny11,test_long_structured,15,0.85,cell1_x2,Cell-1 X²,importance_bound,True,0.11308159146990095,0.17878501807960367,21.0,36.403937500552416,1.7335208333596388,2.240190804004669,0.10667575257165092,0.1614545619425674,0.8763105384199134
tiny11,test_long_structured,15,0.85,cell1_x2,Cell-1 X²,error_oracle,True,0.11308159146990095,0.17878501807960367,21.0,35.82419900939274,1.7059142385425115,3.3010254064574838,0.15719168602178493,0.15719168602178493,0.8476879565746752
tiny11,test_long_structured,15,0.85,shifted8_x2,Shifted-8 X²,importance_bound,True,0.11308159146990095,0.17878501807960367,21.0,39.29368350732052,1.871127786062882,2.05023056268692,0.09763002679461524,0.15954521379344874,0.8858351934523809
tiny11,test_long_structured,15,0.85,shifted8_x2,Shifted-8 X²,error_oracle,True,0.11308159146990095,0.17878501807960367,21.0,36.27141148206139,1.7272100705743518,3.647727506235242,0.1737013098207258,0.1737013098207258,0.8262965875270561
tiny11,test_long_structured,15,0.85,adaptive8_x2,Adaptive-8 X²,importance_bound,True,0.11308159146990095,0.17878501807960367,21.0,39.0669799931897,1.860332380628081,2.1715938448905945,0.10340923070907593,0.15566591320869821,0.8762640354437229
tiny11,test_long_structured,15,0.85,adaptive8_x2,Adaptive-8 X²,error_oracle,True,0.11308159146990095,0.17878501807960367,21.0,37.8734179969585,1.803496095093262,3.279359938576817,0.15615999707508652,0.15615999707508652,0.8334305668290043
tiny11,test_long_structured,16,0.9,paper,Paper |x|,importance_bound,True,0.07231245438257854,0.13825706761175144,21.0,45.45078549946904,2.1643231190223355,1.465727686882019,0.06979655651819139,0.13189233494700772,0.9105853456439393
tiny11,test_long_structured,16,0.9,paper,Paper |x|,error_oracle,True,0.07231245438257854,0.13825706761175144,21.0,44.23597596623469,2.106475046011176,2.7355343094095583,0.1302635385433123,0.1302635385433123,0.8511524283008657
tiny11,test_long_structured,16,0.9,cell1_x2,Cell-1 X²,importance_bound,True,0.07231245438257854,0.13825706761175144,21.0,40.108837505696776,1.909944643128418,1.3589597940444942,0.06471237114497591,0.13103316868433637,0.9215579342532466
tiny11,test_long_structured,16,0.9,cell1_x2,Cell-1 X²,error_oracle,True,0.07231245438257854,0.13825706761175144,21.0,39.2748319893173,1.8702300947293953,2.6580303693190213,0.1265728747294772,0.1265728747294772,0.8905637006222943
tiny11,test_long_structured,16,0.9,shifted8_x2,Shifted-8 X²,importance_bound,True,0.07231245438257854,0.13825706761175144,21.0,41.71138048861802,1.9862562137437152,1.496930480003357,0.07128240380968366,0.1368434724641875,0.9144176136363636
tiny11,test_long_structured,16,0.9,shifted8_x2,Shifted-8 X²,error_oracle,True,0.07231245438257854,0.13825706761175144,21.0,42.10989145893121,2.005232926615772,2.6022866386920214,0.12391841136628673,0.12391841136628673,0.8977484104437229
tiny11,test_long_structured,16,0.9,adaptive8_x2,Adaptive-8 X²,importance_bound,True,0.07231245438257854,0.13825706761175144,21.0,42.54298445917667,2.025856402817937,1.3360174298286438,0.0636198776108878,0.12569710334009004,0.9191397794913418
tiny11,test_long_structured,16,0.9,adaptive8_x2,Adaptive-8 X²,error_oracle,True,0.07231245438257854,0.13825706761175144,21.0,41.83016347182406,1.9919125462773362,2.6124476063996553,0.12440226697141216,0.12440226697141216,0.88819204883658
tiny11,test_long_structured,17,0.95,paper,Paper |x|,importance_bound,True,0.036103288332621275,0.09725999079334235,21.0,50.62114199864651,2.410530571364119,0.7581690549850467,0.036103288332621275,0.09725999079334235,0.9487621753246752
tiny11,test_long_structured,17,0.95,paper,Paper |x|,error_oracle,True,0.036103288332621275,0.09725999079334235,21.0,50.62114199864651,2.410530571364119,2.0424598066601893,0.09725999079334235,0.09725999079334235,0.9487621753246752
tiny11,test_long_structured,17,0.95,cell1_x2,Cell-1 X²,importance_bound,False,0.036103288332621275,0.09725999079334235,,,,,,,
tiny11,test_long_structured,17,0.95,cell1_x2,Cell-1 X²,error_oracle,False,0.036103288332621275,0.09725999079334235,,,,,,,
tiny11,test_long_structured,17,0.95,shifted8_x2,Shifted-8 X²,importance_bound,False,0.036103288332621275,0.09725999079334235,,,,,,,
tiny11,test_long_structured,17,0.95,shifted8_x2,Shifted-8 X²,error_oracle,False,0.036103288332621275,0.09725999079334235,,,,,,,
tiny11,test_long_structured,17,0.95,adaptive8_x2,Adaptive-8 X²,importance_bound,False,0.036103288332621275,0.09725999079334235,,,,,,,
tiny11,test_long_structured,17,0.95,adaptive8_x2,Adaptive-8 X²,error_oracle,False,0.036103288332621275,0.09725999079334235,,,,,,,
tiny11,test_medium_code,0,0.1,paper,Paper |x|,importance_bound,True,0.8239412080673945,0.7356773891619274,21.0,15.095315011624932,0.718824524363092,17.150556907057762,0.8166931860503697,0.7317244218928474,0.1056928097943723
tiny11,test_medium_code,0,0.1,paper,Paper |x|,error_oracle,True,0.8239412080673945,0.7356773891619274,21.0,15.095315011624932,0.718824524363092,15.366212859749794,0.7317244218928474,0.7317244218928474,0.1056928097943723
tiny11,test_medium_code,0,0.1,cell1_x2,Cell-1 X²,importance_bound,True,0.8239412080673945,0.7356773891619274,21.0,9.080428504303931,0.43240135734780627,16.85038248449564,0.8023991659283638,0.744845836645081,0.14767442843614717
tiny11,test_medium_code,0,0.1,cell1_x2,Cell-1 X²,error_oracle,True,0.8239412080673945,0.7356773891619274,21.0,9.145351504471599,0.43549292878436185,15.03677573427558,0.7160369397274086,0.7160369397274086,0.16671739718614717
tiny11,test_medium_code,0,0.1,shifted8_x2,Shifted-8 X²,importance_bound,True,0.8239412080673945,0.7356773891619274,21.0,10.909469003524181,0.519498523977342,16.56560268253088,0.7888382229776609,0.7241140731743404,0.16197409361471862
tiny11,test_medium_code,0,0.1,shifted8_x2,Shifted-8 X²,error_oracle,True,0.8239412080673945,0.7356773891619274,21.0,10.89928600335151,0.5190136192072148,15.157762452960014,0.7217982120457149,0.7217982120457149,0.15720753855519481
tiny11,test_medium_code,0,0.1,adaptive8_x2,Adaptive-8 X²,importance_bound,True,0.8239412080673945,0.7356773891619274,21.0,11.308466999065937,0.5384984285269494,16.74513979256153,0.7973876091695967,0.7139357697396052,0.15245366612554112
tiny11,test_medium_code,0,0.1,adaptive8_x2,Adaptive-8 X²,error_oracle,True,0.8239412080673945,0.7356773891619274,21.0,11.318926999268236,0.5389965237746779,14.923589825630188,0.7106471345538184,0.7106471345538184,0.15005876285173161
tiny11,test_medium_code,1,0.15,paper,Paper |x|,importance_bound,True,0.7652784912359147,0.6841183789074421,21.0,15.207300510609565,0.724157167171884,15.765400186181068,0.7507333421990985,0.6803468735445113,0.17079697646103895
tiny11,test_medium_code,1,0.15,paper,Paper |x|,error_oracle,True,0.7652784912359147,0.6841183789074421,21.0,15.207300510609565,0.724157167171884,14.287284344434738,0.6803468735445113,0.6803468735445113,0.17079697646103895
tiny11,test_medium_code,1,0.15,cell1_x2,Cell-1 X²,importance_bound,True,0.7652784912359147,0.6841183789074421,21.0,9.230494503936587,0.43954735733031364,15.859378479421139,0.7552084990200543,0.6871925051368418,0.19529347605519481
tiny11,test_medium_code,1,0.15,cell1_x2,Cell-1 X²,error_oracle,True,0.7652784912359147,0.6841183789074421,21.0,9.277439501641272,0.44178283341148916,14.161247726529837,0.6743451298347541,0.6743451298347541,0.2071982379599567
tiny11,test_medium_code,1,0.15,shifted8_x2,Shifted-8 X²,importance_bound,True,0.7652784912359147,0.6841183789074421,21.0,11.411402004173755,0.5434000954368455,14.45680171996355,0.6884191295220738,0.6334589070507458,0.26197874391233766
tiny11,test_medium_code,1,0.15,shifted8_x2,Shifted-8 X²,error_oracle,True,0.7652784912359147,0.6841183789074421,21.0,11.288086503241777,0.5375279287257989,13.651957213878632,0.6500932006608873,0.6500932006608873,0.2310077617694805
tiny11,test_medium_code,1,0.15,adaptive8_x2,Adaptive-8 X²,importance_bound,True,0.7652784912359147,0.6841183789074421,21.0,11.502573496950271,0.54774159509287,15.894828878343105,0.7568966132544336,0.6754027796643121,0.19293450689935063
tiny11,test_medium_code,1,0.15,adaptive8_x2,Adaptive-8 X²,error_oracle,True,0.7652784912359147,0.6841183789074421,21.0,11.51303349715257,0.5482396903405986,14.114397034049034,0.6721141444785255,0.6721141444785255,0.19053960362554112
tiny11,test_medium_code,2,0.2,paper,Paper |x|,importance_bound,True,0.7078631456409182,0.6399319693446159,21.0,15.333464010421213,0.7301649528772006,14.854439377784729,0.7073542560849871,0.6400252225853148,0.21357971455627706
tiny11,test_medium_code,2,0.2,paper,Paper |x|,error_oracle,True,0.7078631456409182,0.6399319693446159,21.0,15.388186008905887,0.7327707623288517,13.14668807387352,0.6260327654225486,0.6260327654225486,0.22808864312770563
tiny11,test_medium_code,2,0.2,cell1_x2,Cell-1 X²,importance_bound,True,0.7078631456409182,0.6399319693446159,21.0,9.466436504833517,0.45078269070635796,14.457499124109745,0.6884523392433212,0.6294554250226134,0.26197874391233766
tiny11,test_medium_code,2,0.2,cell1_x2,Cell-1 X²,error_oracle,True,0.7078631456409182,0.6399319693446159,21.0,9.512937003381548,0.4529970001610261,12.919377628713846,0.6152084585101831,0.6152084585101831,0.2738835058170996
tiny11,test_medium_code,2,0.2,shifted8_x2,Shifted-8 X²,importance_bound,True,0.7078631456409182,0.6399319693446159,21.0,11.411402004173755,0.5434000954368455,14.45680171996355,0.6884191295220738,0.6334589070507458,0.26197874391233766
tiny11,test_medium_code,2,0.2,shifted8_x2,Shifted-8 X²,error_oracle,True,0.7078631456409182,0.6399319693446159,21.0,11.459925002859412,0.5457107144218768,13.039409965276718,0.6209242840607961,0.6209242840607961,0.2667220474837662
tiny11,test_medium_code,2,0.2,adaptive8_x2,Adaptive-8 X²,importance_bound,True,0.7078631456409182,0.6399319693446159,21.0,11.798563496839227,0.5618363569923441,14.668401189148426,0.6984952947213536,0.6254119450847307,0.2524350649350649
tiny11,test_medium_code,2,0.2,adaptive8_x2,Adaptive-8 X²,error_oracle,True,0.7078631456409182,0.6399319693446159,21.0,11.86566699894184,0.5650317618543733,12.815475046634674,0.610260716506413,0.610260716506413,0.25957327178030304
tiny11,test_medium_code,3,0.25,paper,Paper |x|,importance_bound,True,0.6531244417031606,0.5919867668833051,21.0,15.571687010786174,0.7415089052755321,13.680875718593597,0.6514702723139808,0.5982837713367882,0.27533566693722944
tiny11,test_medium_code,3,0.25,paper,Paper |x|,error_oracle,True,0.6531244417031606,0.5919867668833051,21.0,15.571652009432196,0.7415072385443903,12.351786017417908,0.5881802865437099,0.5881802865437099,0.2704993574134199
tiny11,test_medium_code,3,0.25,cell1_x2,Cell-1 X²,importance_bound,True,0.6531244417031606,0.5919867668833051,21.0,9.621280503502843,0.45815621445251636,13.607725843787193,0.6479869449422473,0.5910246672020072,0.3024595846861472
tiny11,test_medium_code,3,0.25,cell1_x2,Cell-1 X²,error_oracle,True,0.6531244417031606,0.5919867668833051,21.0,9.621280503502843,0.45815621445251636,12.411518011242151,0.5910246672020072,0.5910246672020072,0.3024595846861472
tiny11,test_medium_code,3,0.25,shifted8_x2,Shifted-8 X²,importance_bound,True,0.6531244417031606,0.5919867668833051,21.0,11.796694003343045,0.5617473334925259,13.017151109874249,0.6198643385654404,0.5737916347348974,0.3357789671266233
tiny11,test_medium_code,3,0.25,shifted8_x2,Shifted-8 X²,error_oracle,True,0.6531244417031606,0.5919867668833051,21.0,11.645874504002391,0.5545654525715424,12.3972442522645,0.5903449643935476,0.5903449643935476,0.30006468141233766
tiny11,test_medium_code,3,0.25,adaptive8_x2,Adaptive-8 X²,importance_bound,True,0.6531244417031606,0.5919867668833051,21.0,12.1756684966805,0.5797937379371666,13.214433029294014,0.6292587156806674,0.5662657756890569,0.3214687330898268
tiny11,test_medium_code,3,0.25,adaptive8_x2,Adaptive-8 X²,error_oracle,True,0.6531244417031606,0.5919867668833051,21.0,12.009790499809148,0.5718947857051975,12.335487551987171,0.5874041691422462,0.5874041691422462,0.2881260991612554
tiny11,test_medium_code,4,0.3,paper,Paper |x|,importance_bound,True,0.6002916707879021,0.5463960818236783,21.0,15.907958512650133,0.7575218339357206,12.57431185245514,0.5987767548788161,0.5436529216489622,0.33197629193722944
tiny11,test_medium_code,4,0.3,paper,Paper |x|,error_oracle,True,0.6002916707879021,0.5463960818236783,21.0,15.908312511734486,0.7575386910349755,11.266492323949933,0.5364996344738063,0.5364996344738063,0.3250473484848485
tiny11,test_medium_code,4,0.3,cell1_x2,Cell-1 X²,importance_bound,True,0.6002916707879021,0.5463960818236783,21.0,10.032752004933059,0.4777500954730028,12.583377838134766,0.5992084684826079,0.5616649457563957,0.3500553808170995
tiny11,test_medium_code,4,0.3,cell1_x2,Cell-1 X²,error_oracle,True,0.6002916707879021,0.5463960818236783,21.0,10.263760006262004,0.4887504764886669,11.184938419610262,0.5326161152195363,0.5326161152195363,0.3548219358766233
tiny11,test_medium_code,4,0.3,shifted8_x2,Shifted-8 X²,importance_bound,True,0.6002916707879021,0.5463960818236783,21.0,11.94523950462234,0.56882092879154,12.60303857177496,0.6001446938940457,0.5634395057069403,0.3476837290313852
tiny11,test_medium_code,4,0.3,shifted8_x2,Shifted-8 X²,error_oracle,True,0.6002916707879021,0.5463960818236783,21.0,12.046463508792938,0.5736411194663303,11.403099495917559,0.5430047379008361,0.5430047379008361,0.3524735355790043
tiny11,test_medium_code,4,0.3,adaptive8_x2,Adaptive-8 X²,importance_bound,True,0.6002916707879021,0.5463960818236783,21.0,12.37762699586612,0.5894108093269581,12.580146700143814,0.599054604768753,0.5393856553626912,0.35006806344696967
tiny11,test_medium_code,4,0.3,adaptive8_x2,Adaptive-8 X²,error_oracle,True,0.6002916707879021,0.5463960818236783,21.0,12.313920997640789,0.5863771903638471,11.419449545443058,0.5437833116877646,0.5437833116877646,0.33574514678030304
tiny11,test_medium_code,5,0.35,paper,Paper |x|,importance_bound,True,0.5508074079241071,0.5096217553530421,21.0,16.545295512154993,0.7878712148645235,11.450866930186749,0.5452793776279404,0.4940932503945771,0.377339945211039
tiny11,test_medium_code,5,0.35,paper,Paper |x|,error_oracle,True,0.5508074079241071,0.5096217553530421,21.0,16.211822013513743,0.7719915244530353,10.62997885979712,0.5061894695141486,0.5061894695141486,0.3486243574134199
tiny11,test_medium_code,5,0.35,cell1_x2,Cell-1 X²,importance_bound,True,0.5508074079241071,0.5096217553530421,21.0,10.830791505683242,0.5157519764611068,11.489259459078312,0.5471075932894435,0.5129016425815367,0.4024642349837662
tiny11,test_medium_code,5,0.35,cell1_x2,Cell-1 X²,error_oracle,True,0.5508074079241071,0.5096217553530421,21.0,10.798293505938888,0.5142044526637566,10.539895370602608,0.5018997795525051,0.5018997795525051,0.3857696665313852
tiny11,test_medium_code,5,0.35,shifted8_x2,Shifted-8 X²,importance_bound,True,0.5508074079241071,0.5096217553530421,21.0,12.806896003968895,0.6098521906651855,11.411502622067928,0.5434048867651394,0.5079111473723537,0.4024409834956709
tiny11,test_medium_code,5,0.35,shifted8_x2,Shifted-8 X²,error_oracle,True,0.5508074079241071,0.5096217553530421,21.0,12.689910011852147,0.6042814291358165,10.557521525770426,0.5027391202747822,0.5027391202747822,0.38579291801948046
tiny11,test_medium_code,5,0.35,adaptive8_x2,Adaptive-8 X²,importance_bound,True,0.5508074079241071,0.5096217553530421,21.0,13.118788497947634,0.6247042141879826,11.51589710265398,0.5483760525073323,0.4977289249322244,0.3929205560064935
tiny11,test_medium_code,5,0.35,adaptive8_x2,Adaptive-8 X²,error_oracle,True,0.5508074079241071,0.5096217553530421,21.0,12.747427998562337,0.6070203808839209,10.670497719198465,0.5081189390094507,0.5081189390094507,0.36432122564935066
tiny11,test_medium_code,6,0.4,paper,Paper |x|,importance_bound,True,0.4994340595744905,0.4665196556597948,21.0,18.34349200897807,0.8734996194751462,9.543806038796902,0.45446695422842387,0.41378257567772553,0.4726245434253247
tiny11,test_medium_code,6,0.4,paper,Paper |x|,error_oracle,True,0.4994340595744905,0.4665196556597948,21.0,16.83582050872564,0.8017057385107448,9.739170791581273,0.4637700376943463,0.4637700376943463,0.38919820413961037
tiny11,test_medium_code,6,0.4,cell1_x2,Cell-1 X²,importance_bound,True,0.4994340595744905,0.4665196556597948,21.0,11.867252504923343,0.5651072621392068,10.299607060849667,0.49045747908807935,0.4652257342601106,0.4595931412337662
tiny11,test_medium_code,6,0.4,cell1_x2,Cell-1 X²,error_oracle,True,0.4994340595744905,0.4665196556597948,21.0,11.621234002858817,0.5533920953742294,9.750401124358177,0.46430481544562746,0.46430481544562746,0.4334119656385281
tiny11,test_medium_code,6,0.4,shifted8_x2,Shifted-8 X²,importance_bound,True,0.4994340595744905,0.4665196556597948,21.0,13.747028004217388,0.654620381153209,10.456537954509258,0.49793037878615515,0.4726715012497845,0.45008328260281383
tiny11,test_medium_code,6,0.4,shifted8_x2,Shifted-8 X²,error_oracle,True,0.4994340595744905,0.4665196556597948,21.0,13.65721650307745,0.6503436430036881,9.658110847696662,0.45991004036650773,0.45991004036650773,0.4429450757575757
tiny11,test_medium_code,6,0.4,adaptive8_x2,Adaptive-8 X²,importance_bound,True,0.4994340595744905,0.4665196556597948,21.0,14.18652699759382,0.6755489046473248,10.389011062681675,0.4947148125086512,0.4615378669862236,0.44770106195887444
tiny11,test_medium_code,6,0.4,adaptive8_x2,Adaptive-8 X²,error_oracle,True,0.4994340595744905,0.4665196556597948,21.0,13.783146999256553,0.6563403332979311,9.614132884889841,0.457815851661421,0.457815851661421,0.4214733833874459
tiny11,test_medium_code,7,0.45,paper,Paper |x|,importance_bound,True,0.45526734987894696,0.4394336898057234,21.0,18.34349200897807,0.8734996194751462,9.543806038796902,0.45446695422842387,0.41378257567772553,0.4726245434253247
tiny11,test_medium_code,7,0.45,paper,Paper |x|,error_oracle,True,0.45526734987894696,0.4394336898057234,21.0,17.34833701029521,0.8261112862045339,9.210553916171193,0.4385978055319616,0.4385978055319616,0.41533287675865804
tiny11,test_medium_code,7,0.45,cell1_x2,Cell-1 X²,importance_bound,True,0.45526734987894696,0.4394336898057234,21.0,12.693037514885486,0.6044303578516897,9.541355900466442,0.45435028097459246,0.43326818100398495,0.5000739820075757
tiny11,test_medium_code,7,0.45,cell1_x2,Cell-1 X²,error_oracle,True,0.45526734987894696,0.4394336898057234,21.0,12.706839506302178,0.6050875955381989,8.942153887823224,0.4258168518011059,0.4258168518011059,0.49769176136363635
tiny11,test_medium_code,7,0.45,shifted8_x2,Shifted-8 X²,importance_bound,True,0.45526734987894696,0.4394336898057234,21.0,14.976937511976125,0.7131875005702917,9.380675934255123,0.4466988540121487,0.442806072045295,0.5120019954004329
tiny11,test_medium_code,7,0.45,shifted8_x2,Shifted-8 X²,error_oracle,True,0.45526734987894696,0.4394336898057234,21.0,14.313138999613702,0.6815780476006525,9.19434773735702,0.4378260827312867,0.4378260827312867,0.4738928064123376
tiny11,test_medium_code,7,0.45,adaptive8_x2,Adaptive-8 X²,importance_bound,True,0.45526734987894696,0.4394336898057234,21.0,15.745101500253918,0.7497667381073294,9.003881581127644,0.42875626576798304,0.4015993317145677,0.523919439935065
tiny11,test_medium_code,7,0.45,adaptive8_x2,Adaptive-8 X²,error_oracle,True,0.45526734987894696,0.4394336898057234,21.0,14.30761150465441,0.6813148335549719,9.215077314525843,0.4388132054536116,0.4388132054536116,0.44765455898268397
tiny11,test_medium_code,8,0.5,paper,Paper |x|,importance_bound,True,0.40535451968510944,0.3970345111475104,21.0,20.318978012189092,0.9675703815328139,8.38731599599123,0.3993959998091062,0.3781413729746072,0.5440573423971862
tiny11,test_medium_code,8,0.5,paper,Paper |x|,error_oracle,True,0.40535451968510944,0.3970345111475104,21.0,18.98476851260364,0.9040365958382686,8.243638398125768,0.3925542094345604,0.3925542094345604,0.4796464928300866
tiny11,test_medium_code,8,0.5,cell1_x2,Cell-1 X²,importance_bound,True,0.40535451968510944,0.3970345111475104,21.0,14.459840510385277,0.6885638338278703,8.41490439325571,0.4007097330121767,0.3835019465269787,0.5715194636093074
tiny11,test_medium_code,8,0.5,cell1_x2,Cell-1 X²,error_oracle,True,0.40535451968510944,0.3970345111475104,21.0,13.925083504385352,0.6630992144945406,8.201589124277234,0.3905518630608207,0.3905518630608207,0.5405675054112554
tiny11,test_medium_code,8,0.5,shifted8_x2,Shifted-8 X²,importance_bound,True,0.40535451968510944,0.3970345111475104,21.0,16.433651509034576,0.7825548337635512,8.505801819264889,0.4050381818697566,0.3864000307041265,0.5643812567640693
tiny11,test_medium_code,8,0.5,shifted8_x2,Shifted-8 X²,error_oracle,True,0.40535451968510944,0.3970345111475104,21.0,16.076295502614382,0.7655378810768754,8.125647539272904,0.38693559710823355,0.38693559710823355,0.5453446293290043
tiny11,test_medium_code,8,0.5,adaptive8_x2,Adaptive-8 X²,importance_bound,True,0.40535451968510944,0.3970345111475104,21.0,16.568520505398332,0.7889771669237301,8.4799899533391,0.4038090453971,0.3816063040423961,0.5619588744588745
tiny11,test_medium_code,8,0.5,adaptive8_x2,Adaptive-8 X²,error_oracle,True,0.40535451968510944,0.3970345111475104,21.0,15.62377450546646,0.7439892621650696,8.331830700859427,0.396753842898068,0.396753842898068,0.5096007508116882
tiny11,test_medium_code,9,0.55,paper,Paper |x|,importance_bound,True,0.3591364678882417,0.3599178136902906,21.0,22.280397016781983,1.0609712865134278,7.527261391282082,0.35844101863248007,0.336669110404771,0.5892836005140693
tiny11,test_medium_code,9,0.55,paper,Paper |x|,error_oracle,True,0.3591364678882417,0.3599178136902906,21.0,20.62061400954038,0.9819340004543038,7.480306448414922,0.3562050689721391,0.3562050689721391,0.5320828260281386
tiny11,test_medium_code,9,0.55,cell1_x2,Cell-1 X²,importance_bound,True,0.3591364678882417,0.3599178136902906,21.0,16.556723014279186,0.7884153816323421,7.536636538803577,0.3588874542287418,0.35360216819459483,0.6119728253517316
tiny11,test_medium_code,9,0.55,cell1_x2,Cell-1 X²,error_oracle,True,0.3591364678882417,0.3599178136902906,21.0,15.630368508469761,0.7443032623080839,7.457308242097497,0.355109916290357,0.355109916290357,0.5881675290854977
tiny11,test_medium_code,9,0.55,shifted8_x2,Shifted-8 X²,importance_bound,True,0.3591364678882417,0.3599178136902906,21.0,18.973363503161668,0.9034935001505556,7.506002672016621,0.35742869866745813,0.3416484912325229,0.6167816558441558
tiny11,test_medium_code,9,0.55,shifted8_x2,Shifted-8 X²,error_oracle,True,0.3591364678882417,0.3599178136902906,21.0,17.555250507683457,0.8359643098896884,7.552241301164031,0.35963053815066814,0.35963053815066814,0.5786597842261905
tiny11,test_medium_code,9,0.55,adaptive8_x2,Adaptive-8 X²,importance_bound,True,0.3591364678882417,0.3599178136902906,21.0,19.12528351014018,0.9107277861971513,7.38581719994545,0.3517055809497833,0.33715052530169487,0.6167266977813852
tiny11,test_medium_code,9,0.55,adaptive8_x2,Adaptive-8 X²,error_oracle,True,0.3591364678882417,0.3599178136902906,21.0,17.188230002779246,0.8184871429894879,7.544645680114627,0.35926884191022035,0.35926884191022035,0.5667296570616882
tiny11,test_medium_code,10,0.6,paper,Paper |x|,importance_bound,True,0.31575214578991845,0.3311238728374952,21.0,25.299034512883004,1.204715929184905,6.387375012040138,0.3041607148590542,0.29667773303974954,0.6440894717261905
tiny11,test_medium_code,10,0.6,paper,Paper |x|,error_oracle,True,0.31575214578991845,0.3311238728374952,21.0,22.113103009649514,1.0530049052214054,6.921007422730327,0.32957178203477744,0.32957178203477744,0.5653916396103897
tiny11,test_medium_code,10,0.6,cell1_x2,Cell-1 X²,importance_bound,True,0.31575214578991845,0.3311238728374952,21.0,20.184623010964454,0.9611725243316407,6.273663133382797,0.2987458634944189,0.30268547905697707,0.6738809692911255
tiny11,test_medium_code,10,0.6,cell1_x2,Cell-1 X²,error_oracle,True,0.31575214578991845,0.3311238728374952,21.0,19.4983505007841,0.928492880989719,6.279858166351914,0.2990408650643769,0.2990408650643769,0.6500799005681819
tiny11,test_medium_code,10,0.6,shifted8_x2,Shifted-8 X²,importance_bound,True,0.31575214578991845,0.3311238728374952,21.0,22.063808501772282,1.050657547703442,6.469311505556107,0.3080624526455289,0.3043296569958329,0.664362655573593
tiny11,test_medium_code,10,0.6,shifted8_x2,Shifted-8 X²,error_oracle,True,0.31575214578991845,0.3311238728374952,21.0,22.380700486421045,1.0657476422105259,6.155412811785936,0.2931148957993303,0.2931148957993303,0.6620311654491342
tiny11,test_medium_code,10,0.6,adaptive8_x2,Adaptive-8 X²,importance_bound,True,0.31575214578991845,0.3311238728374952,21.0,22.800350509059133,1.0857309766218635,6.117506667971611,0.29130984133198146,0.29677943924131495,0.6810487689393939
tiny11,test_medium_code,10,0.6,adaptive8_x2,Adaptive-8 X²,error_oracle,True,0.31575214578991845,0.3311238728374952,21.0,19.123719997822818,0.910653333229658,6.9006037171930075,0.3286001770091908,0.3286001770091908,0.6024671942640693
tiny11,test_medium_code,11,0.65,paper,Paper |x|,importance_bound,True,0.27354088567552115,0.30422114345821594,21.0,28.198050996145188,1.342764333149771,5.485361814498901,0.26120770545232863,0.2646847533372541,0.6869504193722944
tiny11,test_medium_code,11,0.65,paper,Paper |x|,error_oracle,True,0.27354088567552115,0.30422114345821594,21.0,25.76901400861638,1.2270959051722086,5.9139236328192055,0.28161541108662885,0.28161541108662885,0.6249746347402597
tiny11,test_medium_code,11,0.65,cell1_x2,Cell-1 X²,importance_bound,True,0.27354088567552115,0.30422114345821594,21.0,23.490161011968617,1.1185790958080293,5.186248958110809,0.24696423610051474,0.25961271540394854,0.7262686857413421
tiny11,test_medium_code,11,0.65,cell1_x2,Cell-1 X²,error_oracle,True,0.27354088567552115,0.30422114345821594,21.0,19.4983505007841,0.928492880989719,6.279858166351914,0.2990408650643769,0.2990408650643769,0.6500799005681819
tiny11,test_medium_code,11,0.65,shifted8_x2,Shifted-8 X²,importance_bound,True,0.27354088567552115,0.30422114345821594,21.0,28.586860992563782,1.3612790948839897,4.5089331567287445,0.21471110270136878,0.24030810084548734,0.7596028645833334
tiny11,test_medium_code,11,0.65,shifted8_x2,Shifted-8 X²,error_oracle,True,0.27354088567552115,0.30422114345821594,21.0,22.380700486421045,1.0657476422105259,6.155412811785936,0.2931148957993303,0.2931148957993303,0.6620311654491342
tiny11,test_medium_code,11,0.65,adaptive8_x2,Adaptive-8 X²,importance_bound,True,0.27354088567552115,0.30422114345821594,21.0,24.9638915079968,1.188756738476038,5.463756620883942,0.2601788867087591,0.27560866130737677,0.7119964995941559
tiny11,test_medium_code,11,0.65,adaptive8_x2,Adaptive-8 X²,error_oracle,True,0.27354088567552115,0.30422114345821594,21.0,22.196188485362292,1.0569613564458233,6.040773086249828,0.2876558612499918,0.2876558612499918,0.6548697071158008
tiny11,test_medium_code,12,0.7,paper,Paper |x|,importance_bound,True,0.23194123733611333,0.27410202539925066,21.0,32.02686698513705,1.525088904054145,4.43225833773613,0.21105992084457761,0.22871127363205665,0.7487993777056277
tiny11,test_medium_code,12,0.7,paper,Paper |x|,error_oracle,True,0.23194123733611333,0.27410202539925066,21.0,26.886536016669982,1.2803112388890467,5.6372381267137825,0.2684399107958944,0.2684399107958944,0.6416692031926406
tiny11,test_medium_code,12,0.7,cell1_x2,Cell-1 X²,importance_bound,True,0.23194123733611333,0.27410202539925066,21.0,25.956827519573213,1.2360394056939625,4.407133460044861,0.2098634980973743,0.23625686809065796,0.7643757609577922
tiny11,test_medium_code,12,0.7,cell1_x2,Cell-1 X²,error_oracle,True,0.23194123733611333,0.27410202539925066,21.0,23.76597849465257,1.1317132616501222,5.18100936152041,0.2467147315009719,0.2467147315009719,0.7119922720508658
tiny11,test_medium_code,12,0.7,shifted8_x2,Shifted-8 X²,importance_bound,True,0.23194123733611333,0.27410202539925066,21.0,28.586860992563782,1.3612790948839897,4.5089331567287445,0.21471110270136878,0.24030810084548734,0.7596028645833334
tiny11,test_medium_code,12,0.7,shifted8_x2,Shifted-8 X²,error_oracle,True,0.23194123733611333,0.27410202539925066,21.0,25.21729048785871,1.2008233565647004,5.443405408412218,0.25920978135296274,0.25920978135296274,0.704889999323593
tiny11,test_medium_code,12,0.7,adaptive8_x2,Adaptive-8 X²,importance_bound,True,0.23194123733611333,0.27410202539925066,21.0,27.347661001472833,1.3022695714987063,4.756321609020233,0.22649150519143968,0.24998220866767779,0.7501056885822511
tiny11,test_medium_code,12,0.7,adaptive8_x2,Adaptive-8 X²,error_oracle,True,0.23194123733611333,0.27410202539925066,21.0,27.336476997731808,1.3017369998919908,4.801011063158512,0.22861957443611963,0.22861957443611963,0.7263215300324676
tiny11,test_medium_code,13,0.75,paper,Paper |x|,importance_bound,True,0.1881204020409357,0.2384324792240347,21.0,34.77404497764343,1.655906903697306,3.719442456960678,0.177116307474318,0.19977376922698958,0.7845009807900432
tiny11,test_medium_code,13,0.75,paper,Paper |x|,error_oracle,True,0.1881204020409357,0.2384324792240347,21.0,30.732059509877082,1.463431405232242,4.799547013361007,0.22854985777909556,0.22854985777909556,0.694054805871212
tiny11,test_medium_code,13,0.75,cell1_x2,Cell-1 X²,importance_bound,True,0.1881204020409357,0.2384324792240347,21.0,28.792295019196153,1.3710616675807692,3.583948701620102,0.17066422388667152,0.19994874413879143,0.8048544879599566
tiny11,test_medium_code,13,0.75,cell1_x2,Cell-1 X²,error_oracle,True,0.1881204020409357,0.2384324792240347,21.0,25.075556501818838,1.1940741191342303,4.855688625946641,0.231223267902221,0.231223267902221,0.7334259165313852
tiny11,test_medium_code,13,0.75,shifted8_x2,Shifted-8 X²,importance_bound,True,0.1881204020409357,0.2384324792240347,21.0,31.274642491016746,1.4892686900484164,3.7278522849082947,0.17751677547182357,0.20748720411211252,0.7977120535714286
tiny11,test_medium_code,13,0.75,shifted8_x2,Shifted-8 X²,error_oracle,True,0.1881204020409357,0.2384324792240347,21.0,28.246777502505182,1.3450846429764372,4.72089271619916,0.22480441505710283,0.22480441505710283,0.7453475886093073
tiny11,test_medium_code,13,0.75,adaptive8_x2,Adaptive-8 X²,importance_bound,True,0.1881204020409357,0.2384324792240347,21.0,33.0671924974472,1.5746282141641526,3.152984082698822,0.15014209917613439,0.18647414085543934,0.8286936045725108
tiny11,test_medium_code,13,0.75,adaptive8_x2,Adaptive-8 X²,error_oracle,True,0.1881204020409357,0.2384324792240347,21.0,27.336476997731808,1.3017369998919908,4.801011063158512,0.22861957443611963,0.22861957443611963,0.7263215300324676
tiny11,test_medium_code,14,0.8,paper,Paper |x|,importance_bound,True,0.1493019490014939,0.20711059674310187,21.0,37.27684948174614,1.77508807055934,3.0889263451099396,0.14709173071952092,0.18107404233887792,0.8154635078463203
tiny11,test_medium_code,14,0.8,paper,Paper |x|,error_oracle,True,0.1493019490014939,0.20711059674310187,21.0,34.203901007549405,1.628757190835686,4.122252617496997,0.1962977436903332,0.1962977436903332,0.7369538014069263
tiny11,test_medium_code,14,0.8,cell1_x2,Cell-1 X²,importance_bound,True,0.1493019490014939,0.20711059674310187,21.0,31.87139601546901,1.5176855245461434,2.7611587941646576,0.13148375210307894,0.17810887284576893,0.8453353287337662
tiny11,test_medium_code,14,0.8,cell1_x2,Cell-1 X²,error_oracle,True,0.1493019490014939,0.20711059674310187,21.0,27.66450100786478,1.3173571908507038,4.2473998460918665,0.2022571355281841,0.2022571355281841,0.7715245366612554
tiny11,test_medium_code,14,0.8,shifted8_x2,Shifted-8 X²,importance_bound,True,0.1493019490014939,0.20711059674310187,21.0,34.207325991845366,1.6289202853259699,2.901068538427353,0.138146120877493,0.17811764727923132,0.8382034632034632
tiny11,test_medium_code,14,0.8,shifted8_x2,Shifted-8 X²,error_oracle,True,0.1493019490014939,0.20711059674310187,21.0,34.425505001363035,1.6393097619696684,3.3725770376622677,0.1605989065553461,0.1605989065553461,0.8310863940746752
tiny11,test_medium_code,14,0.8,adaptive8_x2,Adaptive-8 X²,importance_bound,True,0.1493019490014939,0.20711059674310187,21.0,36.10868749560315,1.7194613093144357,2.358697116374969,0.11231891030356995,0.1657322697851452,0.8691744453463203
tiny11,test_medium_code,14,0.8,adaptive8_x2,Adaptive-8 X²,error_oracle,True,0.1493019490014939,0.20711059674310187,21.0,34.62981100057322,1.6490386190749153,3.2986107170581818,0.15707670081229436,0.15707670081229436,0.8239481872294372
tiny11,test_medium_code,15,0.85,paper,Paper |x|,importance_bound,True,0.11186181931268603,0.17733249355417982,21.0,41.194810485482925,1.9616576421658536,2.1870715022087097,0.10414626200993855,0.14858721935057215,0.863093124323593
tiny11,test_medium_code,15,0.85,paper,Paper |x|,error_oracle,True,0.11186181931268603,0.17733249355417982,21.0,36.98103500538742,1.7610016669232105,3.608794678468257,0.1718473656413456,0.1718473656413456,0.7702964353354977
tiny11,test_medium_code,15,0.85,cell1_x2,Cell-1 X²,importance_bound,True,0.11186181931268603,0.17733249355417982,21.0,34.25138401706784,1.6310182865270402,2.141627222299576,0.10198224868093218,0.14950757411619026,0.8762830593885281
tiny11,test_medium_code,15,0.85,cell1_x2,Cell-1 X²,error_oracle,True,0.11186181931268603,0.17733249355417982,21.0,31.827333019279244,1.515587286632345,3.4060531398281455,0.16219300665848313,0.16219300665848313,0.8334432494588745
tiny11,test_medium_code,15,0.85,shifted8_x2,Shifted-8 X²,importance_bound,True,0.11186181931268603,0.17733249355417982,21.0,38.56345998872555,1.8363552375583594,1.7283681631088257,0.08230324586232503,0.13955455047211474,0.8977272727272727
tiny11,test_medium_code,15,0.85,shifted8_x2,Shifted-8 X²,error_oracle,True,0.11186181931268603,0.17733249355417982,21.0,34.425505001363035,1.6393097619696684,3.3725770376622677,0.1605989065553461,0.1605989065553461,0.8310863940746752
tiny11,test_medium_code,15,0.85,adaptive8_x2,Adaptive-8 X²,importance_bound,True,0.11186181931268603,0.17733249355417982,21.0,37.21711049830503,1.7722433570621443,2.0748320221900936,0.09880152486619494,0.15022163264941243,0.8834741105248918
tiny11,test_medium_code,15,0.85,adaptive8_x2,Adaptive-8 X²,error_oracle,True,0.11186181931268603,0.17733249355417982,21.0,34.62981100057322,1.6490386190749153,3.2986107170581818,0.15707670081229436,0.15707670081229436,0.8239481872294372
tiny11,test_medium_code,16,0.9,paper,Paper |x|,importance_bound,True,0.07170090505055017,0.13735601924625887,21.0,44.402438489628544,2.1144018328394543,1.4864571690559392,0.07078367471694949,0.12623750624646032,0.9012255647997834
tiny11,test_medium_code,16,0.9,paper,Paper |x|,error_oracle,True,0.07170090505055017,0.13735601924625887,21.0,43.640874488832175,2.0781368804205798,2.50511671276763,0.1192912720365538,0.1192912720365538,0.8654964826839825
tiny11,test_medium_code,16,0.9,cell1_x2,Cell-1 X²,importance_bound,True,0.07170090505055017,0.13735601924625887,21.0,37.08738151714938,1.7660657865309228,1.4397352933883667,0.06855882349468413,0.12887313012920673,0.9119973451028138
tiny11,test_medium_code,16,0.9,cell1_x2,Cell-1 X²,error_oracle,True,0.07170090505055017,0.13735601924625887,21.0,37.20144701494693,1.7714974769022347,2.5341934552416205,0.12067587882102955,0.12067587882102955,0.9048866172889609
tiny11,test_medium_code,16,0.9,shifted8_x2,Shifted-8 X²,importance_bound,True,0.07170090505055017,0.13735601924625887,21.0,39.64898348857486,1.8880468327892792,1.448792815208435,0.06899013405754453,0.12944622395471445,0.9120015726461038
tiny11,test_medium_code,16,0.9,shifted8_x2,Shifted-8 X²,error_oracle,True,0.07170090505055017,0.13735601924625887,21.0,39.10309850966346,1.8620523099839743,2.62267514783889,0.12488929275423286,0.12488929275423286,0.9024917140151514
tiny11,test_medium_code,16,0.9,adaptive8_x2,Adaptive-8 X²,importance_bound,True,0.07170090505055017,0.13735601924625887,21.0,40.51884099708052,1.9294686189085961,1.2769172787666316,0.06080558470317293,0.12215016244555865,0.9239549512987013
tiny11,test_medium_code,16,0.9,adaptive8_x2,Adaptive-8 X²,error_oracle,True,0.07170090505055017,0.13735601924625887,21.0,37.4169159876017,1.7817579041715095,2.8632113654166456,0.1363433983531736,0.1363433983531736,0.8668070211038961
tiny11,test_medium_code,17,0.95,paper,Paper |x|,importance_bound,True,0.03571343421936036,0.09501772708470176,21.0,48.673819489524966,2.3178009280726175,0.7499821186065675,0.03571343421936036,0.09501772708470176,0.9487621753246752
tiny11,test_medium_code,17,0.95,paper,Paper |x|,error_oracle,True,0.03571343421936036,0.09501772708470176,21.0,48.673819489524966,2.3178009280726175,1.995372268778737,0.09501772708470176,0.09501772708470176,0.9487621753246752
tiny11,test_medium_code,17,0.95,cell1_x2,Cell-1 X²,importance_bound,False,0.03571343421936036,0.09501772708470176,,,,,,,
tiny11,test_medium_code,17,0.95,cell1_x2,Cell-1 X²,error_oracle,False,0.03571343421936036,0.09501772708470176,,,,,,,
tiny11,test_medium_code,17,0.95,shifted8_x2,Shifted-8 X²,importance_bound,False,0.03571343421936036,0.09501772708470176,,,,,,,
tiny11,test_medium_code,17,0.95,shifted8_x2,Shifted-8 X²,error_oracle,False,0.03571343421936036,0.09501772708470176,,,,,,,
tiny11,test_medium_code,17,0.95,adaptive8_x2,Adaptive-8 X²,importance_bound,False,0.03571343421936036,0.09501772708470176,,,,,,,
tiny11,test_medium_code,17,0.95,adaptive8_x2,Adaptive-8 X²,error_oracle,False,0.03571343421936036,0.09501772708470176,,,,,,,
tiny11,test_short_korean,0,0.1,paper,Paper |x|,importance_bound,True,0.8188821400205294,0.7400620334914753,21.0,15.000474498773931,0.7143083094654253,16.688712552189827,0.7947005977233251,0.7224938106678781,0.12234087527056278
tiny11,test_short_korean,0,0.1,paper,Paper |x|,error_oracle,True,0.8188821400205294,0.7400620334914753,21.0,15.000474498773931,0.7143083094654253,15.17237002402544,0.7224938106678781,0.7224938106678781,0.12234087527056278
tiny11,test_short_korean,0,0.1,cell1_x2,Cell-1 X²,importance_bound,True,0.8188821400205294,0.7400620334914753,21.0,9.198409494570912,0.43801949974147203,17.178404606878757,0.8180192669942266,0.7669529333001092,0.13576966653138528
tiny11,test_short_korean,0,0.1,cell1_x2,Cell-1 X²,error_oracle,True,0.8188821400205294,0.7400620334914753,21.0,9.262039495769205,0.4410494997985336,15.421486973762512,0.7343565225601196,0.7343565225601196,0.14765117694805194
tiny11,test_short_korean,0,0.1,shifted8_x2,Shifted-8 X²,importance_bound,True,0.8188821400205294,0.7400620334914753,21.0,10.952152004283489,0.5215310478230233,16.730644926428795,0.7966973774489903,0.735151561597983,0.15481263528138528
tiny11,test_short_korean,0,0.1,shifted8_x2,Shifted-8 X²,error_oracle,True,0.8188821400205294,0.7400620334914753,21.0,10.952152004283489,0.5215310478230233,15.438182793557644,0.735151561597983,0.735151561597983,0.15481263528138528
tiny11,test_short_korean,0,0.1,adaptive8_x2,Adaptive-8 X²,importance_bound,True,0.8188821400205294,0.7400620334914753,21.0,11.081825999723792,0.5277059999868472,16.59543615579605,0.7902588645617167,0.7145105284594354,0.15719696969696967
tiny11,test_short_korean,0,0.1,adaptive8_x2,Adaptive-8 X²,error_oracle,True,0.8188821400205294,0.7400620334914753,21.0,11.081825999723792,0.5277059999868472,15.004721097648144,0.7145105284594354,0.7145105284594354,0.15719696969696967
tiny11,test_short_korean,1,0.15,paper,Paper |x|,importance_bound,True,0.7603812927291507,0.6912819519639015,21.0,15.043554496424616,0.7163597379249816,15.828443564474583,0.753735407832123,0.683459361749036,0.162891470508658
tiny11,test_short_korean,1,0.15,paper,Paper |x|,error_oracle,True,0.7603812927291507,0.6912819519639015,21.0,15.043554496424616,0.7163597379249816,14.352646596729755,0.683459361749036,0.683459361749036,0.162891470508658
tiny11,test_short_korean,1,0.15,cell1_x2,Cell-1 X²,importance_bound,True,0.7603812927291507,0.6912819519639015,21.0,9.432822494368198,0.44918202354134273,15.72786245495081,0.7489458311881337,0.6882921240869022,0.19527022456709955
tiny11,test_short_korean,1,0.15,cell1_x2,Cell-1 X²,error_oracle,True,0.7603812927291507,0.6912819519639015,21.0,9.432822494368198,0.44918202354134273,14.454134605824947,0.6882921240869022,0.6882921240869022,0.19527022456709955
tiny11,test_short_korean,1,0.15,shifted8_x2,Shifted-8 X²,importance_bound,True,0.7603812927291507,0.6912819519639015,21.0,11.173968002489447,0.5320937144042593,15.777773410081863,0.7513225433372316,0.6964591851546651,0.1976651278409091
tiny11,test_short_korean,1,0.15,shifted8_x2,Shifted-8 X²,error_oracle,True,0.7603812927291507,0.6912819519639015,21.0,11.310480503967762,0.5385943097127506,14.009844772517681,0.6671354653579848,0.6671354653579848,0.22863610998376624
tiny11,test_short_korean,1,0.15,adaptive8_x2,Adaptive-8 X²,importance_bound,True,0.7603812927291507,0.6912819519639015,21.0,11.46112449949473,0.5457678333092728,14.991940587759018,0.7139019327504295,0.6436516426148868,0.23578699945887444
tiny11,test_short_korean,1,0.15,adaptive8_x2,Adaptive-8 X²,error_oracle,True,0.7603812927291507,0.6912819519639015,21.0,11.25036249974209,0.5357315476067662,14.280974380671978,0.680046399079618,0.680046399079618,0.1929112554112554
tiny11,test_short_korean,2,0.2,paper,Paper |x|,importance_bound,True,0.703749784401485,0.6427580263643038,21.0,15.18574699762857,0.7231308094108843,14.712515003979206,0.7005959525704384,0.6473698686985743,0.21571885146103897
tiny11,test_short_korean,2,0.2,paper,Paper |x|,error_oracle,True,0.703749784401485,0.6427580263643038,21.0,15.27734599797088,0.7274926665700419,13.117865644395351,0.624660268780731,0.624660268780731,0.23190188717532467
tiny11,test_short_korean,2,0.2,cell1_x2,Cell-1 X²,importance_bound,True,0.703749784401485,0.6427580263643038,21.0,9.656103494381489,0.4598144521134042,14.466447032988071,0.6888784301422891,0.643628386869317,0.25477078260281383
tiny11,test_short_korean,2,0.2,cell1_x2,Cell-1 X²,error_oracle,True,0.703749784401485,0.6427580263643038,21.0,9.727216993813814,0.46320080922922924,13.055908925831318,0.6217099488491103,0.6217099488491103,0.27148860254329005
tiny11,test_short_korean,2,0.2,shifted8_x2,Shifted-8 X²,importance_bound,True,0.703749784401485,0.6427580263643038,21.0,11.556665502217054,0.5503174048674788,14.183532565832138,0.6754063126586732,0.6266144858229727,0.27625515760281383
tiny11,test_short_korean,2,0.2,shifted8_x2,Shifted-8 X²,error_oracle,True,0.703749784401485,0.6427580263643038,21.0,11.498812503590406,0.5475625001709717,13.326551385223866,0.6345976850106603,0.6345976850106603,0.26674529897186144
tiny11,test_short_korean,2,0.2,adaptive8_x2,Adaptive-8 X²,importance_bound,True,0.703749784401485,0.6427580263643038,21.0,11.654476499117372,0.5549750713865416,14.203406900167465,0.6763527095317841,0.6111138622675624,0.27389618844696967
tiny11,test_short_korean,2,0.2,adaptive8_x2,Adaptive-8 X²,error_oracle,True,0.703749784401485,0.6427580263643038,21.0,11.6626224987067,0.5553629761288905,12.796130754053593,0.6093395597168377,0.6093395597168377,0.27150128517316013
tiny11,test_short_korean,3,0.25,paper,Paper |x|,importance_bound,True,0.6495841855094546,0.5988282524049282,21.0,15.55550799914217,0.7407384761496272,12.984046496450901,0.6182879284024239,0.5847142670924464,0.30626014610389607
tiny11,test_short_korean,3,0.25,paper,Paper |x|,error_oracle,True,0.6495841855094546,0.5988282524049282,21.0,15.434766499916494,0.7349888809484044,12.406291887164116,0.5907758041506722,0.5907758041506722,0.2776608157467533
tiny11,test_short_korean,3,0.25,cell1_x2,Cell-1 X²,importance_bound,True,0.6495841855094546,0.5988282524049282,21.0,9.833680993214132,0.46827052348638726,13.535105936229229,0.6445288541061538,0.5998179249110676,0.30004142992424243
tiny11,test_short_korean,3,0.25,cell1_x2,Cell-1 X²,error_oracle,True,0.6495841855094546,0.5988282524049282,21.0,9.874833494151117,0.4702301663881484,12.395475633442402,0.5902607444496382,0.5902607444496382,0.3072028882575757
tiny11,test_short_korean,3,0.25,shifted8_x2,Shifted-8 X²,importance_bound,True,0.6495841855094546,0.5988282524049282,21.0,11.898726002496003,0.5666060001188573,12.86481387913227,0.6126101847205844,0.5699173068361623,0.3381506189123376
tiny11,test_short_korean,3,0.25,shifted8_x2,Shifted-8 X²,error_oracle,True,0.6495841855094546,0.5988282524049282,21.0,11.883452002754689,0.5658786667978424,12.013642009347677,0.572078190921318,0.572078190921318,0.3357789671266233
tiny11,test_short_korean,3,0.25,adaptive8_x2,Adaptive-8 X²,importance_bound,True,0.6495841855094546,0.5988282524049282,21.0,11.826115998837352,0.5631483808970168,13.520830988883972,0.6438490947087606,0.5849394269642376,0.3096104741612554
tiny11,test_short_korean,3,0.25,adaptive8_x2,Adaptive-8 X²,error_oracle,True,0.6495841855094546,0.5988282524049282,21.0,11.874099998746335,0.565433333273635,12.071434684097767,0.5748302230522746,0.5748302230522746,0.31198212594696967
tiny11,test_short_korean,4,0.3,paper,Paper |x|,importance_bound,True,0.5949554528508868,0.5424521415538731,21.0,15.733365496956825,0.7492078808074678,12.387845523655415,0.589897405888353,0.5508192325720475,0.3415559050324675
tiny11,test_short_korean,4,0.3,paper,Paper |x|,error_oracle,True,0.5949554528508868,0.5424521415538731,21.0,15.809817498987794,0.7528484523327521,11.127721853554249,0.5298915168359166,0.5298915168359166,0.3204435538419913
tiny11,test_short_korean,4,0.3,cell1_x2,Cell-1 X²,importance_bound,True,0.5949554528508868,0.5424521415538731,21.0,10.189949988855425,0.4852357137550202,12.486684687435627,0.5946040327350298,0.5600705334828013,0.3571935876623376
tiny11,test_short_korean,4,0.3,cell1_x2,Cell-1 X²,error_oracle,True,0.5949554528508868,0.5424521415538731,21.0,10.383467495078328,0.494450833098968,11.369141958653927,0.5413877123168537,0.5413877123168537,0.35245028409090906
tiny11,test_short_korean,4,0.3,shifted8_x2,Shifted-8 X²,importance_bound,True,0.5949554528508868,0.5424521415538731,21.0,12.105103499541343,0.5764334999781592,12.350803330540657,0.5881334919305075,0.5566073439660526,0.35958849093614714
tiny11,test_short_korean,4,0.3,shifted8_x2,Shifted-8 X²,error_oracle,True,0.5949554528508868,0.5424521415538731,21.0,12.355991500482915,0.5883805476420436,11.109474625438452,0.5290226012113548,0.5290226012113548,0.3667266977813852
tiny11,test_short_korean,4,0.3,adaptive8_x2,Adaptive-8 X²,importance_bound,True,0.5949554528508868,0.5424521415538731,21.0,12.139227494975984,0.5780584521417135,12.44530375301838,0.5926335120484942,0.5394512631353878,0.3548346185064935
tiny11,test_short_korean,4,0.3,adaptive8_x2,Adaptive-8 X²,error_oracle,True,0.5949554528508868,0.5424521415538731,21.0,12.124386499501288,0.5773517380714899,11.295490138232708,0.5378804827729861,0.5378804827729861,0.3453015083874459
tiny11,test_short_korean,5,0.35,paper,Paper |x|,importance_bound,True,0.5456492446717762,0.5052724085038617,21.0,16.601676500392973,0.7905560238282368,11.102274380624294,0.5286797324106807,0.4757872729262869,0.3941296333874459
tiny11,test_short_korean,5,0.35,paper,Paper |x|,error_oracle,True,0.5456492446717762,0.5052724085038617,21.0,16.055473003347398,0.7645463334927333,10.56956372410059,0.5033125582905043,0.5033125582905043,0.3395816423160173
tiny11,test_short_korean,5,0.35,cell1_x2,Cell-1 X²,importance_bound,True,0.5456492446717762,0.5052724085038617,21.0,10.885763491807285,0.5183696900860613,11.408561505377293,0.5432648335893949,0.5191821331779162,0.4000693317099567
tiny11,test_short_korean,5,0.35,cell1_x2,Cell-1 X²,error_oracle,True,0.5456492446717762,0.5052724085038617,21.0,11.103016495956544,0.5287150712360259,10.490794487297535,0.49956164225226357,0.49956164225226357,0.39530277665043284
tiny11,test_short_korean,5,0.35,shifted8_x2,Shifted-8 X²,importance_bound,True,0.5456492446717762,0.5052724085038617,21.0,12.898003501963197,0.6141906429506284,11.223464995622635,0.5344507140772683,0.5038991070219448,0.40720753855519476
tiny11,test_short_korean,5,0.35,shifted8_x2,Shifted-8 X²,error_oracle,True,0.5456492446717762,0.5052724085038617,21.0,12.76934750027257,0.6080641666796461,10.596622120589018,0.5046010533613818,0.5046010533613818,0.39053622159090906
tiny11,test_short_korean,5,0.35,adaptive8_x2,Adaptive-8 X²,importance_bound,True,0.5456492446717762,0.5052724085038617,21.0,12.803197992077946,0.6096760948608546,11.395882360637188,0.5426610647922471,0.4917067974096253,0.39529220779220775
tiny11,test_short_korean,5,0.35,adaptive8_x2,Adaptive-8 X²,error_oracle,True,0.5456492446717762,0.5052724085038617,21.0,12.496178494189916,0.5950561187709484,10.594786191359162,0.5045136281599601,0.5045136281599601,0.3738775872564935
tiny11,test_short_korean,6,0.4,paper,Paper |x|,importance_bound,True,0.4959270826407841,0.46782441357416765,21.0,17.34176049761188,0.825798118933899,10.282414309680462,0.48963877665145056,0.44733117324011845,0.4298439191017316
tiny11,test_short_korean,6,0.4,paper,Paper |x|,error_oracle,True,0.4959270826407841,0.46782441357416765,21.0,16.70498100116229,0.7954752857696329,9.773636409081519,0.46541125757531043,0.46541125757531043,0.39626877029220775
tiny11,test_short_korean,6,0.4,cell1_x2,Cell-1 X²,importance_bound,True,0.4959270826407841,0.46782441357416765,21.0,12.189052992983402,0.5804310949039715,10.044161505997181,0.4782934050474848,0.47305512712115333,0.4667313480790043
tiny11,test_short_korean,6,0.4,cell1_x2,Cell-1 X²,error_oracle,True,0.4959270826407841,0.46782441357416765,21.0,11.8349769948321,0.5635703330872429,9.789052359759808,0.46614535046475275,0.46614535046475275,0.43338871415043284
tiny11,test_short_korean,6,0.4,shifted8_x2,Shifted-8 X²,importance_bound,True,0.4959270826407841,0.46782441357416765,21.0,13.603532996801436,0.6477872855619731,10.398325964808464,0.4951583792765935,0.4758244948018165,0.4452702245670995
tiny11,test_short_korean,6,0.4,shifted8_x2,Shifted-8 X²,error_oracle,True,0.4959270826407841,0.46782441357416765,21.0,13.623062503187,0.6487172620565238,9.753842506557703,0.46446869078846204,0.46446869078846204,0.43576036593614714
tiny11,test_short_korean,6,0.4,adaptive8_x2,Adaptive-8 X²,importance_bound,True,0.4959270826407841,0.46782441357416765,21.0,13.72065749823141,0.6533646427729243,10.372534297406673,0.49393020463841303,0.4623534917121842,0.44293450689935066
tiny11,test_short_korean,6,0.4,adaptive8_x2,Adaptive-8 X²,error_oracle,True,0.4959270826407841,0.46782441357416765,21.0,13.236683495071171,0.6303182616700558,9.745846891775727,0.4640879472274156,0.4640879472274156,0.41670682832792205
tiny11,test_short_korean,7,0.45,paper,Paper |x|,importance_bound,True,0.45219188360940843,0.4469301266861813,21.0,18.267071004452347,0.8698605240215403,9.454606644809246,0.4502193640385355,0.42598056667373474,0.47267316017316013
tiny11,test_short_korean,7,0.45,paper,Paper |x|,error_oracle,True,0.45219188360940843,0.4469301266861813,21.0,17.368226000088153,0.8270583809565787,9.204089858569205,0.43828999326520024,0.43828999326520024,0.42719324945887444
tiny11,test_short_korean,7,0.45,cell1_x2,Cell-1 X²,importance_bound,True,0.45219188360940843,0.4469301266861813,21.0,12.94222449263394,0.61629640441114,9.419885464012623,0.4485659744767916,0.43503001687072573,0.5048637885551948
tiny11,test_short_korean,7,0.45,cell1_x2,Cell-1 X²,error_oracle,True,0.45219188360940843,0.4469301266861813,21.0,12.316788996406022,0.58651376173362,9.350982382893562,0.4452848753758839,0.4452848753758839,0.47384630343614714
tiny11,test_short_korean,7,0.45,shifted8_x2,Shifted-8 X²,importance_bound,True,0.45219188360940843,0.4469301266861813,21.0,14.96892900410664,0.7128061430526971,9.40739831328392,0.4479713482516153,0.4328795575669834,0.5048405370670995
tiny11,test_short_korean,7,0.45,shifted8_x2,Shifted-8 X²,error_oracle,True,0.45219188360940843,0.4469301266861813,21.0,14.401362999988256,0.6857791904756313,9.157990172505379,0.43609477011930375,0.43609477011930375,0.4762412067099567
tiny11,test_short_korean,7,0.45,adaptive8_x2,Adaptive-8 X²,importance_bound,True,0.45219188360940843,0.4469301266861813,21.0,15.038067504620077,0.7160984526009561,9.251736901700497,0.44055890008097603,0.41168036985965,0.5072248714826839
tiny11,test_short_korean,7,0.45,adaptive8_x2,Adaptive-8 X²,error_oracle,True,0.45219188360940843,0.4469301266861813,21.0,13.793541994223059,0.6568353330582409,9.320534700527787,0.44383498573941843,0.44383498573941843,0.44528290719696967
tiny11,test_short_korean,8,0.5,paper,Paper |x|,importance_bound,True,0.40297975426628474,0.4079646359951723,21.0,20.181144996054826,0.9610069045740394,8.42596947401762,0.40123664161988665,0.37521634612875504,0.5342917173971861
tiny11,test_short_korean,8,0.5,paper,Paper |x|,error_oracle,True,0.40297975426628474,0.4079646359951723,21.0,18.513594999598023,0.8815997618856202,8.47576787287835,0.4036079939465881,0.4036079939465881,0.47018736471861466
tiny11,test_short_korean,8,0.5,cell1_x2,Cell-1 X²,importance_bound,True,0.40297975426628474,0.4079646359951723,21.0,14.565128003398954,0.6935775239713787,8.43547647446394,0.4016893559268543,0.39177082141950015,0.5667592498647186
tiny11,test_short_korean,8,0.5,cell1_x2,Cell-1 X²,error_oracle,True,0.40297975426628474,0.4079646359951723,21.0,13.516378496737481,0.6436370712732133,8.500528067350388,0.4047870508262089,0.4047870508262089,0.5262910917207793
tiny11,test_short_korean,8,0.5,shifted8_x2,Shifted-8 X²,importance_bound,True,0.40297975426628474,0.4079646359951723,21.0,16.690702505209803,0.794795357390943,8.457809410989285,0.4027528290947278,0.3879051123790088,0.5691076501623377
tiny11,test_short_korean,8,0.5,shifted8_x2,Shifted-8 X²,error_oracle,True,0.40297975426628474,0.4079646359951723,21.0,15.481059999251425,0.7371933332976869,8.499240538105369,0.40472573990977945,0.40472573990977945,0.5215055127164502
tiny11,test_short_korean,8,0.5,adaptive8_x2,Adaptive-8 X²,importance_bound,True,0.40297975426628474,0.4079646359951723,21.0,16.95148950276643,0.8072137858460205,8.346481271088123,0.39745148909943445,0.378058720069627,0.5667655911796536
tiny11,test_short_korean,8,0.5,adaptive8_x2,Adaptive-8 X²,error_oracle,True,0.40297975426628474,0.4079646359951723,21.0,14.990592497314273,0.7138377379673463,8.564749114215374,0.40784519591501783,0.40784519591501783,0.495313768262987
tiny11,test_short_korean,9,0.55,paper,Paper |x|,importance_bound,True,0.3573143283526103,0.36966524658990757,21.0,23.563886995180667,1.122089856913365,7.096125945448875,0.3379107593070893,0.3335450503454056,0.6176969189664502
tiny11,test_short_korean,9,0.55,paper,Paper |x|,error_oracle,True,0.3573143283526103,0.36966524658990757,21.0,20.291649002943398,0.9662690001401618,7.697603862383403,0.3665525648754001,0.3665525648754001,0.5343382203733766
tiny11,test_short_korean,9,0.55,cell1_x2,Cell-1 X²,importance_bound,True,0.3573143283526103,0.36966524658990757,21.0,17.099757496520283,0.8142741665009658,7.355187073349953,0.35024700349285487,0.3440037353097328,0.6286589387175324
tiny11,test_short_korean,9,0.55,cell1_x2,Cell-1 X²,error_oracle,True,0.3573143283526103,0.36966524658990757,21.0,15.211033997371615,0.7243349522557911,7.762350622564554,0.36963574393164544,0.36963574393164544,0.5786745806277056
tiny11,test_short_korean,9,0.55,shifted8_x2,Shifted-8 X²,importance_bound,True,0.3573143283526103,0.36966524658990757,21.0,19.24547699950588,0.9164512856907562,7.376134656369686,0.3512445074461755,0.340916248348852,0.6214932528409091
tiny11,test_short_korean,9,0.55,shifted8_x2,Shifted-8 X²,error_oracle,True,0.3573143283526103,0.36966524658990757,21.0,17.392962504007162,0.8282363097146268,7.693309580907226,0.3663480752812965,0.3663480752812965,0.5762754498106061
tiny11,test_short_korean,9,0.55,adaptive8_x2,Adaptive-8 X²,importance_bound,True,0.3573143283526103,0.36966524658990757,21.0,19.107784011578442,0.9098944767418305,7.476327396929264,0.35601559032996494,0.3546379931004984,0.6072485457251082
tiny11,test_short_korean,9,0.55,adaptive8_x2,Adaptive-8 X²,error_oracle,True,0.3573143283526103,0.36966524658990757,21.0,16.867543000034928,0.8032163333349965,7.755335446447134,0.369301687926054,0.369301687926054,0.5596041328463203
tiny11,test_short_korean,10,0.6,paper,Paper |x|,importance_bound,True,0.31463287274042767,0.34131949536857153,21.0,25.105905498139506,1.1955193094352146,6.536646693944931,0.31126889018785386,0.31645621109332533,0.6510374391233766
tiny11,test_short_korean,10,0.6,paper,Paper |x|,error_oracle,True,0.31463287274042767,0.34131949536857153,21.0,22.627398496136788,1.0774951664827042,6.999065359705128,0.33328882665262516,0.33328882665262516,0.5819593817640693
tiny11,test_short_korean,10,0.6,cell1_x2,Cell-1 X²,importance_bound,True,0.31463287274042767,0.34131949536857153,21.0,22.06420148526293,1.0506762612029967,5.650634363293648,0.26907782682350706,0.28778919482248877,0.7096058238636364
tiny11,test_short_korean,10,0.6,cell1_x2,Cell-1 X²,error_oracle,True,0.31463287274042767,0.34131949536857153,21.0,18.753701990537824,0.8930334281208487,6.670405510812998,0.3176383576577618,0.3176383576577618,0.6405869521103896
tiny11,test_short_korean,10,0.6,shifted8_x2,Shifted-8 X²,importance_bound,True,0.31463287274042767,0.34131949536857153,21.0,21.73146950217122,1.0348318810557724,6.4845495745539665,0.3087880749787603,0.31940443960151504,0.664352086715368
tiny11,test_short_korean,10,0.6,shifted8_x2,Shifted-8 X²,error_oracle,True,0.31463287274042767,0.34131949536857153,21.0,21.524353992808162,1.0249692377527697,6.494340365752578,0.30925430313107516,0.30925430313107516,0.6500883556547619
tiny11,test_short_korean,10,0.6,adaptive8_x2,Adaptive-8 X²,importance_bound,True,0.31463287274042767,0.34131949536857153,21.0,21.694634506295444,1.0330778336331163,6.5500276908278465,0.31190608051561175,0.32277354336388053,0.6524473248106061
tiny11,test_short_korean,10,0.6,adaptive8_x2,Adaptive-8 X²,error_oracle,True,0.31463287274042767,0.34131949536857153,21.0,20.93859498628491,0.9970759517278529,6.6332209734246135,0.31586766540117206,0.31586766540117206,0.6286779626623377
tiny11,test_short_korean,11,0.65,paper,Paper |x|,importance_bound,True,0.27245333081200007,0.31070472730234977,21.0,28.126928999983072,1.3393775714277654,5.533226311206818,0.26348696720032466,0.28381072329024654,0.7010429349296537
tiny11,test_short_korean,11,0.65,paper,Paper |x|,error_oracle,True,0.27245333081200007,0.31070472730234977,21.0,29.276500515370248,1.394119072160488,5.350733583443798,0.25479683730684755,0.25479683730684755,0.6748342803030303
tiny11,test_short_korean,11,0.65,cell1_x2,Cell-1 X²,importance_bound,True,0.27245333081200007,0.31070472730234977,21.0,22.06420148526293,1.0506762612029967,5.650634363293648,0.26907782682350706,0.28778919482248877,0.7096058238636364
tiny11,test_short_korean,11,0.65,cell1_x2,Cell-1 X²,error_oracle,True,0.27245333081200007,0.31070472730234977,21.0,19.2912229929024,0.9186296663286858,6.519704524427652,0.3104621202108406,0.3104621202108406,0.6500735592532467
tiny11,test_short_korean,11,0.65,shifted8_x2,Shifted-8 X²,importance_bound,True,0.27245333081200007,0.31070472730234977,21.0,25.50016498741454,1.2142935708292637,5.250366687774658,0.2500174613226028,0.2735007693104091,0.7238991477272728
tiny11,test_short_korean,11,0.65,shifted8_x2,Shifted-8 X²,error_oracle,True,0.27245333081200007,0.31070472730234977,21.0,21.524353992808162,1.0249692377527697,6.494340365752578,0.30925430313107516,0.30925430313107516,0.6500883556547619
tiny11,test_short_korean,11,0.65,adaptive8_x2,Adaptive-8 X²,importance_bound,True,0.27245333081200007,0.31070472730234977,21.0,25.829400527373014,1.2299714536844293,5.260450012981892,0.25049761966580436,0.274212954078047,0.7191135687229437
tiny11,test_short_korean,11,0.65,adaptive8_x2,Adaptive-8 X²,error_oracle,True,0.27245333081200007,0.31070472730234977,21.0,23.879272989332197,1.1371082375872474,5.887915181927383,0.28037691342511345,0.28037691342511345,0.6715304552218615
tiny11,test_short_korean,12,0.7,paper,Paper |x|,importance_bound,True,0.23056008418401083,0.28166637704929426,21.0,32.22931750131148,1.534729404824356,4.373836576938629,0.20827793223517282,0.24614767222997866,0.7605751995400433
tiny11,test_short_korean,12,0.7,paper,Paper |x|,error_oracle,True,0.23056008418401083,0.28166637704929426,21.0,29.276500515370248,1.394119072160488,5.350733583443798,0.25479683730684755,0.25479683730684755,0.6748342803030303
tiny11,test_short_korean,12,0.7,cell1_x2,Cell-1 X²,importance_bound,True,0.23056008418401083,0.28166637704929426,21.0,25.34097698682821,1.2067131898489625,4.616099879145622,0.21981427995931535,0.2543296371586621,0.7596070921266234
tiny11,test_short_korean,12,0.7,cell1_x2,Cell-1 X²,error_oracle,True,0.23056008418401083,0.28166637704929426,21.0,22.48695849281365,1.0708075472768404,5.710462901741266,0.2719268048448222,0.2719268048448222,0.6977052895021645
tiny11,test_short_korean,12,0.7,shifted8_x2,Shifted-8 X²,importance_bound,True,0.23056008418401083,0.28166637704929426,21.0,27.99619248500627,1.3331520230955367,4.504567369818687,0.21450320808660417,0.2520528963123936,0.7644032399891775
tiny11,test_short_korean,12,0.7,shifted8_x2,Shifted-8 X²,error_oracle,True,0.23056008418401083,0.28166637704929426,21.0,24.46651849021351,1.1650723090577861,5.721022253856063,0.272429631136003,0.272429631136003,0.6929450757575758
tiny11,test_short_korean,12,0.7,adaptive8_x2,Adaptive-8 X²,importance_bound,True,0.23056008418401083,0.28166637704929426,21.0,27.66653952579958,1.3174542631333133,4.72557058930397,0.22502717091923669,0.26019181294499766,0.7500845508658008
tiny11,test_short_korean,12,0.7,adaptive8_x2,Adaptive-8 X²,error_oracle,True,0.23056008418401083,0.28166637704929426,21.0,23.879272989332197,1.1371082375872474,5.887915181927383,0.28037691342511345,0.28037691342511345,0.6715304552218615
tiny11,test_short_korean,13,0.75,paper,Paper |x|,importance_bound,True,0.1879379493849618,0.24668853647918218,21.0,34.237082005931136,1.630337238377673,3.831533908843994,0.1824539956592378,0.22611180363067737,0.7867563751352813
tiny11,test_short_korean,13,0.75,paper,Paper |x|,error_oracle,True,0.1879379493849618,0.24668853647918218,21.0,31.980089506056007,1.522861405050286,4.735370969050564,0.22549385566907448,0.22549385566907448,0.7081663453733766
tiny11,test_short_korean,13,0.75,cell1_x2,Cell-1 X²,importance_bound,True,0.1879379493849618,0.24668853647918218,21.0,32.035800000863375,1.5255142857553987,2.7100504338741307,0.1290500206606729,0.18562619186316928,0.8525158110119048
tiny11,test_short_korean,13,0.75,cell1_x2,Cell-1 X²,error_oracle,True,0.1879379493849618,0.24668853647918218,21.0,25.207750984835563,1.2003690945159793,5.067718587815762,0.24131993275313152,0.24131993275313152,0.73340266504329
tiny11,test_short_korean,13,0.75,shifted8_x2,Shifted-8 X²,importance_bound,True,0.1879379493849618,0.24668853647918218,21.0,30.06073898572665,1.4314637612250787,3.906468540430069,0.1860223114490509,0.22820931980164633,0.7929560673701298
tiny11,test_short_korean,13,0.75,shifted8_x2,Shifted-8 X²,error_oracle,True,0.1879379493849618,0.24668853647918218,21.0,27.066270495213146,1.2888700235815784,5.0665232595056295,0.24126301235741093,0.24126301235741093,0.7286593614718615
tiny11,test_short_korean,13,0.75,adaptive8_x2,Adaptive-8 X²,importance_bound,True,0.1879379493849618,0.24668853647918218,21.0,33.89321451784075,1.6139625960876547,3.0074347853660583,0.1432111802555266,0.19281149355118118,0.8358360389610391
tiny11,test_short_korean,13,0.75,adaptive8_x2,Adaptive-8 X²,error_oracle,True,0.1879379493849618,0.24668853647918218,21.0,27.618162993019702,1.315150618715224,4.979760426096618,0.23713144886174373,0.23713144886174373,0.723918171672078
tiny11,test_short_korean,14,0.8,paper,Paper |x|,importance_bound,True,0.14932005178360713,0.21631615480319374,21.0,37.00925650339699,1.762345547780809,3.112256646156311,0.1482026974360148,0.19780674353352787,0.8224812297077922
tiny11,test_short_korean,14,0.8,paper,Paper |x|,error_oracle,True,0.14932005178360713,0.21631615480319374,21.0,34.04739500753528,1.6213045241683466,4.297987019293942,0.20466604853780673,0.20466604853780673,0.7391605790043291
tiny11,test_short_korean,14,0.8,cell1_x2,Cell-1 X²,importance_bound,True,0.14932005178360713,0.21631615480319374,21.0,32.035800000863375,1.5255142857553987,2.7100504338741307,0.1290500206606729,0.18562619186316928,0.8525158110119048
tiny11,test_short_korean,14,0.8,cell1_x2,Cell-1 X²,error_oracle,True,0.14932005178360713,0.21631615480319374,21.0,30.200373976930738,1.4381130465205114,3.9411190412938595,0.1876723352997076,0.1876723352997076,0.8048544879599566
tiny11,test_short_korean,14,0.8,shifted8_x2,Shifted-8 X²,importance_bound,True,0.14932005178360713,0.21631615480319374,21.0,33.725392000285204,1.6059710476326288,2.89382466673851,0.13780117460659572,0.19287816493860668,0.8429594494047619
tiny11,test_short_korean,14,0.8,shifted8_x2,Shifted-8 X²,error_oracle,True,0.14932005178360713,0.21631615480319374,21.0,29.87671348572278,1.4227006421772752,4.422192206606269,0.2105805812669652,0.2105805812669652,0.7667495265151514
tiny11,test_short_korean,14,0.8,adaptive8_x2,Adaptive-8 X²,importance_bound,True,0.14932005178360713,0.21631615480319374,21.0,33.89321451784075,1.6139625960876547,3.0074347853660583,0.1432111802555266,0.19281149355118118,0.8358360389610391
tiny11,test_short_korean,14,0.8,adaptive8_x2,Adaptive-8 X²,error_oracle,True,0.14932005178360713,0.21631615480319374,21.0,29.768303496789517,1.4175382617518817,4.475643920712173,0.21312590098629394,0.21312590098629394,0.7524942505411255
tiny11,test_short_korean,15,0.85,paper,Paper |x|,importance_bound,True,0.11181704487119402,0.18472308210939875,21.0,40.43889599390656,1.9256617139955505,2.280213713645935,0.10858160541171119,0.1621789789281874,0.8653802252435066
tiny11,test_short_korean,15,0.85,paper,Paper |x|,error_oracle,True,0.11181704487119402,0.18472308210939875,21.0,39.96456799739188,1.9030746665424705,3.21483078377787,0.15308718017989856,0.15308718017989856,0.8082174986471862
tiny11,test_short_korean,15,0.85,cell1_x2,Cell-1 X²,importance_bound,True,0.11181704487119402,0.18472308210939875,21.0,33.66352600066549,1.6030250476507377,2.2690488100051884,0.1080499433335804,0.16916851710439437,0.8739431141774892
tiny11,test_short_korean,15,0.85,cell1_x2,Cell-1 X²,error_oracle,True,0.11181704487119402,0.18472308210939875,21.0,30.736355983316063,1.4636359992055268,3.828408684581518,0.18230517545626276,0.18230517545626276,0.8096252705627704
tiny11,test_short_korean,15,0.85,shifted8_x2,Shifted-8 X²,importance_bound,True,0.11181704487119402,0.18472308210939875,21.0,37.04672801597386,1.7641299055225648,2.021469831466675,0.09626046816507976,0.16185971266323965,0.8858309659090909
tiny11,test_short_korean,15,0.85,shifted8_x2,Shifted-8 X²,error_oracle,True,0.11181704487119402,0.18472308210939875,21.0,32.76720597336,1.5603431415885713,3.8330687265843153,0.18252708221830072,0.18252708221830072,0.8048587155032466
tiny11,test_short_korean,15,0.85,adaptive8_x2,Adaptive-8 X²,importance_bound,True,0.11181704487119402,0.18472308210939875,21.0,40.10995801243699,1.9099980005922377,1.3973190188407898,0.06653900089718047,0.13495774337622737,0.9167934929653679
tiny11,test_short_korean,15,0.85,adaptive8_x2,Adaptive-8 X²,error_oracle,True,0.11181704487119402,0.18472308210939875,21.0,32.995673506092615,1.5712225479091722,3.8306667683646083,0.18241270325545753,0.18241270325545753,0.7953467431006493
tiny11,test_short_korean,16,0.9,paper,Paper |x|,importance_bound,True,0.07202561412538805,0.14415999510258964,21.0,45.10509349989575,2.147861595233131,1.3110799193382268,0.06243237711134413,0.12717002193953486,0.917763714150433
tiny11,test_short_korean,16,0.9,paper,Paper |x|,error_oracle,True,0.07202561412538805,0.14415999510258964,21.0,41.59266851871855,1.9806032627961212,2.950450194650329,0.14049762831668233,0.14049762831668233,0.8296913047889609
tiny11,test_short_korean,16,0.9,cell1_x2,Cell-1 X²,importance_bound,True,0.07202561412538805,0.14415999510258964,21.0,36.91842098629988,1.758020046966661,1.4433919191360478,0.068732948530288,0.1379226191811973,0.9168019480519481
tiny11,test_short_korean,16,0.9,cell1_x2,Cell-1 X²,error_oracle,True,0.07202561412538805,0.14415999510258964,21.0,36.160698476821196,1.7219380227057712,2.821114715188741,0.1343387959613686,0.1343387959613686,0.8882110727813852
tiny11,test_short_korean,16,0.9,shifted8_x2,Shifted-8 X²,importance_bound,True,0.07202561412538805,0.14415999510258964,21.0,39.82243899980223,1.8963066190382014,1.3171250820159912,0.06272024200076148,0.12827154023883242,0.9215558204816018
tiny11,test_short_korean,16,0.9,shifted8_x2,Shifted-8 X²,error_oracle,True,0.07202561412538805,0.14415999510258964,21.0,37.224815959316075,1.772610283776956,2.9922537934035063,0.14248827587635743,0.14248827587635743,0.8667774283008657
tiny11,test_short_korean,16,0.9,adaptive8_x2,Adaptive-8 X²,importance_bound,True,0.07202561412538805,0.14415999510258964,21.0,40.10995801243699,1.9099980005922377,1.3973190188407898,0.06653900089718047,0.13495774337622737,0.9167934929653679
tiny11,test_short_korean,16,0.9,adaptive8_x2,Adaptive-8 X²,error_oracle,True,0.07202561412538805,0.14415999510258964,21.0,38.49462800688708,1.8330775241374802,2.849940947256982,0.1357114736789039,0.1357114736789039,0.8667774283008657
tiny11,test_short_korean,17,0.95,paper,Paper |x|,importance_bound,True,0.03503705774034773,0.09778364719490383,21.0,49.4098149842208,2.352848332581943,0.7357782125473024,0.03503705774034773,0.09778364719490386,0.9487621753246752
tiny11,test_short_korean,17,0.95,paper,Paper |x|,error_oracle,True,0.03503705774034773,0.09778364719490383,21.0,49.4098149842208,2.352848332581943,2.053456591092981,0.09778364719490386,0.09778364719490386,0.9487621753246752
tiny11,test_short_korean,17,0.95,cell1_x2,Cell-1 X²,importance_bound,False,0.03503705774034773,0.09778364719490383,,,,,,,
tiny11,test_short_korean,17,0.95,cell1_x2,Cell-1 X²,error_oracle,False,0.03503705774034773,0.09778364719490383,,,,,,,
tiny11,test_short_korean,17,0.95,shifted8_x2,Shifted-8 X²,importance_bound,False,0.03503705774034773,0.09778364719490383,,,,,,,
tiny11,test_short_korean,17,0.95,shifted8_x2,Shifted-8 X²,error_oracle,False,0.03503705774034773,0.09778364719490383,,,,,,,
tiny11,test_short_korean,17,0.95,adaptive8_x2,Adaptive-8 X²,importance_bound,False,0.03503705774034773,0.09778364719490383,,,,,,,
tiny11,test_short_korean,17,0.95,adaptive8_x2,Adaptive-8 X²,error_oracle,False,0.03503705774034773,0.09778364719490383,,,,,,,
